company_id,company_name,is_fraudulent,is_early_stage_fraud,true_fraud_state,pd_target,fraud_type,cibil_score,dscr,gst_discrepancy_pct,bank_divergence_pct,bounce_rate
company_00001,Ambika Power Private Limited,0,0,0,0.1993,None,694,1.1688,2.46,3.21,2.29
company_00002,Shivam Power Partnership Firm,0,0,0,0.3276,None,710,1.2896,2.65,5.62,2.25
company_00003,Sterling Power Partnership Firm,0,0,0,0.1104,None,796,1.8134,4.45,3.2,0.3
company_00004,Zenith Metals Private Limited,1,0,1,0.9616,seasonal_manipulation,678,0.9953,30.47,10.58,6.93
company_00005,Matrix Healthcare Partnership Firm,1,0,1,0.8665,revenue_inflation,697,1.2643,41.17,41.62,11.0
company_00006,Urja Solutions Partnership Firm,0,0,0,0.0486,None,789,1.5395,5.32,3.97,1.81
company_00007,Sterling Infotech LLP,0,0,0,0.1082,None,681,1.2857,4.8,5.04,3.1
company_00008,Karan Enterprises Partnership Firm,0,0,0,0.2827,None,779,0.9837,3.51,7.79,2.13
company_00009,Bhaskar Renewables Partnership Firm,0,0,0,0.3191,None,713,1.4542,7.56,6.06,2.99
company_00010,Arogya Retail Partnership Firm,0,0,0,0.109,None,753,1.4678,5.04,3.58,2.95
company_00011,Aditya Infrastructure LLP,0,0,0,0.0726,None,844,1.1068,2.79,4.04,2.16
company_00012,Karan Automotive LLP,0,0,0,0.0465,None,695,1.8364,11.23,3.79,3.05
company_00013,Ganesh Industries Private Limited,0,0,0,0.2495,None,753,1.3261,17.08,4.38,1.53
company_00014,Urja Builders Partnership Firm,0,0,0,0.2333,None,736,1.7215,10.43,3.86,2.44
company_00015,Vanguard Metals LLP,0,0,0,0.3014,None,754,1.6504,3.39,2.63,5.39
company_00016,Ambika Infrastructure LLP,0,0,0,0.1973,None,761,0.9781,3.86,3.91,4.29
company_00017,Vidya Energy Partnership Firm,0,0,0,0.2693,None,737,1.411,2.81,4.51,2.29
company_00018,Urja Metals Private Limited,0,0,0,0.036,None,727,2.1576,3.89,2.83,1.87
company_00019,Tejas Textiles Private Limited,0,0,0,0.2683,None,671,0.7877,3.44,2.93,2.18
company_00020,Hindustan Energy LLP,1,0,1,0.9393,circular_trading,610,1.0216,27.79,22.17,12.26
company_00021,Bhaskar Textiles Partnership Firm,0,0,0,0.2978,None,770,1.2527,3.01,3.65,1.46
company_00022,Bharat Logistics Private Limited,0,0,0,0.295,None,787,1.9282,3.13,2.73,3.27
company_00023,Arogya Energy Private Limited,0,0,0,0.2671,None,701,1.3122,5.17,2.46,2.9
company_00024,Vidya Industries Private Limited,0,0,0,0.1683,None,757,1.4724,2.98,3.58,1.1
company_00025,Navrachana Retail Partnership Firm,1,0,1,0.7315,shell_company,552,1.4809,36.89,20.64,6.08
company_00026,Arogya Industries LLP,1,0,1,0.967,circular_trading,610,0.272,39.65,30.91,8.13
company_00027,Urja Chemicals LLP,0,0,0,0.3459,None,732,0.9868,8.06,3.23,5.26
company_00028,Ambika Industries Private Limited,0,0,0,0.1884,None,808,1.644,5.19,6.42,1.65
company_00029,Infinity Renewables LLP,0,0,0,0.0947,None,761,0.8905,8.64,3.67,3.69
company_00030,Urja Foods Private Limited,0,0,0,0.0911,None,790,1.4405,5.36,2.98,3.43
company_00031,Urja Healthcare Private Limited,0,0,0,0.145,None,724,1.3119,1.6,4.59,2.25
company_00032,Zenith Enterprises Private Limited,0,1,1,0.532,revenue_inflation,780,0.885,4.34,3.71,1.31
company_00033,Ambika Power LLP,0,0,0,0.1473,None,785,1.2098,3.95,5.74,2.11
company_00034,Infinity Industries LLP,1,0,1,0.5687,revenue_inflation,634,0.8481,29.57,26.57,4.66
company_00035,Shivam Automotive LLP,0,0,0,0.1208,None,739,1.8566,2.63,2.91,1.41
company_00036,Tejas Logistics Private Limited,0,0,0,0.2679,None,731,1.3893,3.82,2.98,2.55
company_00037,Bharat Textiles LLP,0,0,0,0.32,None,727,1.2074,5.56,3.43,2.39
company_00038,Bhaskar Solutions LLP,0,0,0,0.0191,None,674,1.0939,3.7,3.48,2.83
company_00039,Radhe Chemicals LLP,0,0,0,0.0887,None,721,1.7963,7.59,3.52,2.93
company_00040,Aditya Automotive LLP,0,0,0,0.1247,None,766,1.9789,3.94,3.03,2.48
company_00041,Aditya Solutions Private Limited,0,0,0,0.222,None,668,1.2908,2.68,5.16,3.05
company_00042,Shivam Enterprises Private Limited,0,0,0,0.1182,None,778,1.4614,6.6,4.87,1.65
company_00043,Vidya Infotech Partnership Firm,0,0,0,0.1929,None,752,1.1531,4.46,3.15,1.08
company_00044,Apex Industries LLP,0,0,0,0.3411,None,775,1.5692,4.56,5.21,2.03
company_00045,Hindustan Enterprises Partnership Firm,0,0,0,0.1268,None,756,0.6333,1.93,1.78,2.18
company_00046,Shivam Power LLP,0,0,0,0.1241,None,830,1.1363,6.13,4.26,0.77
company_00047,Urja Infrastructure Private Limited,0,0,0,0.1427,None,657,1.0332,4.63,4.32,3.34
company_00048,Arogya Pharma Private Limited,1,0,1,0.8502,evergreening,656,0.5797,28.86,20.29,19.45
company_00049,Urja Pharma LLP,0,0,0,0.3442,None,813,1.8969,5.0,3.41,1.92
company_00050,Apex Textiles Partnership Firm,0,0,0,0.1128,None,746,1.196,4.97,3.31,1.68
company_00051,Bharat Logistics LLP,0,0,0,0.0247,None,758,1.4412,2.7,4.8,2.56
company_00052,Karan Foods Partnership Firm,0,0,0,0.0867,None,713,1.6196,10.31,5.32,4.3
company_00053,Matrix Enterprises Partnership Firm,0,0,0,0.0798,None,763,1.4023,5.79,3.88,2.14
company_00054,Navrachana Enterprises LLP,0,0,0,0.1692,None,784,1.0079,3.51,5.4,3.15
company_00055,Delta Solutions Private Limited,0,1,1,0.5511,circular_trading,726,1.3154,2.49,2.77,5.78
company_00056,Surya Automotive Private Limited,0,0,0,0.257,None,763,1.0547,2.41,2.95,1.65
company_00057,Tejas Retail Private Limited,0,0,0,0.3043,None,720,1.8917,7.42,4.64,3.05
company_00058,Kalyani Metals LLP,0,0,0,0.1911,None,760,1.4212,7.39,3.28,1.93
company_00059,Infinity Pharma LLP,0,0,0,0.1305,None,757,1.9712,2.41,5.51,2.06
company_00060,Karan Infotech Partnership Firm,0,0,0,0.1244,None,814,1.92,3.78,4.32,6.25
company_00061,Surya Pharma Private Limited,1,0,1,0.5095,benami_siphoning,672,1.5228,19.44,14.94,4.61
company_00062,Vidya Builders LLP,0,0,0,0.0798,None,742,1.4724,2.13,3.18,2.45
company_00063,Navrachana Metals LLP,0,0,0,0.3224,None,785,1.321,6.16,4.61,3.75
company_00064,Vanguard Chemicals Partnership Firm,1,0,1,0.9355,circular_trading,710,0.2198,45.53,25.77,7.38
company_00065,Vanguard Power LLP,0,0,0,0.0111,None,698,1.3121,4.07,7.0,1.9
company_00066,Bharat Foods Private Limited,0,0,0,0.2904,None,714,1.4966,1.77,2.75,3.17
company_00067,Karan Renewables Private Limited,0,0,0,0.1245,None,767,0.9059,4.88,3.66,1.2
company_00068,Sterling Enterprises Private Limited,0,0,0,0.1203,None,772,1.9442,2.34,5.32,1.29
company_00069,Bhaskar Renewables Private Limited,0,0,0,0.137,None,720,1.0748,4.26,3.97,2.28
company_00070,Shivam Infotech Partnership Firm,1,0,1,0.9026,benami_siphoning,663,1.4998,27.76,29.61,6.98
company_00071,Karan Metals Partnership Firm,0,0,0,0.1289,None,754,1.1809,4.25,3.58,2.33
company_00072,Matrix Chemicals Private Limited,0,0,0,0.2129,None,789,0.8172,2.83,2.6,0.79
company_00073,Apex Healthcare Partnership Firm,0,0,0,0.2408,None,777,1.5864,5.22,3.58,1.01
company_00074,Apex Logistics Private Limited,0,0,0,0.2135,None,801,1.0561,3.92,3.66,1.23
company_00075,Kalyani Metals Partnership Firm,0,0,0,0.0863,None,691,0.9164,5.35,4.46,2.9
company_00076,Matrix Power Private Limited,0,0,0,0.25,None,811,1.579,4.18,4.34,1.01
company_00077,Delta Chemicals LLP,0,0,0,0.1199,None,793,1.2793,3.31,2.88,2.75
company_00078,Delta Healthcare Partnership Firm,0,0,0,0.061,None,696,1.0422,6.95,4.41,2.32
company_00079,Bharat Infotech Partnership Firm,1,0,1,0.8928,benami_siphoning,662,1.0726,21.56,33.02,10.28
company_00080,Ganesh Enterprises Private Limited,0,0,0,0.0726,None,702,1.5989,5.08,5.08,2.21
company_00081,Matrix Retail Partnership Firm,0,0,0,0.2475,None,814,1.0836,8.98,5.08,1.99
company_00082,Radhe Energy Private Limited,0,0,0,0.2141,None,780,1.2119,3.21,5.13,2.22
company_00083,Zenith Renewables LLP,0,0,0,0.2005,None,766,0.9879,6.02,3.47,2.75
company_00084,Sterling Renewables Private Limited,0,0,0,0.0717,None,730,1.8879,4.45,4.45,3.28
company_00085,Vanguard Infrastructure Partnership Firm,0,0,0,0.0137,None,776,1.2748,3.49,3.62,1.28
company_00086,Vidya Textiles Private Limited,0,0,0,0.1923,None,716,2.1821,5.6,3.52,3.62
company_00087,Matrix Metals Partnership Firm,0,0,0,0.1198,None,715,1.3163,3.62,4.38,3.63
company_00088,Apex Builders Private Limited,0,0,0,0.0441,None,784,1.5444,3.21,4.49,2.94
company_00089,Matrix Builders Private Limited,1,0,1,0.9395,revenue_inflation,655,0.979,21.9,24.7,8.02
company_00090,Radhe Logistics Private Limited,0,0,0,0.3041,None,804,1.2934,2.96,3.36,2.0
company_00091,Hindustan Renewables LLP,0,1,1,0.747,evergreening,768,1.6477,3.54,3.42,2.14
company_00092,Sterling Builders Private Limited,0,0,0,0.0841,None,735,1.2584,4.51,4.16,2.73
company_00093,Navrachana Chemicals LLP,0,0,0,0.1855,None,731,1.0917,7.44,4.14,2.18
company_00094,Tejas Healthcare LLP,0,0,0,0.087,None,743,1.0921,3.8,6.81,0.92
company_00095,Surya Industries Partnership Firm,1,0,1,0.9798,shell_company,473,1.0141,50.7,56.62,7.73
company_00096,Bhaskar Infotech Private Limited,0,0,0,0.1605,None,762,1.4305,3.63,3.52,2.18
company_00097,Vidya Infotech Private Limited,0,0,0,0.2993,None,739,1.8842,4.63,3.53,2.8
company_00098,Vanguard Healthcare Partnership Firm,0,0,0,0.3171,None,763,1.1953,3.5,3.33,1.92
company_00099,Arogya Enterprises Private Limited,0,0,0,0.0486,None,767,1.7025,3.59,3.16,2.27
company_00100,Apex Automotive Private Limited,0,0,0,0.2184,None,751,2.058,3.97,3.17,4.21
company_00101,Navrachana Energy Partnership Firm,0,0,0,0.0869,None,729,1.5369,3.54,5.33,5.07
company_00102,Apex Textiles LLP,0,0,0,0.1775,None,812,1.6908,3.26,3.38,2.34
company_00103,Matrix Foods Private Limited,0,0,0,0.1337,None,770,1.0301,6.76,3.51,0.87
company_00104,Infinity Chemicals Private Limited,0,0,0,0.128,None,743,1.0734,1.66,2.89,5.89
company_00105,Surya Solutions Private Limited,0,0,0,0.1966,None,742,1.9007,11.25,4.26,3.38
company_00106,Infinity Solutions Partnership Firm,0,0,0,0.0559,None,687,1.9299,3.31,3.16,2.51
company_00107,Karan Renewables Partnership Firm,0,0,0,0.2738,None,808,1.6715,3.25,4.27,0.74
company_00108,Delta Builders Partnership Firm,0,0,0,0.0334,None,775,2.2687,4.12,3.09,2.8
company_00109,Surya Industries LLP,0,0,0,0.2227,None,726,1.1611,2.53,5.48,2.13
company_00110,Vanguard Metals Private Limited,1,0,1,0.9191,seasonal_manipulation,634,1.2471,30.5,11.17,10.94
company_00111,Apex Retail Private Limited,0,0,0,0.2128,None,728,1.4842,2.45,2.87,2.3
company_00112,Matrix Chemicals LLP,0,0,0,0.2719,None,781,1.9208,7.64,4.86,2.01
company_00113,Navrachana Healthcare LLP,0,0,0,0.2659,None,765,1.4002,4.72,3.58,2.13
company_00114,Karan Automotive Partnership Firm,0,0,0,0.2196,None,742,1.3219,2.35,3.97,1.28
company_00115,Vanguard Power Partnership Firm,0,0,0,0.3258,None,732,1.4859,2.51,6.48,2.46
company_00116,Vanguard Infrastructure Private Limited,0,0,0,0.1925,None,686,1.6641,4.14,3.42,1.92
company_00117,Delta Foods Private Limited,0,0,0,0.1383,None,749,1.3578,7.88,3.46,1.42
company_00118,Ambika Solutions LLP,0,0,0,0.0178,None,722,1.2598,2.28,4.06,2.27
company_00119,Zenith Infotech LLP,0,0,0,0.2884,None,784,1.3255,2.91,7.06,4.84
company_00120,Ambika Retail LLP,0,0,0,0.0873,None,815,1.5629,6.69,6.69,1.46
company_00121,Arogya Renewables Private Limited,0,0,0,0.0359,None,790,1.3566,4.45,5.51,3.07
company_00122,Ganesh Textiles LLP,0,0,0,0.1153,None,746,1.8739,7.42,4.88,4.66
company_00123,Bhaskar Builders Private Limited,0,0,0,0.3163,None,705,1.3307,6.54,2.95,1.89
company_00124,Sterling Power Private Limited,0,0,0,0.1325,None,722,1.2637,4.8,2.99,1.78
company_00125,Delta Renewables Private Limited,0,0,0,0.3314,None,784,1.5131,7.05,5.12,1.47
company_00126,Sterling Pharma Private Limited,0,0,0,0.3387,None,749,1.1166,3.54,4.38,2.7
company_00127,Ganesh Power Partnership Firm,0,0,0,0.0974,None,730,1.5278,4.06,4.44,2.16
company_00128,Arogya Textiles Private Limited,0,0,0,0.3318,None,803,1.5863,5.21,4.26,2.25
company_00129,Navrachana Solutions Private Limited,0,0,0,0.2708,None,791,1.1921,13.62,4.25,1.89
company_00130,Vanguard Chemicals LLP,0,0,0,0.1338,None,720,1.9658,4.68,3.34,2.22
company_00131,Tejas Builders Partnership Firm,0,0,0,0.1204,None,720,1.2223,3.52,2.89,3.05
company_00132,Urja Energy LLP,0,1,1,0.46,evergreening,711,1.9975,6.04,7.1,2.71
company_00133,Tejas Builders Private Limited,0,0,0,0.0784,None,773,1.0817,4.32,3.0,1.08
company_00134,Infinity Renewables Partnership Firm,0,0,0,0.3033,None,767,1.9666,6.99,3.91,2.33
company_00135,Vanguard Metals Partnership Firm,0,0,0,0.2758,None,727,1.3053,4.3,3.91,2.08
company_00136,Navrachana Textiles LLP,0,0,0,0.2583,None,695,1.0745,5.2,7.12,2.34
company_00137,Tejas Enterprises LLP,0,0,0,0.1589,None,778,1.7344,5.3,3.16,2.46
company_00138,Ganesh Industries LLP,0,0,0,0.0391,None,763,1.087,6.18,7.44,2.3
company_00139,Tejas Industries Private Limited,0,0,0,0.0329,None,725,1.4338,6.19,4.61,4.06
company_00140,Tejas Logistics LLP,0,0,0,0.0514,None,721,1.7893,7.19,5.18,2.23
company_00141,Surya Healthcare LLP,0,0,0,0.1101,None,739,1.2721,5.9,4.52,1.79
company_00142,Tejas Renewables Partnership Firm,0,0,0,0.3229,None,736,1.2718,5.45,6.93,1.55
company_00143,Surya Infrastructure Private Limited,0,0,0,0.3223,None,733,2.0752,3.74,3.28,2.13
company_00144,Vidya Logistics Partnership Firm,0,0,0,0.0906,None,745,1.8628,4.33,3.74,2.73
company_00145,Zenith Infotech Private Limited,0,0,0,0.0143,None,695,2.2464,1.45,3.07,3.96
company_00146,Ambika Infotech Private Limited,0,0,0,0.0668,None,793,1.7262,2.49,3.29,0.65
company_00147,Urja Metals LLP,0,0,0,0.3321,None,730,1.2888,4.19,4.17,2.05
company_00148,Apex Textiles Private Limited,1,0,1,0.8858,revenue_inflation,663,0.7316,37.31,46.01,7.14
company_00149,Karan Pharma LLP,0,0,0,0.2548,None,753,1.4627,4.5,3.49,0.64
company_00150,Bhaskar Logistics Partnership Firm,0,0,0,0.2781,None,693,1.3803,10.61,4.41,7.97
company_00151,Shivam Renewables Partnership Firm,0,0,0,0.2315,None,792,0.9382,4.19,3.29,5.63
company_00152,Bharat Renewables LLP,1,0,1,0.8608,circular_trading,731,1.4213,47.46,20.07,7.48
company_00153,Shivam Pharma LLP,0,0,0,0.3284,None,745,1.0683,5.31,4.36,2.69
company_00154,Arogya Foods LLP,1,0,1,0.5219,revenue_inflation,687,1.2634,39.0,32.11,4.49
company_00155,Bharat Foods Partnership Firm,0,0,0,0.2872,None,741,1.846,7.06,3.58,2.06
company_00156,Bharat Healthcare Partnership Firm,0,0,0,0.1419,None,740,1.2845,6.86,6.34,1.84
company_00157,Bhaskar Healthcare LLP,0,0,0,0.0732,None,697,1.4711,5.11,5.53,2.9
company_00158,Kalyani Healthcare Private Limited,0,0,0,0.0107,None,744,1.416,7.66,2.81,3.1
company_00159,Surya Renewables Private Limited,0,0,0,0.1464,None,778,1.4884,6.96,3.88,1.81
company_00160,Urja Builders Private Limited,1,0,1,0.5512,shell_company,594,1.0288,35.88,31.73,4.45
company_00161,Infinity Foods LLP,0,0,0,0.1028,None,730,1.1614,3.7,3.61,2.85
company_00162,Aditya Foods LLP,0,0,0,0.1664,None,771,1.0315,7.32,4.91,2.76
company_00163,Infinity Power LLP,0,0,0,0.0885,None,812,0.8323,5.35,4.85,0.44
company_00164,Tejas Energy LLP,0,0,0,0.0321,None,787,1.1584,3.7,4.03,1.81
company_00165,Hindustan Renewables Private Limited,0,0,0,0.2108,None,685,1.8731,5.9,5.54,3.97
company_00166,Navrachana Builders LLP,0,0,0,0.2021,None,725,1.5164,2.3,4.66,1.06
company_00167,Karan Healthcare Private Limited,0,0,0,0.0513,None,780,1.7033,2.72,3.84,2.95
company_00168,Bharat Textiles Partnership Firm,0,0,0,0.3322,None,715,2.2969,5.44,2.82,3.08
company_00169,Tejas Infotech Private Limited,0,0,0,0.1348,None,699,1.6764,3.74,5.92,2.83
company_00170,Radhe Textiles Partnership Firm,0,0,0,0.3177,None,731,1.2939,6.7,3.01,3.22
company_00171,Karan Builders LLP,0,0,0,0.0617,None,725,1.3432,3.82,3.9,2.66
company_00172,Bharat Industries LLP,0,0,0,0.1635,None,750,1.2837,2.98,6.05,1.13
company_00173,Kalyani Power Partnership Firm,0,0,0,0.2322,None,745,1.1506,4.44,3.46,1.9
company_00174,Sterling Infotech Partnership Firm,0,0,0,0.1777,None,768,1.2386,2.63,3.9,1.54
company_00175,Surya Renewables LLP,1,0,1,0.9358,seasonal_manipulation,628,1.4506,29.62,15.27,6.83
company_00176,Karan Power LLP,0,0,0,0.0375,None,728,1.3153,2.67,2.9,2.41
company_00177,Radhe Industries Private Limited,0,0,0,0.0951,None,804,1.7063,7.69,4.68,1.4
company_00178,Hindustan Foods Private Limited,1,0,1,0.5197,shell_company,546,0.6066,33.03,32.66,4.93
company_00179,Navrachana Infrastructure Partnership Firm,0,0,0,0.2672,None,782,1.18,3.0,4.43,2.26
company_00180,Navrachana Foods Private Limited,0,0,0,0.2111,None,781,1.5859,2.92,3.3,2.4
company_00181,Ganesh Retail Partnership Firm,0,0,0,0.0426,None,822,0.7694,3.06,3.18,1.07
company_00182,Ganesh Solutions Private Limited,0,0,0,0.3444,None,700,1.1005,2.75,3.75,1.9
company_00183,Ambika Retail Private Limited,0,0,0,0.1373,None,762,1.2995,7.77,4.06,1.52
company_00184,Karan Logistics Private Limited,0,1,1,0.575,shell_company,763,2.6467,6.45,3.08,1.94
company_00185,Infinity Logistics Private Limited,0,0,0,0.0826,None,767,0.66,3.23,3.15,1.05
company_00186,Radhe Infotech LLP,0,0,0,0.1261,None,762,1.4358,3.44,4.0,2.15
company_00187,Navrachana Power Private Limited,0,0,0,0.088,None,713,1.1256,5.32,4.15,1.75
company_00188,Tejas Automotive LLP,0,0,0,0.086,None,770,1.7019,4.0,7.95,1.64
company_00189,Apex Foods Partnership Firm,0,0,0,0.0429,None,744,1.3909,4.28,3.05,1.69
company_00190,Vanguard Energy Partnership Firm,0,0,0,0.2996,None,704,1.5547,6.38,3.45,2.78
company_00191,Ganesh Renewables LLP,0,0,0,0.0265,None,704,1.2544,7.49,4.23,4.93
company_00192,Ganesh Retail LLP,0,1,1,0.6438,benami_siphoning,734,1.7706,8.24,5.07,6.6
company_00193,Tejas Power Private Limited,0,0,0,0.1415,None,763,1.6802,3.71,2.97,1.06
company_00194,Karan Enterprises Private Limited,0,0,0,0.2605,None,753,1.1708,12.19,4.17,3.25
company_00195,Sterling Healthcare LLP,0,0,0,0.284,None,785,1.332,3.01,4.15,1.49
company_00196,Delta Logistics LLP,0,0,0,0.1544,None,689,1.081,3.28,3.59,2.71
company_00197,Apex Chemicals Private Limited,0,0,0,0.0913,None,744,1.3651,11.02,4.58,2.35
company_00198,Bhaskar Infrastructure LLP,1,0,1,0.5998,shell_company,508,1.4885,26.2,28.96,4.71
company_00199,Sterling Infotech Private Limited,0,0,0,0.1015,None,672,1.4266,4.85,3.19,5.18
company_00200,Surya Infrastructure LLP,0,0,0,0.118,None,756,2.8079,3.84,3.68,4.45
company_00201,Karan Textiles LLP,0,0,0,0.0128,None,764,1.5839,3.51,5.41,4.29
company_00202,Vanguard Retail Partnership Firm,0,0,0,0.2458,None,756,1.6146,3.39,8.48,3.07
company_00203,Bharat Enterprises Partnership Firm,0,0,0,0.0201,None,752,1.8974,3.09,2.43,1.68
company_00204,Zenith Automotive Private Limited,0,0,0,0.0558,None,707,1.7997,2.91,3.92,2.03
company_00205,Ganesh Energy LLP,0,0,0,0.2105,None,769,0.9828,3.24,5.59,2.91
company_00206,Vidya Foods Partnership Firm,0,0,0,0.1635,None,702,3.1557,8.27,3.45,2.66
company_00207,Kalyani Energy LLP,0,0,0,0.1202,None,749,1.3335,7.54,2.89,2.2
company_00208,Urja Builders LLP,0,0,0,0.162,None,829,1.6437,3.88,3.76,1.98
company_00209,Kalyani Healthcare Partnership Firm,0,1,1,0.4368,circular_trading,725,1.5421,4.94,3.65,2.64
company_00210,Bharat Solutions Partnership Firm,0,0,0,0.2367,None,804,1.7182,3.04,5.16,1.02
company_00211,Infinity Textiles Partnership Firm,0,0,0,0.2646,None,726,1.6698,5.29,4.44,4.84
company_00212,Navrachana Builders Private Limited,0,1,1,0.4975,revenue_inflation,763,2.0425,2.85,2.63,4.92
company_00213,Sterling Textiles Private Limited,0,0,0,0.2242,None,723,1.7417,3.76,3.44,2.93
company_00214,Surya Industries Private Limited,0,0,0,0.1227,None,709,1.6396,8.41,5.99,2.69
company_00215,Vanguard Renewables LLP,0,0,0,0.0477,None,776,1.764,2.43,2.69,3.79
company_00216,Hindustan Foods LLP,0,0,0,0.0734,None,721,1.5291,5.66,4.04,3.18
company_00217,Delta Metals LLP,0,0,0,0.2455,None,748,0.9888,2.14,3.87,2.24
company_00218,Navrachana Logistics Partnership Firm,0,0,0,0.2698,None,765,1.8147,4.0,5.47,2.05
company_00219,Navrachana Foods LLP,1,0,1,0.8142,shell_company,516,0.9932,38.7,20.35,5.41
company_00220,Radhe Power LLP,0,0,0,0.0201,None,682,2.7135,3.04,6.75,3.01
company_00221,Vidya Chemicals Private Limited,0,0,0,0.1977,None,786,1.7724,3.88,3.96,1.49
company_00222,Ambika Textiles Private Limited,0,0,0,0.1458,None,780,1.373,3.27,4.95,1.3
company_00223,Ganesh Pharma LLP,0,0,0,0.0579,None,687,1.5425,5.03,2.75,3.26
company_00224,Hindustan Industries LLP,0,0,0,0.2857,None,765,1.4901,7.56,4.39,2.67
company_00225,Infinity Enterprises Private Limited,0,0,0,0.3266,None,683,2.4109,2.32,2.65,3.81
company_00226,Apex Solutions LLP,0,0,0,0.0251,None,702,1.117,3.81,3.5,2.15
company_00227,Radhe Chemicals Private Limited,0,0,0,0.0526,None,674,1.0162,5.23,5.39,2.59
company_00228,Karan Retail LLP,0,0,0,0.1449,None,787,1.5862,6.09,4.13,0.54
company_00229,Bhaskar Infotech LLP,0,0,0,0.2866,None,763,1.3259,4.55,2.54,1.68
company_00230,Arogya Infrastructure Private Limited,1,0,1,0.959,revenue_inflation,733,0.9747,31.71,26.12,5.72
company_00231,Hindustan Infrastructure Partnership Firm,0,0,0,0.2475,None,707,1.4501,4.91,3.32,1.57
company_00232,Tejas Solutions LLP,0,0,0,0.3455,None,725,1.2122,5.96,3.4,3.49
company_00233,Urja Energy Private Limited,1,0,1,0.8971,revenue_inflation,724,1.0903,47.9,24.66,5.86
company_00234,Vidya Enterprises LLP,0,0,0,0.3428,None,714,1.2068,4.04,6.89,2.58
company_00235,Delta Healthcare Private Limited,1,0,1,0.9135,shell_company,458,0.1,55.86,27.8,9.08
company_00236,Arogya Chemicals Partnership Firm,0,0,0,0.3489,None,754,2.2159,3.88,4.39,2.81
company_00237,Zenith Automotive Partnership Firm,0,0,0,0.0749,None,727,1.3,3.29,3.49,2.87
company_00238,Matrix Healthcare Private Limited,0,0,0,0.3067,None,714,1.8504,15.95,5.07,2.22
company_00239,Vidya Healthcare Private Limited,0,0,0,0.3388,None,689,1.1021,8.69,2.97,2.55
company_00240,Infinity Retail Private Limited,0,0,0,0.2433,None,765,1.5782,3.49,3.77,3.31
company_00241,Arogya Infotech LLP,0,0,0,0.1688,None,785,1.6139,4.13,4.69,0.67
company_00242,Radhe Energy LLP,0,0,0,0.0218,None,773,1.4684,7.35,3.8,1.59
company_00243,Surya Chemicals Private Limited,0,0,0,0.0776,None,746,1.6394,4.44,5.2,1.74
company_00244,Kalyani Pharma Private Limited,0,0,0,0.1831,None,730,1.6137,7.34,3.29,2.24
company_00245,Aditya Healthcare LLP,0,0,0,0.201,None,677,1.6711,5.14,3.62,5.84
company_00246,Surya Automotive Partnership Firm,0,0,0,0.1798,None,710,1.5972,2.11,3.25,1.69
company_00247,Shivam Energy Partnership Firm,0,1,1,0.6155,shell_company,669,1.9071,5.67,3.42,2.21
company_00248,Navrachana Metals Private Limited,1,0,1,0.8906,evergreening,699,0.794,18.63,19.6,14.75
company_00249,Kalyani Logistics LLP,0,0,0,0.3303,None,698,1.2128,4.15,4.23,2.36
company_00250,Tejas Enterprises Private Limited,0,0,0,0.2933,None,766,1.6908,3.2,4.86,1.93
company_00251,Aditya Pharma Private Limited,0,0,0,0.0659,None,773,2.6251,4.12,4.02,1.55
company_00252,Radhe Textiles Private Limited,0,0,0,0.224,None,802,1.1335,3.91,8.43,1.23
company_00253,Shivam Chemicals Partnership Firm,0,0,0,0.0709,None,803,1.2474,6.33,4.77,1.51
company_00254,Tejas Metals LLP,0,0,0,0.3346,None,702,1.2647,6.74,3.75,1.49
company_00255,Ambika Automotive LLP,0,1,1,0.6539,benami_siphoning,783,1.7614,4.12,3.98,2.33
company_00256,Ganesh Textiles Partnership Firm,0,0,0,0.242,None,720,1.5394,4.15,4.33,1.88
company_00257,Aditya Metals LLP,0,0,0,0.1961,None,782,1.5307,10.54,3.0,1.93
company_00258,Arogya Retail Private Limited,0,0,0,0.3225,None,831,1.5066,5.7,5.27,0.8
company_00259,Bhaskar Textiles LLP,0,0,0,0.298,None,742,1.4568,6.53,3.73,2.29
company_00260,Apex Infrastructure Partnership Firm,0,0,0,0.251,None,751,0.9296,4.22,4.89,2.44
company_00261,Kalyani Power LLP,0,0,0,0.3402,None,767,2.0039,4.36,7.85,4.14
company_00262,Urja Chemicals Partnership Firm,0,0,0,0.1631,None,759,1.1844,3.34,5.29,1.63
company_00263,Shivam Enterprises LLP,0,0,0,0.3026,None,724,1.375,2.92,3.18,2.24
company_00264,Bharat Builders Partnership Firm,0,0,0,0.2086,None,816,1.4729,3.74,2.96,2.89
company_00265,Kalyani Automotive Partnership Firm,0,0,0,0.0491,None,789,1.0251,6.81,3.0,1.47
company_00266,Zenith Infrastructure Private Limited,1,0,1,0.898,shell_company,545,1.3584,51.9,54.3,8.65
company_00267,Shivam Foods LLP,0,0,0,0.231,None,688,1.3642,10.85,3.48,3.64
company_00268,Kalyani Textiles LLP,1,0,1,0.6534,benami_siphoning,662,1.5165,10.55,24.8,11.0
company_00269,Navrachana Healthcare Partnership Firm,0,0,0,0.0417,None,726,1.4501,6.16,2.79,3.49
company_00270,Matrix Enterprises Private Limited,0,0,0,0.0118,None,697,1.251,5.32,7.52,8.57
company_00271,Kalyani Enterprises Private Limited,0,0,0,0.0463,None,728,1.371,7.58,7.99,1.31
company_00272,Zenith Chemicals Private Limited,0,0,0,0.2767,None,741,1.3858,1.89,2.6,1.51
company_00273,Apex Enterprises Partnership Firm,0,0,0,0.2555,None,759,1.2242,7.37,4.76,1.6
company_00274,Arogya Power LLP,0,0,0,0.3398,None,742,1.5527,1.87,3.01,2.45
company_00275,Tejas Industries LLP,0,0,0,0.1882,None,759,1.6506,4.94,3.85,5.96
company_00276,Surya Healthcare Private Limited,0,0,0,0.0827,None,741,1.1594,5.2,4.13,1.98
company_00277,Ambika Retail Partnership Firm,0,0,0,0.2788,None,735,1.4172,4.96,5.23,1.89
company_00278,Apex Enterprises LLP,0,0,0,0.0675,None,785,2.1473,13.03,5.08,1.32
company_00279,Bharat Metals LLP,0,0,0,0.1875,None,775,1.7653,4.23,6.8,1.41
company_00280,Apex Energy Partnership Firm,0,0,0,0.3079,None,762,1.378,3.41,5.89,3.16
company_00281,Navrachana Textiles Partnership Firm,0,0,0,0.0652,None,759,1.5274,4.34,3.85,3.27
company_00282,Shivam Builders Partnership Firm,0,0,0,0.1078,None,778,1.4167,2.6,4.82,2.37
company_00283,Matrix Pharma Partnership Firm,1,0,1,0.9318,revenue_inflation,636,1.084,30.63,35.14,8.81
company_00284,Delta Industries LLP,0,0,0,0.1242,None,782,1.6673,2.52,3.72,2.93
company_00285,Karan Builders Private Limited,1,0,1,0.9731,circular_trading,658,0.8623,34.12,32.56,11.18
company_00286,Karan Power Partnership Firm,0,0,0,0.1997,None,708,1.5245,2.59,2.97,2.96
company_00287,Zenith Chemicals LLP,0,0,0,0.0118,None,690,1.3835,4.96,3.19,4.77
company_00288,Radhe Solutions LLP,0,0,0,0.3145,None,711,1.5324,4.46,4.91,4.39
company_00289,Surya Power Partnership Firm,0,0,0,0.2886,None,820,1.0679,4.25,6.12,1.53
company_00290,Vidya Metals Private Limited,0,0,0,0.2471,None,741,1.8564,3.98,3.92,2.42
company_00291,Kalyani Solutions Partnership Firm,0,0,0,0.2621,None,780,1.3926,6.07,4.92,4.38
company_00292,Surya Retail Private Limited,0,0,0,0.165,None,760,0.921,1.95,3.5,2.13
company_00293,Hindustan Industries Partnership Firm,0,0,0,0.2332,None,804,1.7059,3.1,3.05,0.49
company_00294,Urja Logistics Partnership Firm,0,0,0,0.2823,None,706,2.0071,3.87,3.62,4.14
company_00295,Shivam Infrastructure Partnership Firm,0,0,0,0.1355,None,785,1.0805,5.26,4.74,0.35
company_00296,Delta Energy Partnership Firm,0,0,0,0.0843,None,717,1.2282,2.37,2.22,1.85
company_00297,Navrachana Foods Partnership Firm,0,0,0,0.2417,None,723,1.9574,6.4,7.81,4.31
company_00298,Sterling Chemicals LLP,0,0,0,0.1079,None,753,1.565,5.92,3.63,1.58
company_00299,Navrachana Renewables Partnership Firm,0,0,0,0.3348,None,724,1.6153,1.9,2.74,2.05
company_00300,Navrachana Power LLP,0,0,0,0.2843,None,719,1.5201,3.59,3.75,1.57
company_00301,Arogya Builders Partnership Firm,0,0,0,0.2334,None,689,1.8762,4.15,3.89,2.85
company_00302,Ganesh Metals LLP,0,0,0,0.0589,None,734,1.9862,6.47,3.74,2.23
company_00303,Kalyani Builders Partnership Firm,0,0,0,0.0641,None,761,1.3807,3.17,5.01,0.72
company_00304,Ambika Energy LLP,0,0,0,0.0578,None,742,1.3697,4.52,2.75,1.45
company_00305,Arogya Enterprises Partnership Firm,0,0,0,0.0142,None,680,1.6206,3.56,3.29,2.75
company_00306,Apex Solutions Private Limited,0,0,0,0.3438,None,744,1.2946,4.49,3.55,2.67
company_00307,Zenith Infrastructure Partnership Firm,0,0,0,0.038,None,764,1.5979,3.52,3.92,2.0
company_00308,Vidya Energy Private Limited,1,0,1,0.6066,benami_siphoning,671,0.9996,8.87,31.22,4.23
company_00309,Ambika Infrastructure Partnership Firm,0,0,0,0.0498,None,793,1.9579,3.04,3.88,1.42
company_00310,Bharat Retail Partnership Firm,1,0,1,0.9207,benami_siphoning,653,0.2381,22.67,29.57,7.52
company_00311,Aditya Enterprises Private Limited,1,0,1,0.6465,circular_trading,704,1.1004,20.19,15.08,5.15
company_00312,Delta Power Partnership Firm,0,0,0,0.187,None,712,1.7427,2.72,3.49,1.95
company_00313,Aditya Solutions Partnership Firm,0,0,0,0.1062,None,735,1.1191,3.53,3.28,2.02
company_00314,Navrachana Pharma Private Limited,0,0,0,0.2554,None,806,1.5415,9.96,7.48,1.3
company_00315,Ganesh Renewables Private Limited,0,0,0,0.2572,None,725,1.5018,6.82,4.55,2.1
company_00316,Arogya Pharma Partnership Firm,0,0,0,0.2262,None,719,1.1431,8.25,3.91,2.4
company_00317,Bhaskar Solutions Private Limited,0,0,0,0.1926,None,760,1.5903,6.91,4.14,1.34
company_00318,Apex Foods Private Limited,0,0,0,0.0684,None,804,1.1922,4.39,8.19,1.49
company_00319,Surya Chemicals LLP,0,0,0,0.212,None,714,0.6716,5.35,5.04,4.01
company_00320,Ambika Metals LLP,0,0,0,0.3225,None,711,1.2495,6.17,2.64,2.98
company_00321,Zenith Energy Partnership Firm,0,0,0,0.2339,None,797,1.2551,3.02,3.67,1.94
company_00322,Zenith Metals Partnership Firm,0,0,0,0.213,None,733,1.0803,5.68,4.13,3.33
company_00323,Shivam Infotech LLP,0,1,1,0.4343,circular_trading,719,1.5413,2.7,5.55,4.48
company_00324,Infinity Automotive Private Limited,0,0,0,0.1774,None,729,1.4434,4.83,3.14,1.87
company_00325,Hindustan Automotive LLP,0,0,0,0.1552,None,775,1.2767,2.07,3.97,5.4
company_00326,Arogya Power Private Limited,0,0,0,0.2489,None,679,1.1273,8.89,4.17,2.69
company_00327,Aditya Industries Partnership Firm,0,0,0,0.2554,None,731,1.5612,3.02,3.35,5.81
company_00328,Navrachana Builders Partnership Firm,0,1,1,0.5498,circular_trading,733,2.183,4.84,3.76,1.2
company_00329,Apex Power LLP,0,0,0,0.3448,None,785,1.5746,5.6,3.07,3.99
company_00330,Vanguard Pharma LLP,0,0,0,0.0281,None,703,1.4949,4.36,8.46,2.8
company_00331,Tejas Textiles Partnership Firm,0,0,0,0.2264,None,725,1.7641,3.02,5.13,1.46
company_00332,Aditya Pharma LLP,0,0,0,0.0958,None,726,1.35,4.83,8.51,3.65
company_00333,Ambika Foods Private Limited,1,0,1,0.8951,circular_trading,676,1.1773,28.0,52.64,13.34
company_00334,Surya Logistics Private Limited,1,0,1,0.7058,shell_company,488,1.5615,30.64,27.92,4.4
company_00335,Arogya Metals Partnership Firm,0,0,0,0.2174,None,737,1.3331,4.74,4.65,1.4
company_00336,Sterling Enterprises Partnership Firm,0,0,0,0.1582,None,748,1.5112,2.71,3.74,2.58
company_00337,Shivam Chemicals LLP,0,0,0,0.3256,None,741,1.8589,4.24,4.95,2.06
company_00338,Infinity Metals Partnership Firm,0,0,0,0.2714,None,838,1.0653,3.78,3.35,0.7
company_00339,Arogya Renewables LLP,1,0,1,0.9052,benami_siphoning,606,1.6032,16.74,48.94,7.89
company_00340,Urja Energy Partnership Firm,0,0,0,0.2903,None,747,1.4974,8.33,2.82,0.53
company_00341,Apex Builders Partnership Firm,0,0,0,0.2567,None,764,1.1728,4.88,5.04,3.24
company_00342,Aditya Builders LLP,0,0,0,0.3447,None,772,1.7381,3.51,3.73,1.85
company_00343,Urja Healthcare LLP,0,0,0,0.1199,None,739,1.4083,8.03,5.66,2.13
company_00344,Delta Textiles Partnership Firm,0,0,0,0.2983,None,779,1.3642,3.82,3.65,0.85
company_00345,Sterling Pharma LLP,0,0,0,0.1723,None,784,1.6501,5.35,3.61,1.62
company_00346,Infinity Automotive LLP,1,0,1,0.8837,revenue_inflation,675,1.1924,38.65,34.83,6.62
company_00347,Sterling Automotive Partnership Firm,0,0,0,0.1179,None,809,2.6446,6.63,4.25,0.99
company_00348,Urja Foods LLP,0,0,0,0.0104,None,760,0.9293,5.67,4.81,4.89
company_00349,Delta Infotech LLP,0,0,0,0.2003,None,735,1.3999,3.1,6.01,2.37
company_00350,Arogya Foods Partnership Firm,0,0,0,0.2607,None,754,2.1673,6.03,4.53,1.52
company_00351,Arogya Industries Partnership Firm,1,0,1,0.5631,revenue_inflation,674,0.3508,17.02,21.72,6.63
company_00352,Sterling Retail Partnership Firm,0,0,0,0.1944,None,712,1.2988,4.73,5.76,2.16
company_00353,Vanguard Textiles LLP,0,0,0,0.2395,None,773,2.1439,6.36,3.52,1.36
company_00354,Karan Foods Private Limited,0,0,0,0.0124,None,783,1.2332,5.33,3.11,1.57
company_00355,Infinity Healthcare LLP,0,0,0,0.2223,None,689,1.0896,6.97,3.23,1.94
company_00356,Radhe Pharma Partnership Firm,0,0,0,0.2532,None,730,2.284,4.64,3.91,2.18
company_00357,Delta Metals Private Limited,0,0,0,0.0701,None,791,0.8547,5.19,3.65,1.84
company_00358,Ambika Industries LLP,0,0,0,0.3427,None,718,1.8706,8.38,4.3,1.93
company_00359,Bharat Textiles Private Limited,0,0,0,0.067,None,787,1.5748,2.33,4.38,1.97
company_00360,Aditya Energy Partnership Firm,0,0,0,0.247,None,728,1.4703,6.32,6.09,2.19
company_00361,Hindustan Automotive Private Limited,0,0,0,0.1165,None,759,1.6439,2.03,6.34,1.22
company_00362,Arogya Industries Private Limited,0,0,0,0.1825,None,787,1.2744,7.58,3.41,2.37
company_00363,Radhe Enterprises Partnership Firm,0,0,0,0.1164,None,776,1.4797,3.72,6.96,1.54
company_00364,Ambika Metals Private Limited,0,0,0,0.0611,None,791,1.5313,9.2,7.09,1.69
company_00365,Delta Logistics Partnership Firm,1,0,1,0.9026,shell_company,467,1.0423,35.76,36.84,8.92
company_00366,Hindustan Enterprises Private Limited,0,0,0,0.2508,None,738,0.9591,6.28,7.75,2.03
company_00367,Matrix Textiles Private Limited,0,0,0,0.042,None,748,2.5304,2.59,6.4,2.03
company_00368,Bhaskar Pharma Partnership Firm,0,0,0,0.2615,None,748,1.997,8.43,3.48,1.6
company_00369,Hindustan Solutions LLP,0,0,0,0.2045,None,782,1.8001,3.27,3.43,2.76
company_00370,Vidya Industries Partnership Firm,0,0,0,0.2212,None,758,0.7006,2.67,4.95,3.33
company_00371,Arogya Chemicals Private Limited,0,0,0,0.1648,None,779,1.5,3.8,6.72,1.23
company_00372,Apex Retail LLP,0,0,0,0.1566,None,759,1.5448,5.02,3.81,1.95
company_00373,Infinity Infotech LLP,0,0,0,0.2295,None,767,1.4062,4.03,4.42,1.27
company_00374,Matrix Metals LLP,0,0,0,0.2844,None,781,1.4178,5.47,3.5,1.56
company_00375,Vidya Industries LLP,0,0,0,0.0162,None,765,1.5766,2.95,4.0,5.82
company_00376,Bhaskar Power Partnership Firm,0,0,0,0.16,None,731,1.3055,5.43,6.61,1.65
company_00377,Bharat Enterprises LLP,0,0,0,0.1191,None,728,0.9496,11.84,3.39,2.32
company_00378,Sterling Healthcare Private Limited,1,0,1,0.9371,shell_company,638,1.5095,48.34,65.04,7.4
company_00379,Vidya Power LLP,0,0,0,0.293,None,764,1.6249,10.61,5.49,2.21
company_00380,Arogya Retail LLP,0,0,0,0.2037,None,773,1.5181,4.0,4.03,1.31
company_00381,Delta Automotive LLP,0,0,0,0.0471,None,764,1.683,5.32,3.39,1.92
company_00382,Vidya Foods LLP,0,0,0,0.0845,None,733,1.3452,2.67,2.87,2.16
company_00383,Kalyani Infotech Private Limited,0,0,0,0.0494,None,695,1.8053,5.97,5.46,3.43
company_00384,Ambika Healthcare Partnership Firm,0,0,0,0.0947,None,740,0.9652,3.74,3.3,1.5
company_00385,Kalyani Enterprises LLP,0,0,0,0.3162,None,715,1.1312,4.81,3.46,5.57
company_00386,Navrachana Renewables LLP,0,0,0,0.0449,None,790,2.167,6.06,6.22,1.07
company_00387,Apex Automotive LLP,0,0,0,0.1097,None,782,1.4947,3.46,3.21,3.64
company_00388,Matrix Retail Private Limited,0,0,0,0.2318,None,692,1.8645,2.66,5.09,3.69
company_00389,Tejas Pharma LLP,0,0,0,0.3158,None,683,1.471,2.02,2.21,3.08
company_00390,Aditya Energy Private Limited,0,0,0,0.0781,None,751,1.4801,14.68,2.82,3.71
company_00391,Navrachana Infotech LLP,0,0,0,0.0188,None,733,1.668,6.26,5.65,2.15
company_00392,Matrix Retail LLP,0,0,0,0.3093,None,738,1.7256,4.35,3.84,3.63
company_00393,Bhaskar Solutions Partnership Firm,1,0,1,0.896,seasonal_manipulation,597,1.5521,34.2,16.21,8.85
company_00394,Hindustan Logistics LLP,0,0,0,0.2411,None,765,1.6728,5.18,4.45,1.79
company_00395,Surya Metals LLP,0,0,0,0.2026,None,786,1.4769,2.13,2.03,1.81
company_00396,Zenith Solutions Partnership Firm,0,0,0,0.0684,None,743,1.3506,6.18,3.52,2.48
company_00397,Vidya Enterprises Partnership Firm,1,0,1,0.8824,shell_company,546,0.6958,37.74,32.41,7.66
company_00398,Delta Enterprises Private Limited,0,0,0,0.1089,None,791,0.9888,6.3,3.56,1.32
company_00399,Aditya Infrastructure Partnership Firm,0,0,0,0.319,None,728,1.5489,5.56,4.82,2.39
company_00400,Matrix Textiles Partnership Firm,0,0,0,0.1338,None,776,2.3493,4.4,4.28,2.58
company_00401,Infinity Metals Private Limited,0,0,0,0.0482,None,764,1.6708,4.28,9.42,1.26
company_00402,Vidya Retail Partnership Firm,0,0,0,0.1713,None,758,1.3334,16.57,5.91,2.96
company_00403,Sterling Renewables Partnership Firm,0,0,0,0.05,None,787,1.4093,4.0,4.24,2.54
company_00404,Hindustan Infotech Partnership Firm,0,0,0,0.2707,None,754,2.4762,5.08,4.55,3.63
company_00405,Apex Enterprises Private Limited,0,0,0,0.2448,None,665,1.5981,3.24,4.89,4.1
company_00406,Urja Textiles Partnership Firm,0,0,0,0.2685,None,768,1.5731,3.76,3.63,1.56
company_00407,Ambika Textiles LLP,1,0,1,0.527,seasonal_manipulation,687,0.9636,29.08,13.95,6.89
company_00408,Urja Pharma Partnership Firm,1,0,1,0.8879,revenue_inflation,637,1.3138,28.63,46.31,10.52
company_00409,Arogya Solutions Private Limited,0,0,0,0.3177,None,714,1.9876,6.64,4.61,3.09
company_00410,Ganesh Chemicals Partnership Firm,1,0,1,0.8808,shell_company,608,1.1333,44.72,39.67,12.29
company_00411,Shivam Renewables Private Limited,0,0,0,0.3271,None,746,1.6572,7.32,4.94,4.8
company_00412,Arogya Power Partnership Firm,0,0,0,0.0404,None,771,1.3565,5.05,3.99,1.46
company_00413,Ganesh Healthcare LLP,0,0,0,0.0182,None,793,1.3777,5.0,3.73,0.96
company_00414,Sterling Logistics LLP,1,0,1,0.9549,circular_trading,637,0.2705,38.75,13.93,9.19
company_00415,Sterling Automotive LLP,0,0,0,0.1732,None,791,1.2509,2.93,4.58,1.79
company_00416,Apex Industries Partnership Firm,0,0,0,0.1982,None,742,1.3622,6.26,6.24,1.58
company_00417,Hindustan Healthcare LLP,0,0,0,0.3071,None,697,1.1245,1.78,4.06,2.36
company_00418,Urja Logistics LLP,0,0,0,0.3206,None,811,1.187,3.41,4.14,3.35
company_00419,Shivam Industries LLP,0,0,0,0.2194,None,753,1.3462,3.89,2.66,1.57
company_00420,Infinity Enterprises Partnership Firm,0,0,0,0.3084,None,742,0.9785,4.38,4.17,3.26
company_00421,Shivam Textiles LLP,0,0,0,0.017,None,704,1.8752,5.47,3.35,2.94
company_00422,Urja Industries Private Limited,0,0,0,0.0497,None,734,1.0746,9.03,5.76,1.72
company_00423,Matrix Energy LLP,0,0,0,0.2517,None,733,1.1613,2.6,5.79,2.25
company_00424,Vanguard Power Private Limited,0,0,0,0.2347,None,783,1.5378,8.17,3.75,1.31
company_00425,Kalyani Logistics Partnership Firm,1,0,1,0.9173,seasonal_manipulation,633,0.65,29.25,20.33,6.82
company_00426,Urja Renewables LLP,0,0,0,0.2576,None,802,1.2315,6.71,4.15,1.87
company_00427,Navrachana Industries Partnership Firm,0,0,0,0.3165,None,772,0.8301,3.65,4.12,2.32
company_00428,Zenith Renewables Partnership Firm,0,0,0,0.2914,None,738,1.226,11.31,3.42,2.29
company_00429,Urja Metals Partnership Firm,0,0,0,0.2434,None,768,1.268,4.47,6.11,5.21
company_00430,Kalyani Automotive Private Limited,0,0,0,0.3311,None,785,1.6553,5.51,6.76,3.8
company_00431,Urja Industries Partnership Firm,0,0,0,0.1678,None,740,1.0868,2.72,3.29,4.42
company_00432,Arogya Infrastructure LLP,1,0,1,0.6076,evergreening,733,1.6027,9.03,8.32,12.79
company_00433,Vanguard Builders Partnership Firm,0,0,0,0.1393,None,768,1.6609,4.08,5.5,1.58
company_00434,Aditya Retail LLP,0,0,0,0.3424,None,712,1.3368,4.81,2.73,3.42
company_00435,Aditya Foods Partnership Firm,0,0,0,0.2108,None,804,1.3926,8.65,6.14,1.16
company_00436,Radhe Renewables Partnership Firm,0,0,0,0.1397,None,766,1.6093,5.89,4.86,1.23
company_00437,Zenith Pharma Private Limited,0,0,0,0.2879,None,755,1.2009,3.66,4.18,2.57
company_00438,Hindustan Retail Private Limited,0,0,0,0.3401,None,746,1.7829,2.88,3.52,2.4
company_00439,Tejas Energy Private Limited,1,0,1,0.9512,shell_company,645,1.095,47.72,32.04,7.9
company_00440,Shivam Automotive Partnership Firm,0,1,1,0.4127,revenue_inflation,677,2.377,6.5,5.01,2.53
company_00441,Shivam Textiles Partnership Firm,0,0,0,0.0634,None,711,1.172,3.55,3.89,3.25
company_00442,Arogya Foods Private Limited,0,0,0,0.1371,None,736,1.9424,5.19,3.85,1.85
company_00443,Radhe Infotech Private Limited,0,0,0,0.2213,None,778,1.7081,3.99,4.95,3.69
company_00444,Bharat Healthcare LLP,0,0,0,0.0145,None,623,1.3521,5.96,2.67,2.99
company_00445,Radhe Textiles LLP,0,0,0,0.3121,None,790,1.1474,2.98,2.94,4.36
company_00446,Shivam Infrastructure Private Limited,0,0,0,0.2809,None,675,1.2895,2.62,3.1,2.3
company_00447,Zenith Power Partnership Firm,1,0,1,0.8633,seasonal_manipulation,622,0.66,30.23,11.32,8.01
company_00448,Infinity Textiles LLP,0,0,0,0.0877,None,777,2.2522,7.32,5.46,1.73
company_00449,Navrachana Automotive Partnership Firm,0,0,0,0.2016,None,703,1.2537,7.38,2.91,2.65
company_00450,Karan Renewables LLP,0,0,0,0.1822,None,718,1.0255,4.0,3.06,2.89
company_00451,Tejas Chemicals Private Limited,0,0,0,0.0861,None,829,1.2616,6.3,3.79,1.32
company_00452,Navrachana Chemicals Private Limited,0,0,0,0.3078,None,814,1.4391,6.49,3.82,3.07
company_00453,Ganesh Builders Partnership Firm,0,0,0,0.1712,None,681,0.856,6.24,6.2,4.01
company_00454,Bhaskar Metals Partnership Firm,0,0,0,0.1368,None,666,1.5901,3.31,3.48,4.07
company_00455,Karan Textiles Partnership Firm,0,0,0,0.128,None,766,1.2893,3.7,4.34,3.31
company_00456,Hindustan Industries Private Limited,0,0,0,0.1403,None,748,2.0577,5.54,6.65,1.13
company_00457,Matrix Infrastructure Private Limited,0,0,0,0.191,None,721,0.8063,3.67,4.51,2.73
company_00458,Apex Renewables LLP,1,0,1,0.9472,evergreening,712,1.1089,24.55,18.5,15.12
company_00459,Surya Enterprises Partnership Firm,0,0,0,0.122,None,764,1.0447,3.8,6.13,2.53
company_00460,Delta Infrastructure LLP,0,0,0,0.1298,None,791,1.6943,5.52,3.02,3.07
company_00461,Kalyani Textiles Partnership Firm,0,0,0,0.2296,None,857,1.6698,2.45,2.83,2.29
company_00462,Radhe Metals Private Limited,0,0,0,0.0855,None,737,1.8311,3.95,4.4,1.98
company_00463,Infinity Industries Partnership Firm,0,0,0,0.23,None,750,1.0601,8.02,4.14,3.06
company_00464,Aditya Healthcare Partnership Firm,0,0,0,0.1493,None,793,1.7019,3.3,3.41,1.67
company_00465,Urja Renewables Private Limited,1,0,1,0.7836,circular_trading,630,0.9394,14.73,20.14,6.88
company_00466,Navrachana Power Partnership Firm,0,0,0,0.2532,None,730,1.104,4.6,5.85,2.56
company_00467,Sterling Metals Private Limited,0,0,0,0.1096,None,764,0.8027,4.6,5.23,1.98
company_00468,Zenith Infotech Partnership Firm,0,0,0,0.0906,None,773,1.542,3.59,4.72,1.5
company_00469,Radhe Pharma LLP,0,0,0,0.1048,None,736,1.5061,6.3,4.22,3.93
company_00470,Navrachana Infotech Private Limited,0,0,0,0.2942,None,743,1.0818,5.83,4.81,3.4
company_00471,Bharat Foods LLP,0,0,0,0.1386,None,763,1.3474,4.45,7.25,2.03
company_00472,Delta Solutions LLP,0,0,0,0.3077,None,726,1.122,5.88,3.05,2.6
company_00473,Arogya Automotive Partnership Firm,0,0,0,0.1649,None,724,1.9169,4.93,3.61,1.17
company_00474,Tejas Retail LLP,0,1,1,0.6973,seasonal_manipulation,808,1.2662,6.63,3.68,1.9
company_00475,Shivam Metals LLP,1,0,1,0.8713,seasonal_manipulation,592,0.5801,32.77,13.84,13.69
company_00476,Bharat Automotive LLP,0,0,0,0.2479,None,751,1.2526,6.87,3.36,1.41
company_00477,Arogya Metals Private Limited,0,0,0,0.1975,None,694,1.336,5.58,4.41,2.2
company_00478,Tejas Infrastructure Private Limited,0,0,0,0.1141,None,762,1.9173,2.56,3.72,1.79
company_00479,Apex Chemicals Partnership Firm,0,1,1,0.6668,revenue_inflation,747,1.7175,4.62,3.53,2.96
company_00480,Vanguard Infotech Private Limited,0,0,0,0.0266,None,784,1.3272,3.88,3.53,1.67
company_00481,Aditya Automotive Partnership Firm,0,0,0,0.3267,None,744,1.3996,11.32,3.7,3.13
company_00482,Delta Pharma LLP,0,0,0,0.3084,None,729,2.1922,5.61,4.61,2.66
company_00483,Zenith Chemicals Partnership Firm,0,0,0,0.1575,None,756,1.1922,5.91,2.72,1.08
company_00484,Apex Metals Private Limited,0,0,0,0.2609,None,716,1.1957,3.34,5.36,4.46
company_00485,Kalyani Energy Private Limited,0,0,0,0.0695,None,755,1.4225,2.02,3.43,0.89
company_00486,Infinity Healthcare Partnership Firm,0,0,0,0.1141,None,697,1.3192,3.72,2.95,1.86
company_00487,Zenith Pharma Partnership Firm,0,0,0,0.1448,None,720,1.6153,6.22,4.56,1.81
company_00488,Aditya Metals Partnership Firm,0,0,0,0.1584,None,775,1.1624,3.14,4.07,1.24
company_00489,Delta Industries Private Limited,0,0,0,0.1336,None,772,1.2795,4.22,3.78,1.0
company_00490,Vidya Textiles LLP,0,0,0,0.306,None,782,1.0669,4.32,3.09,2.86
company_00491,Shivam Renewables LLP,0,0,0,0.2901,None,752,1.4353,5.36,8.38,1.95
company_00492,Delta Retail LLP,0,0,0,0.3268,None,716,1.1748,4.45,4.03,1.65
company_00493,Navrachana Retail Private Limited,0,0,0,0.2123,None,688,1.3406,3.92,4.79,3.06
company_00494,Aditya Power Private Limited,0,0,0,0.1919,None,809,1.0239,1.53,2.37,0.76
company_00495,Bharat Pharma LLP,0,0,0,0.1575,None,695,1.6924,2.26,2.94,2.56
company_00496,Karan Energy Private Limited,0,0,0,0.2532,None,851,1.3307,3.08,8.86,1.21
company_00497,Ganesh Healthcare Private Limited,0,0,0,0.1033,None,721,1.3274,3.53,6.78,2.73
company_00498,Vidya Renewables LLP,0,0,0,0.1266,None,800,1.6351,2.99,3.38,2.06
company_00499,Sterling Industries Partnership Firm,0,0,0,0.2736,None,712,1.4954,3.88,4.29,3.68
company_00500,Tejas Foods Partnership Firm,0,0,0,0.0979,None,796,1.692,9.63,4.1,4.39
company_00501,Zenith Industries Private Limited,1,0,1,0.9513,evergreening,701,1.6349,17.17,15.29,14.8
company_00502,Bhaskar Builders Partnership Firm,0,0,0,0.1146,None,697,2.0609,4.07,6.0,1.89
company_00503,Ganesh Industries 133 LLP,0,0,0,0.0985,None,700,2.0006,3.44,3.21,2.16
company_00504,Ganesh Industries 604 Private Limited,0,0,0,0.0715,None,711,1.8238,4.64,5.09,2.06
company_00505,Urja Metals 629 Partnership Firm,0,0,0,0.026,None,766,2.2466,2.83,6.41,2.31
company_00506,Vanguard Healthcare Private Limited,0,0,0,0.1879,None,671,1.4854,3.01,4.96,2.24
company_00507,Arogya Infotech Partnership Firm,0,0,0,0.0312,None,751,1.0965,4.91,4.99,2.65
company_00508,Radhe Pharma 375 Partnership Firm,0,0,0,0.0793,None,754,1.2514,4.31,4.11,1.7
company_00509,Surya Power Private Limited,0,0,0,0.1532,None,754,1.814,3.53,4.38,1.76
company_00510,Apex Industries Private Limited,0,0,0,0.1305,None,833,1.6826,1.47,3.84,1.63
company_00511,Bhaskar Chemicals Private Limited,0,0,0,0.0142,None,728,1.4352,3.42,3.73,2.0
company_00512,Hindustan Textiles Partnership Firm,0,0,0,0.2145,None,821,1.2941,1.65,3.5,0.89
company_00513,Tejas Enterprises 537 Private Limited,0,0,0,0.221,None,735,1.2994,10.27,2.78,2.84
company_00514,Bhaskar Metals 652 Partnership Firm,0,0,0,0.1551,None,710,1.0459,3.61,4.03,2.16
company_00515,Vanguard Infotech 300 Private Limited,0,1,1,0.6703,circular_trading,793,1.6244,6.3,4.44,1.43
company_00516,Kalyani Retail Partnership Firm,0,0,0,0.2065,None,820,1.7301,6.22,4.43,1.24
company_00517,Matrix Industries LLP,0,0,0,0.0496,None,724,1.3375,2.55,2.71,2.47
company_00518,Arogya Pharma LLP,0,0,0,0.2742,None,821,1.5611,2.86,2.69,2.92
company_00519,Radhe Energy 459 LLP,0,0,0,0.1088,None,723,0.8744,13.98,2.48,1.85
company_00520,Kalyani Retail Private Limited,0,0,0,0.3043,None,815,1.627,4.28,2.72,0.21
company_00521,Surya Foods Partnership Firm,0,0,0,0.265,None,675,1.2823,6.51,4.03,4.17
company_00522,Bharat Foods 493 Private Limited,0,0,0,0.1192,None,745,1.4465,4.78,5.36,1.77
company_00523,Zenith Foods Private Limited,0,0,0,0.0948,None,798,1.1469,2.7,4.55,1.98
company_00524,Arogya Industries 723 LLP,1,0,1,0.9017,revenue_inflation,630,1.1372,34.68,25.71,15.78
company_00525,Surya Solutions Partnership Firm,0,0,0,0.3154,None,751,1.4915,5.72,3.82,2.37
company_00526,Vidya Healthcare 644 Private Limited,0,0,0,0.1124,None,798,1.4067,2.74,3.04,1.73
company_00527,Sterling Infotech 868 LLP,0,0,0,0.2261,None,717,1.4774,5.92,3.82,2.97
company_00528,Navrachana Renewables 576 LLP,0,0,0,0.0681,None,734,0.9663,7.0,5.13,3.14
company_00529,Matrix Solutions LLP,1,0,1,0.9341,revenue_inflation,698,0.86,34.47,34.77,13.05
company_00530,Arogya Pharma 925 LLP,1,0,1,0.8659,shell_company,497,2.6366,37.08,25.44,16.24
company_00531,Vidya Retail LLP,0,0,0,0.2376,None,733,1.5372,3.99,4.43,2.25
company_00532,Bhaskar Infotech 765 Private Limited,0,0,0,0.1243,None,756,1.7583,6.59,3.26,0.85
company_00533,Vanguard Metals 706 Private Limited,0,0,0,0.1711,None,712,1.2714,5.12,4.85,2.15
company_00534,Ganesh Healthcare 440 LLP,0,0,0,0.1081,None,727,1.4435,6.14,4.16,5.19
company_00535,Apex Infotech LLP,0,0,0,0.2263,None,772,1.3868,4.44,2.65,4.91
company_00536,Bhaskar Chemicals LLP,1,0,1,0.5419,shell_company,478,0.2978,35.81,16.52,6.28
company_00537,Ganesh Textiles 316 Partnership Firm,0,0,0,0.2072,None,716,1.279,3.45,3.0,2.19
company_00538,Arogya Foods 471 LLP,0,0,0,0.0345,None,697,1.5396,3.41,3.63,1.94
company_00539,Sterling Solutions LLP,0,0,0,0.1687,None,746,2.0633,6.44,10.42,4.64
company_00540,Vanguard Logistics Partnership Firm,0,0,0,0.0352,None,699,1.4397,4.64,2.7,1.91
company_00541,Aditya Enterprises Partnership Firm,0,0,0,0.1541,None,756,1.5307,5.08,3.44,2.35
company_00542,Matrix Metals 582 LLP,0,0,0,0.3122,None,772,1.821,4.5,5.23,1.54
company_00543,Aditya Chemicals Partnership Firm,0,0,0,0.1086,None,675,1.4159,3.36,3.53,3.29
company_00544,Apex Foods LLP,1,0,1,0.6116,benami_siphoning,625,1.0433,25.0,26.71,4.86
company_00545,Surya Retail LLP,0,0,0,0.2865,None,695,1.2996,5.11,6.17,2.63
company_00546,Navrachana Automotive Private Limited,0,0,0,0.0237,None,735,0.7749,6.09,3.35,2.22
company_00547,Bharat Chemicals Private Limited,0,0,0,0.2297,None,704,0.9222,7.87,3.3,4.87
company_00548,Arogya Logistics LLP,0,0,0,0.0979,None,756,1.4469,3.52,6.52,0.74
company_00549,Urja Renewables Partnership Firm,0,0,0,0.242,None,770,1.0476,6.8,4.16,2.78
company_00550,Sterling Renewables LLP,0,0,0,0.3161,None,699,2.1215,5.76,5.31,1.99
company_00551,Sterling Healthcare 275 Private Limited,0,0,0,0.0131,None,711,1.2141,5.68,3.58,3.48
company_00552,Surya Chemicals Partnership Firm,0,0,0,0.0528,None,695,1.2544,5.38,3.8,2.53
company_00553,Aditya Metals Private Limited,0,0,0,0.1106,None,703,1.3274,3.3,4.26,2.01
company_00554,Kalyani Retail 437 Private Limited,0,0,0,0.124,None,673,1.6267,5.27,3.28,2.22
company_00555,Radhe Solutions 863 LLP,0,0,0,0.1637,None,736,1.4575,2.62,4.61,1.93
company_00556,Urja Foods 917 LLP,0,0,0,0.0691,None,753,2.5072,1.09,2.03,2.2
company_00557,Arogya Power 503 Partnership Firm,0,0,0,0.3094,None,705,1.2815,3.85,3.35,2.25
company_00558,Surya Enterprises LLP,0,0,0,0.0369,None,716,1.5556,2.5,3.13,2.51
company_00559,Radhe Enterprises Private Limited,0,0,0,0.2903,None,742,1.7165,3.09,2.86,4.2
company_00560,Karan Textiles 533 Partnership Firm,0,0,0,0.251,None,752,1.2732,5.71,4.69,2.82
company_00561,Sterling Enterprises 766 Partnership Firm,0,0,0,0.1675,None,738,1.3895,1.86,2.43,2.82
company_00562,Tejas Automotive 500 LLP,1,0,1,0.894,evergreening,645,0.8286,25.29,10.31,15.91
company_00563,Radhe Enterprises LLP,0,0,0,0.3028,None,793,1.7231,5.62,5.45,1.33
company_00564,Hindustan Infotech 939 Partnership Firm,0,0,0,0.33,None,763,1.7064,10.46,4.41,1.35
company_00565,Delta Automotive 251 LLP,1,0,1,0.8755,evergreening,613,0.9467,15.36,33.13,17.62
company_00566,Sterling Builders LLP,0,0,0,0.1124,None,811,1.4275,1.58,2.44,1.9
company_00567,Vidya Energy 155 Private Limited,0,0,0,0.0388,None,712,1.4962,8.73,4.09,2.59
company_00568,Urja Automotive LLP,0,0,0,0.3295,None,723,0.615,2.09,3.58,3.59
company_00569,Bharat Foods 262 Private Limited,0,0,0,0.3224,None,681,1.8085,3.63,4.92,3.09
company_00570,Bhaskar Chemicals Partnership Firm,0,0,0,0.2175,None,780,1.4253,5.17,3.64,3.26
company_00571,Ganesh Industries 742 LLP,0,0,0,0.1009,None,657,1.7045,4.76,4.76,3.34
company_00572,Urja Power Partnership Firm,0,0,0,0.1555,None,778,1.2021,2.09,3.95,1.68
company_00573,Navrachana Builders 739 LLP,0,0,0,0.3267,None,749,0.6718,3.61,4.67,2.84
company_00574,Navrachana Industries LLP,0,0,0,0.334,None,710,1.3885,8.09,6.0,2.12
company_00575,Vidya Logistics Private Limited,1,0,1,0.9876,evergreening,614,1.4979,18.24,16.9,12.01
company_00576,Hindustan Enterprises 965 Partnership Firm,0,0,0,0.2034,None,711,1.3035,3.25,3.22,3.63
company_00577,Vidya Metals Partnership Firm,0,0,0,0.1265,None,721,1.5989,5.83,4.15,2.54
company_00578,Zenith Chemicals 140 Partnership Firm,0,0,0,0.2357,None,768,1.5165,5.27,4.81,1.1
company_00579,Ganesh Healthcare 159 LLP,0,0,0,0.2046,None,759,1.1763,4.81,2.56,2.17
company_00580,Infinity Infrastructure Private Limited,0,0,0,0.1508,None,790,1.1015,4.13,4.49,1.8
company_00581,Ganesh Solutions LLP,1,0,1,0.8756,circular_trading,655,0.5859,23.76,21.65,10.58
company_00582,Shivam Healthcare Private Limited,0,0,0,0.0405,None,681,0.7103,4.88,4.78,3.17
company_00583,Bharat Renewables Partnership Firm,0,0,0,0.0682,None,720,1.4524,3.26,3.61,2.85
company_00584,Surya Healthcare Partnership Firm,1,0,1,0.7275,shell_company,620,0.9874,31.44,22.65,5.16
company_00585,Matrix Pharma LLP,0,0,0,0.329,None,768,1.2187,5.75,3.14,3.57
company_00586,Ambika Industries Partnership Firm,1,0,1,0.9783,benami_siphoning,620,0.2862,48.69,38.34,7.86
company_00587,Urja Enterprises LLP,1,0,1,0.9821,shell_company,607,1.0985,34.47,31.29,9.6
company_00588,Tejas Renewables LLP,0,1,1,0.7498,circular_trading,776,1.2448,4.55,3.9,1.54
company_00589,Shivam Solutions LLP,1,0,1,0.8975,circular_trading,697,0.9784,32.12,19.63,9.35
company_00590,Vidya Industries 439 Private Limited,0,0,0,0.1765,None,745,1.5546,5.29,4.03,2.92
company_00591,Radhe Infotech 818 LLP,0,0,0,0.2954,None,800,1.549,3.44,3.59,1.47
company_00592,Urja Infotech Private Limited,0,0,0,0.3054,None,760,2.0015,3.63,5.36,1.7
company_00593,Zenith Retail Private Limited,0,0,0,0.2213,None,808,1.8259,6.13,3.26,1.69
company_00594,Urja Logistics 289 LLP,0,0,0,0.1357,None,733,1.7518,4.25,4.39,2.48
company_00595,Delta Power Private Limited,0,0,0,0.0682,None,669,1.0591,9.21,5.77,2.85
company_00596,Karan Foods 147 Partnership Firm,0,0,0,0.1074,None,749,1.2589,2.47,4.13,3.49
company_00597,Vidya Automotive Partnership Firm,0,0,0,0.2722,None,730,1.2122,2.66,3.63,3.65
company_00598,Apex Pharma Partnership Firm,0,0,0,0.2978,None,752,1.4563,2.91,9.01,2.15
company_00599,Surya Automotive LLP,0,0,0,0.2044,None,713,1.312,9.09,6.73,2.05
company_00600,Delta Textiles LLP,0,0,0,0.2728,None,849,0.9204,6.1,3.38,0.71
company_00601,Vidya Automotive 142 Partnership Firm,0,0,0,0.2563,None,719,1.0295,5.93,4.6,2.89
company_00602,Surya Energy LLP,0,0,0,0.022,None,735,1.7239,2.46,3.47,2.51
company_00603,Radhe Foods Private Limited,1,0,1,0.8649,benami_siphoning,675,0.6757,35.35,25.63,7.89
company_00604,Kalyani Automotive 493 Private Limited,0,0,0,0.2075,None,739,1.9482,3.0,6.06,3.39
company_00605,Bhaskar Textiles 917 LLP,0,0,0,0.1868,None,802,1.5723,3.2,3.29,1.59
company_00606,Hindustan Infrastructure 136 Partnership Firm,0,0,0,0.1003,None,693,1.2703,3.06,5.8,1.95
company_00607,Bhaskar Healthcare Partnership Firm,0,0,0,0.2328,None,700,1.646,3.69,2.52,3.5
company_00608,Shivam Infrastructure LLP,0,0,0,0.3098,None,739,1.4646,3.11,2.94,2.3
company_00609,Vidya Builders 462 LLP,0,0,0,0.1148,None,808,1.6019,5.97,4.9,1.87
company_00610,Karan Solutions Private Limited,0,0,0,0.1638,None,771,1.5618,5.51,2.43,1.77
company_00611,Matrix Healthcare LLP,0,0,0,0.0525,None,694,1.4399,4.37,5.47,4.33
company_00612,Ganesh Automotive Private Limited,0,0,0,0.1454,None,724,1.8995,10.42,4.27,1.31
company_00613,Vidya Healthcare Partnership Firm,0,0,0,0.1325,None,680,1.1791,4.03,7.34,2.82
company_00614,Infinity Infotech Private Limited,0,0,0,0.3309,None,775,1.6773,4.67,4.05,1.01
company_00615,Sterling Builders 341 LLP,0,0,0,0.2118,None,698,1.1572,2.81,3.23,5.17
company_00616,Ganesh Enterprises 814 Private Limited,0,0,0,0.2441,None,769,1.1239,3.58,3.29,2.2
company_00617,Aditya Infrastructure 881 LLP,0,0,0,0.0709,None,775,1.1645,5.62,5.18,3.15
company_00618,Bharat Renewables 520 Partnership Firm,0,0,0,0.1669,None,776,1.6403,2.81,2.91,2.35
company_00619,Zenith Industries LLP,0,0,0,0.1996,None,639,1.6541,7.8,3.86,2.95
company_00620,Sterling Pharma 996 LLP,0,0,0,0.2152,None,720,2.4881,3.41,2.98,2.16
company_00621,Vanguard Healthcare LLP,0,0,0,0.2889,None,798,1.2619,4.98,3.77,1.6
company_00622,Bharat Infotech LLP,0,0,0,0.0677,None,733,1.99,6.32,3.45,2.31
company_00623,Surya Healthcare 515 LLP,0,0,0,0.1152,None,768,2.1608,4.82,3.65,1.75
company_00624,Vidya Industries 730 LLP,1,0,1,0.9824,seasonal_manipulation,649,0.1678,27.31,10.42,11.29
company_00625,Ganesh Textiles Private Limited,0,0,0,0.174,None,771,1.566,4.11,9.17,1.77
company_00626,Delta Solutions 961 Private Limited,1,0,1,0.9503,revenue_inflation,661,1.7292,43.15,36.69,17.14
company_00627,Shivam Solutions 787 LLP,0,0,0,0.0661,None,738,1.1834,6.45,4.17,2.16
company_00628,Bharat Enterprises 848 Partnership Firm,0,0,0,0.014,None,736,1.5593,3.32,5.13,3.95
company_00629,Surya Builders Partnership Firm,0,0,0,0.1493,None,704,1.9246,5.88,3.32,2.37
company_00630,Aditya Solutions 460 Partnership Firm,0,0,0,0.2504,None,706,1.5112,3.37,3.4,2.54
company_00631,Radhe Chemicals 528 Private Limited,0,0,0,0.2745,None,686,1.5915,5.74,3.98,2.07
company_00632,Navrachana Enterprises Private Limited,0,0,0,0.2653,None,665,1.796,5.0,3.59,5.72
company_00633,Karan Infrastructure LLP,0,0,0,0.1774,None,816,1.249,3.42,5.24,0.69
company_00634,Bhaskar Logistics LLP,0,1,1,0.4148,revenue_inflation,763,1.36,3.87,4.37,1.81
company_00635,Ganesh Healthcare Partnership Firm,0,0,0,0.0562,None,710,1.2892,10.72,3.66,2.25
company_00636,Hindustan Energy 913 LLP,0,0,0,0.2818,None,767,1.2925,17.1,5.23,1.4
company_00637,Zenith Solutions LLP,0,0,0,0.1112,None,765,1.5627,6.53,4.7,2.12
company_00638,Radhe Healthcare Private Limited,0,0,0,0.3266,None,736,1.4364,7.18,4.67,2.77
company_00639,Radhe Logistics Partnership Firm,1,0,1,0.9083,shell_company,482,1.0145,38.5,35.78,7.48
company_00640,Karan Industries LLP,0,0,0,0.0399,None,710,2.6837,5.74,4.64,3.6
company_00641,Shivam Healthcare 672 Private Limited,1,0,1,0.9721,benami_siphoning,678,0.9612,24.34,30.68,7.91
company_00642,Vanguard Power 101 Private Limited,0,0,0,0.2018,None,758,1.5037,2.41,3.44,2.15
company_00643,Sterling Builders 588 Private Limited,0,0,0,0.1531,None,711,1.2682,5.79,4.79,2.5
company_00644,Surya Infrastructure Partnership Firm,1,0,1,0.8677,circular_trading,647,1.154,45.95,17.0,7.23
company_00645,Ganesh Power LLP,0,0,0,0.2664,None,821,1.7507,12.32,7.29,0.44
company_00646,Apex Enterprises 287 Private Limited,0,0,0,0.2961,None,764,0.769,3.62,6.74,1.67
company_00647,Aditya Metals 453 LLP,0,0,0,0.2913,None,768,1.5363,2.52,4.57,2.51
company_00648,Matrix Chemicals Partnership Firm,0,0,0,0.2782,None,702,1.2358,3.97,3.85,3.19
company_00649,Ganesh Textiles 724 LLP,0,0,0,0.0274,None,676,1.2025,4.79,5.7,2.19
company_00650,Zenith Textiles Partnership Firm,0,0,0,0.0112,None,745,1.5077,2.26,3.29,4.23
company_00651,Zenith Foods 116 Private Limited,0,0,0,0.3044,None,756,1.6628,3.54,3.22,2.09
company_00652,Ganesh Pharma 211 LLP,0,0,0,0.2697,None,788,1.5713,4.36,3.62,1.29
company_00653,Apex Foods 958 LLP,1,0,1,0.752,circular_trading,671,0.9994,35.15,24.03,10.82
company_00654,Ambika Renewables LLP,1,0,1,0.9181,benami_siphoning,662,1.2736,20.52,40.07,13.26
company_00655,Karan Infotech LLP,0,0,0,0.0964,None,732,1.9962,5.35,3.34,2.01
company_00656,Infinity Automotive Partnership Firm,0,0,0,0.1731,None,821,1.4367,3.05,6.58,1.09
company_00657,Urja Chemicals 233 LLP,0,1,1,0.699,evergreening,747,1.7364,5.33,3.14,2.0
company_00658,Ambika Metals 141 Private Limited,1,0,1,0.7144,circular_trading,683,0.9038,17.65,21.71,4.03
company_00659,Matrix Automotive Partnership Firm,0,0,0,0.0418,None,744,1.6262,4.4,3.84,1.64
company_00660,Tejas Chemicals 101 Private Limited,0,1,1,0.4227,revenue_inflation,731,1.458,5.2,4.04,2.12
company_00661,Surya Infrastructure 177 Private Limited,1,0,1,0.8916,shell_company,467,0.9515,45.8,30.28,13.47
company_00662,Ganesh Renewables Partnership Firm,0,0,0,0.325,None,743,1.7295,6.23,4.08,1.77
company_00663,Sterling Metals LLP,0,0,0,0.0999,None,780,1.2964,4.19,4.24,3.29
company_00664,Karan Automotive 792 Partnership Firm,0,0,0,0.1577,None,782,1.0732,7.23,5.31,0.87
company_00665,Bharat Chemicals LLP,1,0,1,0.8679,circular_trading,740,0.2988,33.57,13.69,7.03
company_00666,Arogya Industries 626 LLP,0,0,0,0.3205,None,726,1.0966,8.9,6.75,2.82
company_00667,Shivam Foods Private Limited,0,0,0,0.1971,None,710,1.2084,3.88,4.65,2.1
company_00668,Delta Infrastructure 417 LLP,0,0,0,0.2049,None,690,1.4246,5.92,6.18,2.61
company_00669,Hindustan Industries 186 Partnership Firm,0,0,0,0.0879,None,764,1.1037,6.54,2.72,4.67
company_00670,Tejas Healthcare Partnership Firm,0,0,0,0.3089,None,668,1.9038,3.43,7.92,3.42
company_00671,Zenith Metals 399 Partnership Firm,1,0,1,0.9831,shell_company,559,0.4388,51.17,31.25,6.47
company_00672,Ganesh Renewables 883 Partnership Firm,0,0,0,0.3246,None,719,0.9137,4.18,5.5,1.86
company_00673,Sterling Logistics 671 LLP,0,0,0,0.2422,None,721,2.2183,6.88,3.98,1.92
company_00674,Delta Foods 253 Private Limited,0,0,0,0.3156,None,772,0.9761,4.72,4.07,0.97
company_00675,Bharat Builders Private Limited,0,0,0,0.2503,None,717,1.475,2.52,6.29,2.68
company_00676,Kalyani Textiles Private Limited,1,0,1,0.9388,revenue_inflation,651,1.3882,23.21,33.38,9.17
company_00677,Ambika Energy 779 LLP,0,0,0,0.1797,None,669,2.4747,3.87,5.03,2.85
company_00678,Bharat Builders LLP,1,0,1,0.9431,benami_siphoning,609,1.4046,30.34,38.7,8.19
company_00679,Zenith Metals 609 Partnership Firm,0,0,0,0.1597,None,759,1.4913,4.61,5.7,3.84
company_00680,Radhe Industries 723 Private Limited,0,0,0,0.3254,None,722,1.7904,4.28,3.55,2.02
company_00681,Arogya Retail 682 Private Limited,0,0,0,0.1005,None,754,2.4021,5.19,3.1,1.56
company_00682,Ganesh Textiles 770 Partnership Firm,0,0,0,0.2481,None,706,1.59,4.12,3.48,2.2
company_00683,Navrachana Builders 331 Private Limited,0,0,0,0.2913,None,753,1.3878,5.49,2.91,1.41
company_00684,Urja Logistics 106 Partnership Firm,0,0,0,0.1372,None,778,1.5205,4.96,4.97,3.1
company_00685,Bharat Enterprises Private Limited,0,0,0,0.3335,None,752,1.5179,6.29,8.98,4.59
company_00686,Bharat Enterprises 997 Private Limited,0,0,0,0.2017,None,841,1.5556,3.0,5.29,1.65
company_00687,Shivam Renewables 997 LLP,1,0,1,0.7738,shell_company,529,0.3774,47.04,21.25,7.76
company_00688,Delta Metals Partnership Firm,0,0,0,0.2014,None,737,1.3196,7.12,4.56,1.68
company_00689,Karan Textiles 114 LLP,0,0,0,0.0141,None,716,1.7419,5.42,3.55,4.64
company_00690,Matrix Logistics Partnership Firm,0,0,0,0.1534,None,720,1.0817,9.85,3.47,3.91
company_00691,Delta Foods Partnership Firm,0,0,0,0.2585,None,719,0.8269,7.86,4.49,2.53
company_00692,Kalyani Pharma 615 Private Limited,0,0,0,0.1613,None,736,1.2109,4.09,3.06,1.56
company_00693,Shivam Industries Partnership Firm,0,0,0,0.2114,None,745,1.5483,3.26,3.75,2.6
company_00694,Urja Chemicals 576 LLP,1,0,1,0.9682,shell_company,603,0.6975,41.0,34.53,8.0
company_00695,Tejas Chemicals Partnership Firm,0,0,0,0.0761,None,772,2.3806,7.63,2.7,2.15
company_00696,Urja Energy 316 LLP,0,0,0,0.0698,None,723,1.508,3.78,4.21,3.18
company_00697,Vanguard Logistics LLP,0,0,0,0.1394,None,780,1.4387,8.03,3.02,3.68
company_00698,Aditya Pharma 347 Private Limited,0,0,0,0.0261,None,773,1.6858,7.6,4.76,2.25
company_00699,Karan Automotive Private Limited,0,0,0,0.0739,None,758,0.64,3.37,8.17,1.84
company_00700,Surya Renewables 106 Private Limited,0,0,0,0.0706,None,690,1.1273,2.6,3.42,1.85
company_00701,Radhe Industries Partnership Firm,0,0,0,0.0427,None,704,1.6366,5.91,6.0,2.32
company_00702,Aditya Infotech Private Limited,0,0,0,0.0589,None,749,1.6613,5.58,4.04,2.03
company_00703,Vanguard Healthcare 855 Private Limited,1,0,1,0.8218,evergreening,650,0.492,12.37,15.57,15.65
company_00704,Ambika Builders Private Limited,0,0,0,0.2391,None,746,1.2921,5.01,3.24,2.11
company_00705,Infinity Infotech 233 Private Limited,0,0,0,0.0423,None,755,1.1478,4.21,3.68,3.08
company_00706,Navrachana Solutions Partnership Firm,0,0,0,0.0741,None,780,1.9471,3.73,3.57,1.99
company_00707,Tejas Chemicals LLP,0,0,0,0.1567,None,655,1.4116,3.63,3.84,2.29
company_00708,Bhaskar Industries LLP,0,0,0,0.2176,None,792,1.4608,10.57,2.84,2.91
company_00709,Delta Automotive Partnership Firm,0,0,0,0.0805,None,747,1.4339,4.29,5.66,1.71
company_00710,Tejas Metals Partnership Firm,1,0,1,0.8895,shell_company,481,1.1225,34.62,32.03,7.46
company_00711,Vanguard Energy Private Limited,0,0,0,0.2917,None,714,1.2594,2.86,7.28,2.78
company_00712,Vidya Renewables Partnership Firm,0,0,0,0.2429,None,753,1.4238,2.74,6.51,1.46
company_00713,Matrix Metals 135 LLP,1,0,1,0.7507,seasonal_manipulation,671,0.7251,39.28,9.59,4.63
company_00714,Tejas Metals 224 LLP,1,0,1,0.8132,evergreening,662,1.0091,22.7,6.47,12.26
company_00715,Aditya Energy LLP,0,0,0,0.2355,None,720,1.3798,5.64,5.35,1.87
company_00716,Matrix Solutions Private Limited,0,0,0,0.217,None,782,1.1939,2.91,3.36,1.6
company_00717,Infinity Retail LLP,0,0,0,0.1589,None,794,1.4835,4.49,4.5,2.79
company_00718,Bharat Healthcare Private Limited,0,0,0,0.0403,None,806,1.2477,10.19,5.24,0.92
company_00719,Hindustan Enterprises 644 Partnership Firm,0,0,0,0.2288,None,799,1.3604,3.78,4.21,0.83
company_00720,Bhaskar Automotive Private Limited,0,0,0,0.3469,None,757,2.6709,10.51,3.54,1.7
company_00721,Bharat Foods 407 Private Limited,0,0,0,0.1977,None,803,0.7937,3.82,6.65,2.27
company_00722,Vidya Logistics LLP,0,0,0,0.2236,None,732,1.0783,6.07,2.75,2.22
company_00723,Sterling Textiles 470 Private Limited,0,0,0,0.2615,None,740,1.3253,3.61,3.73,1.93
company_00724,Zenith Solutions 258 Partnership Firm,0,0,0,0.2716,None,720,0.8801,3.34,5.67,3.11
company_00725,Shivam Automotive 869 Partnership Firm,0,0,0,0.1965,None,708,1.0805,6.11,4.51,2.04
company_00726,Aditya Industries LLP,0,0,0,0.1162,None,775,2.0499,5.46,4.98,2.28
company_00727,Ganesh Infotech Private Limited,0,0,0,0.1422,None,718,1.501,10.77,9.05,3.83
company_00728,Ambika Chemicals LLP,0,0,0,0.076,None,748,1.3041,7.0,2.76,1.34
company_00729,Infinity Chemicals Partnership Firm,0,0,0,0.3086,None,762,1.3651,10.27,5.45,4.0
company_00730,Bharat Industries Partnership Firm,0,0,0,0.0852,None,762,1.3849,4.33,3.63,3.32
company_00731,Tejas Enterprises 796 Private Limited,0,0,0,0.132,None,791,1.0555,4.59,3.73,1.16
company_00732,Vidya Infrastructure Private Limited,0,0,0,0.145,None,760,1.3054,7.68,3.77,1.62
company_00733,Vidya Foods Private Limited,0,0,0,0.0895,None,795,1.7226,7.15,5.45,3.91
company_00734,Bharat Industries 490 Partnership Firm,0,0,0,0.12,None,708,1.209,8.46,4.25,2.27
company_00735,Hindustan Pharma Partnership Firm,0,0,0,0.2724,None,722,1.577,4.08,4.75,2.4
company_00736,Ambika Builders LLP,1,0,1,0.9246,shell_company,456,1.1051,36.68,35.02,10.01
company_00737,Vanguard Logistics 283 Partnership Firm,0,0,0,0.2262,None,723,1.1411,3.51,3.39,1.83
company_00738,Ambika Renewables Partnership Firm,1,0,1,0.9523,benami_siphoning,704,0.9926,18.81,36.37,10.88
company_00739,Hindustan Logistics Partnership Firm,0,0,0,0.3176,None,772,1.1038,7.31,3.36,0.34
company_00740,Surya Renewables Partnership Firm,0,0,0,0.1925,None,728,1.1624,4.43,3.33,7.59
company_00741,Vidya Builders 133 LLP,1,0,1,0.9348,shell_company,452,1.2691,48.65,23.4,9.3
company_00742,Shivam Infotech 855 LLP,1,0,1,0.6295,evergreening,727,0.6452,17.36,7.85,10.44
company_00743,Radhe Logistics 384 Partnership Firm,0,0,0,0.1801,None,699,1.1039,2.67,5.45,3.89
company_00744,Hindustan Pharma 314 Partnership Firm,0,0,0,0.2265,None,788,1.394,3.19,3.86,0.58
company_00745,Vanguard Power 327 Private Limited,0,0,0,0.1543,None,715,1.5478,3.49,6.14,1.73
company_00746,Matrix Infotech LLP,0,0,0,0.0357,None,756,1.4316,3.92,3.62,3.86
company_00747,Urja Automotive Private Limited,0,1,1,0.4731,revenue_inflation,688,1.299,3.79,3.54,4.67
company_00748,Delta Foods 637 Partnership Firm,0,0,0,0.1618,None,712,3.0373,2.87,3.06,4.69
company_00749,Zenith Solutions 643 LLP,0,0,0,0.2242,None,683,1.6408,5.78,6.18,2.4
company_00750,Delta Power 169 Partnership Firm,1,0,1,0.9213,shell_company,611,1.4851,46.08,48.26,6.77
company_00751,Zenith Pharma 623 Partnership Firm,0,0,0,0.2899,None,826,1.5163,5.14,4.23,5.34
company_00752,Vanguard Builders 853 Partnership Firm,0,1,1,0.5976,seasonal_manipulation,707,1.4174,3.13,3.2,2.16
company_00753,Vidya Solutions Private Limited,0,0,0,0.2376,None,743,1.3695,2.94,2.62,1.93
company_00754,Navrachana Energy 416 Partnership Firm,1,0,1,0.6178,evergreening,625,1.0325,11.19,11.49,14.9
company_00755,Urja Chemicals Private Limited,0,0,0,0.0855,None,771,1.3366,4.91,3.26,1.29
company_00756,Sterling Logistics Partnership Firm,0,0,0,0.3455,None,740,1.3379,5.75,9.32,1.95
company_00757,Radhe Metals LLP,0,0,0,0.0604,None,761,0.9798,7.15,3.33,1.55
company_00758,Sterling Energy Partnership Firm,0,0,0,0.3376,None,741,1.9004,5.67,5.45,2.43
company_00759,Surya Infrastructure 439 Partnership Firm,0,0,0,0.2474,None,713,1.1584,4.35,7.25,2.83
company_00760,Vidya Renewables 402 Partnership Firm,0,1,1,0.5726,evergreening,789,1.4378,4.2,4.19,1.27
company_00761,Vanguard Textiles Partnership Firm,0,0,0,0.0916,None,818,1.182,3.95,3.98,1.94
company_00762,Matrix Healthcare 963 Private Limited,0,0,0,0.1697,None,810,2.5786,4.95,4.7,0.9
company_00763,Vidya Enterprises Private Limited,0,0,0,0.1123,None,745,0.9009,3.99,4.61,1.66
company_00764,Shivam Pharma 885 LLP,1,0,1,0.8419,benami_siphoning,667,1.1073,24.04,22.08,5.63
company_00765,Vanguard Chemicals 843 Partnership Firm,0,0,0,0.307,None,753,1.5672,7.76,3.66,1.49
company_00766,Ganesh Builders LLP,0,1,1,0.7327,benami_siphoning,781,1.1086,6.04,5.21,4.18
company_00767,Infinity Textiles Private Limited,0,0,0,0.319,None,717,1.7572,4.34,3.01,1.56
company_00768,Matrix Solutions Partnership Firm,0,0,0,0.0334,None,674,1.1855,5.97,4.71,4.54
company_00769,Matrix Textiles 200 Partnership Firm,0,0,0,0.1902,None,734,1.0161,4.0,4.03,1.98
company_00770,Ambika Retail 625 Private Limited,0,0,0,0.2055,None,767,1.9823,4.86,4.08,3.87
company_00771,Bhaskar Industries Private Limited,1,0,1,0.8955,shell_company,554,1.4744,54.23,22.5,15.34
company_00772,Tejas Renewables Private Limited,0,0,0,0.0218,None,714,0.8248,8.96,3.59,4.68
company_00773,Navrachana Infrastructure Private Limited,1,0,1,0.8839,circular_trading,649,0.7377,36.29,36.82,10.42
company_00774,Navrachana Foods 710 Partnership Firm,1,0,1,0.6447,evergreening,661,0.7579,8.54,6.4,11.89
company_00775,Kalyani Foods LLP,0,0,0,0.0521,None,833,1.1101,3.89,3.46,0.0
company_00776,Vidya Enterprises 130 Private Limited,0,0,0,0.23,None,683,1.5202,4.47,5.47,2.79
company_00777,Ganesh Infrastructure LLP,1,0,1,0.8495,circular_trading,713,0.7736,20.83,20.76,4.26
company_00778,Arogya Logistics 534 LLP,0,0,0,0.3275,None,770,1.5275,7.89,4.3,1.52
company_00779,Vanguard Foods Private Limited,0,0,0,0.2234,None,692,2.0076,3.75,3.85,2.66
company_00780,Urja Textiles Private Limited,1,0,1,0.8677,shell_company,583,0.8216,41.99,33.42,8.95
company_00781,Ambika Power 330 LLP,0,0,0,0.3469,None,831,1.2609,3.51,3.17,1.28
company_00782,Surya Power LLP,0,0,0,0.0393,None,826,1.8421,3.12,3.09,1.89
company_00783,Zenith Automotive 680 Private Limited,0,0,0,0.3248,None,684,1.3849,4.96,7.15,2.59
company_00784,Sterling Builders Partnership Firm,0,0,0,0.0347,None,735,1.9183,6.2,3.29,1.91
company_00785,Vidya Metals LLP,0,0,0,0.0555,None,754,1.4721,5.15,3.66,2.38
company_00786,Shivam Renewables 237 Partnership Firm,1,0,1,0.9038,benami_siphoning,665,0.8721,22.34,22.66,8.0
company_00787,Matrix Industries Partnership Firm,0,0,0,0.12,None,728,1.0315,5.5,3.18,1.3
company_00788,Urja Logistics 973 Partnership Firm,0,0,0,0.2871,None,724,1.8328,3.18,3.4,4.87
company_00789,Zenith Infrastructure LLP,0,0,0,0.1962,None,697,1.555,4.52,3.59,3.64
company_00790,Tejas Pharma Partnership Firm,0,0,0,0.2428,None,749,1.2695,6.2,3.58,2.16
company_00791,Karan Pharma Partnership Firm,0,0,0,0.1973,None,793,1.0323,7.04,4.39,0.95
company_00792,Shivam Automotive 457 LLP,1,0,1,0.7837,evergreening,666,0.8023,15.47,6.36,13.1
company_00793,Bhaskar Renewables 772 Partnership Firm,0,0,0,0.3087,None,789,1.7346,3.82,3.63,1.65
company_00794,Arogya Industries 367 Partnership Firm,0,0,0,0.1254,None,721,1.1057,5.08,7.11,2.16
company_00795,Ambika Infotech LLP,0,0,0,0.0694,None,717,1.5357,3.69,5.14,5.18
company_00796,Matrix Pharma Private Limited,0,0,0,0.1146,None,783,1.4721,4.17,2.31,2.16
company_00797,Vidya Pharma Partnership Firm,0,0,0,0.0341,None,616,1.5117,6.69,8.75,4.08
company_00798,Apex Energy LLP,1,0,1,0.9609,circular_trading,633,0.5913,37.32,26.32,7.16
company_00799,Karan Industries 409 LLP,1,0,1,0.5337,revenue_inflation,635,1.0293,25.29,34.68,4.84
company_00800,Radhe Builders Partnership Firm,0,1,1,0.4639,revenue_inflation,783,1.8041,5.11,3.83,1.15
company_00801,Bharat Foods 318 Private Limited,0,0,0,0.0122,None,731,2.629,5.33,4.64,3.21
company_00802,Aditya Logistics Private Limited,1,0,1,0.6902,evergreening,639,0.4556,10.27,6.33,18.96
company_00803,Hindustan Power Partnership Firm,1,0,1,0.6112,benami_siphoning,681,0.9453,12.2,26.6,10.7
company_00804,Matrix Chemicals 687 Private Limited,0,0,0,0.2906,None,778,1.2748,3.83,3.41,2.13
company_00805,Ambika Enterprises Partnership Firm,0,0,0,0.2515,None,754,1.3736,4.82,3.21,2.23
company_00806,Aditya Foods 427 Partnership Firm,1,0,1,0.8972,seasonal_manipulation,550,1.0944,26.34,10.24,16.34
company_00807,Vanguard Pharma 140 LLP,0,0,0,0.1969,None,803,1.1663,2.55,3.04,2.84
company_00808,Apex Healthcare Private Limited,0,0,0,0.2826,None,686,2.024,7.91,5.71,2.66
company_00809,Urja Infotech LLP,1,0,1,0.6311,benami_siphoning,744,0.4866,16.05,23.75,6.8
company_00810,Sterling Retail 899 Partnership Firm,0,0,0,0.0187,None,741,1.4612,12.09,5.66,1.64
company_00811,Vanguard Industries Private Limited,0,0,0,0.1807,None,807,1.8164,8.62,6.67,2.36
company_00812,Bharat Industries 856 Partnership Firm,0,0,0,0.1661,None,725,1.2727,3.39,4.09,4.64
company_00813,Arogya Energy Partnership Firm,0,0,0,0.175,None,782,1.5547,4.96,3.22,1.58
company_00814,Vanguard Automotive Private Limited,0,0,0,0.1559,None,689,1.4233,5.25,4.78,2.86
company_00815,Arogya Industries 977 Partnership Firm,0,0,0,0.233,None,736,1.624,5.08,5.0,2.07
company_00816,Bharat Infrastructure LLP,0,0,0,0.1039,None,755,1.1533,5.82,3.27,2.35
company_00817,Radhe Chemicals Partnership Firm,0,0,0,0.0808,None,726,2.2246,2.37,3.88,2.72
company_00818,Shivam Healthcare Partnership Firm,0,0,0,0.2695,None,795,1.2672,2.2,2.78,1.77
company_00819,Sterling Textiles Partnership Firm,0,0,0,0.328,None,731,1.1883,4.43,4.14,2.44
company_00820,Vidya Enterprises 328 Private Limited,0,0,0,0.2213,None,725,1.3861,8.0,6.78,2.15
company_00821,Kalyani Healthcare 535 Private Limited,0,0,0,0.1276,None,722,1.4134,5.54,4.52,2.92
company_00822,Hindustan Infrastructure 300 Partnership Firm,0,0,0,0.2877,None,687,1.2913,4.56,3.85,2.68
company_00823,Zenith Automotive 671 Partnership Firm,0,0,0,0.3105,None,755,1.055,13.14,3.02,1.34
company_00824,Sterling Retail Private Limited,0,0,0,0.1641,None,760,1.2736,1.98,3.26,2.25
company_00825,Aditya Infotech Partnership Firm,0,0,0,0.0757,None,749,1.7223,2.64,3.58,2.34
company_00826,Zenith Textiles LLP,0,0,0,0.3042,None,818,1.3981,5.23,4.1,1.31
company_00827,Kalyani Builders Private Limited,0,0,0,0.2604,None,750,0.9823,2.48,2.49,2.13
company_00828,Matrix Foods Partnership Firm,0,0,0,0.0235,None,693,1.3096,4.63,2.81,2.11
company_00829,Vidya Logistics 812 Private Limited,0,0,0,0.3036,None,752,1.2173,2.56,3.05,2.62
company_00830,Kalyani Renewables Private Limited,1,0,1,0.9734,circular_trading,661,0.3573,37.08,25.08,9.37
company_00831,Navrachana Metals 792 Private Limited,1,0,1,0.857,circular_trading,628,0.8164,44.15,19.96,6.64
company_00832,Karan Pharma 457 Partnership Firm,0,0,0,0.1971,None,697,2.291,4.21,3.59,2.56
company_00833,Navrachana Enterprises 558 Private Limited,1,0,1,0.8813,benami_siphoning,719,0.8317,15.95,28.89,7.79
company_00834,Vidya Infrastructure LLP,0,0,0,0.104,None,799,1.1074,6.94,3.59,1.95
company_00835,Hindustan Infrastructure 518 Partnership Firm,0,0,0,0.3401,None,726,1.44,4.18,5.28,2.52
company_00836,Kalyani Enterprises 220 LLP,1,0,1,0.644,revenue_inflation,685,0.9419,26.3,33.31,6.04
company_00837,Delta Solutions Partnership Firm,0,0,0,0.293,None,735,1.2147,3.39,5.36,1.66
company_00838,Ganesh Healthcare 639 Private Limited,0,0,0,0.2438,None,796,1.1537,5.2,4.87,1.84
company_00839,Aditya Renewables Partnership Firm,0,0,0,0.3093,None,788,1.0707,5.84,3.24,1.4
company_00840,Vanguard Enterprises Private Limited,1,0,1,0.909,evergreening,643,1.3009,18.72,15.14,19.87
company_00841,Vanguard Builders Private Limited,0,0,0,0.3452,None,748,0.6164,3.08,3.02,0.94
company_00842,Vanguard Logistics Private Limited,0,0,0,0.2119,None,781,1.3447,4.2,6.61,3.68
company_00843,Shivam Chemicals Private Limited,0,0,0,0.0354,None,755,0.6939,7.82,3.6,4.38
company_00844,Arogya Industries 314 LLP,0,0,0,0.3369,None,736,1.9541,2.59,3.17,3.33
company_00845,Bhaskar Textiles 941 LLP,0,0,0,0.3208,None,793,1.1069,3.4,2.95,3.58
company_00846,Urja Industries 138 Partnership Firm,0,0,0,0.1463,None,773,0.9998,4.87,7.02,3.29
company_00847,Infinity Pharma Partnership Firm,0,0,0,0.3193,None,751,1.5449,4.04,3.49,2.75
company_00848,Ambika Solutions Private Limited,0,0,0,0.0511,None,707,1.1327,3.34,4.59,4.89
company_00849,Arogya Renewables 735 LLP,0,0,0,0.0477,None,771,1.9424,2.64,6.49,1.91
company_00850,Vidya Solutions Partnership Firm,0,1,1,0.63,circular_trading,751,1.7159,12.18,2.93,2.78
company_00851,Shivam Infotech 713 LLP,0,0,0,0.1244,None,740,1.5543,7.75,3.86,3.5
company_00852,Urja Power Private Limited,1,0,1,0.8675,seasonal_manipulation,678,1.3692,33.13,15.1,6.18
company_00853,Kalyani Infrastructure LLP,1,0,1,0.7074,revenue_inflation,631,0.9489,31.06,32.61,5.94
company_00854,Apex Metals LLP,0,0,0,0.0816,None,734,1.3442,4.81,4.01,2.04
company_00855,Matrix Enterprises 914 Private Limited,0,0,0,0.1495,None,741,1.8089,4.55,4.2,1.4
company_00856,Sterling Industries 873 Partnership Firm,0,0,0,0.2651,None,782,0.7534,6.73,3.57,1.22
company_00857,Infinity Industries Private Limited,0,0,0,0.327,None,807,2.2912,2.52,2.6,1.21
company_00858,Ambika Healthcare LLP,0,0,0,0.3087,None,736,1.9984,3.05,3.33,1.77
company_00859,Navrachana Chemicals 192 Private Limited,0,0,0,0.2415,None,696,1.0321,3.62,5.0,4.47
company_00860,Shivam Builders 639 Partnership Firm,0,0,0,0.1663,None,754,1.1127,3.82,3.48,3.35
company_00861,Shivam Foods 243 LLP,0,0,0,0.0341,None,779,1.8077,4.47,4.43,1.22
company_00862,Arogya Retail 514 Private Limited,0,0,0,0.3045,None,702,1.7123,3.32,4.4,2.25
company_00863,Karan Solutions Partnership Firm,0,0,0,0.2912,None,800,1.1578,2.72,2.94,1.08
company_00864,Zenith Retail Partnership Firm,0,0,0,0.0285,None,818,1.1697,7.31,5.59,0.86
company_00865,Bhaskar Retail Private Limited,0,0,0,0.0705,None,750,1.3691,4.06,4.31,1.64
company_00866,Aditya Enterprises 136 Private Limited,0,0,0,0.0459,None,715,1.2466,5.03,3.53,4.05
company_00867,Hindustan Metals LLP,0,0,0,0.2877,None,781,0.9444,3.12,4.89,1.62
company_00868,Sterling Textiles LLP,0,1,1,0.4681,evergreening,644,1.134,2.64,8.4,4.5
company_00869,Vidya Automotive 771 Partnership Firm,0,0,0,0.1826,None,748,1.246,12.16,3.38,2.34
company_00870,Sterling Logistics Private Limited,0,0,0,0.0149,None,737,1.0738,2.65,5.03,1.83
company_00871,Ganesh Builders 125 LLP,0,0,0,0.3331,None,744,1.375,6.6,3.55,2.19
company_00872,Ambika Renewables Private Limited,0,0,0,0.2245,None,817,1.568,3.18,3.16,0.74
company_00873,Surya Retail Partnership Firm,0,0,0,0.1772,None,793,1.2707,2.71,5.26,2.24
company_00874,Ganesh Industries 214 LLP,1,0,1,0.9249,revenue_inflation,637,0.4923,51.06,23.06,8.61
company_00875,Aditya Builders 627 LLP,0,0,0,0.176,None,741,1.3418,9.8,2.68,0.72
company_00876,Sterling Builders 485 Private Limited,0,0,0,0.2566,None,751,2.0709,5.07,4.5,2.52
company_00877,Ambika Energy Private Limited,0,0,0,0.0163,None,755,1.9987,7.2,3.81,1.81
company_00878,Vidya Enterprises 297 LLP,0,0,0,0.0705,None,711,2.4002,4.17,3.47,6.01
company_00879,Apex Power Private Limited,0,0,0,0.052,None,752,0.9957,5.0,4.98,1.98
company_00880,Arogya Power 401 Private Limited,0,0,0,0.2035,None,779,1.9909,4.39,4.37,2.34
company_00881,Sterling Healthcare Partnership Firm,0,0,0,0.1963,None,726,1.5387,5.07,3.06,4.2
company_00882,Bhaskar Solutions 219 Private Limited,1,0,1,0.8625,revenue_inflation,651,0.9334,64.8,29.29,16.5
company_00883,Matrix Industries 422 LLP,0,0,0,0.3266,None,749,1.0048,4.48,3.81,1.0
company_00884,Hindustan Retail 286 Private Limited,0,0,0,0.0892,None,819,1.6882,5.32,3.38,1.24
company_00885,Matrix Power 115 Private Limited,0,0,0,0.331,None,737,1.658,2.69,7.61,1.69
company_00886,Arogya Healthcare Partnership Firm,0,0,0,0.0972,None,760,2.2052,4.15,3.59,1.53
company_00887,Matrix Logistics Private Limited,0,0,0,0.1992,None,753,1.1717,7.98,5.5,3.51
company_00888,Sterling Foods Partnership Firm,0,0,0,0.2098,None,760,1.4817,4.46,3.78,1.69
company_00889,Bhaskar Metals 772 Partnership Firm,0,0,0,0.0601,None,751,1.542,3.11,4.81,1.96
company_00890,Hindustan Pharma 828 Partnership Firm,0,0,0,0.2214,None,673,2.0134,5.4,3.95,2.79
company_00891,Karan Retail Partnership Firm,0,0,0,0.3337,None,811,1.3259,11.15,4.75,0.85
company_00892,Delta Renewables Partnership Firm,0,0,0,0.1676,None,803,2.4287,5.61,6.37,0.51
company_00893,Ganesh Healthcare 361 LLP,0,0,0,0.3192,None,724,1.7273,5.52,3.83,3.86
company_00894,Arogya Power 557 Partnership Firm,0,0,0,0.0118,None,783,1.6509,3.75,2.42,0.49
company_00895,Hindustan Textiles LLP,0,0,0,0.1293,None,803,2.006,9.67,4.82,2.64
company_00896,Aditya Foods Private Limited,0,0,0,0.3038,None,778,0.9537,3.31,3.87,3.45
company_00897,Shivam Renewables 129 LLP,0,0,0,0.0108,None,820,1.6453,2.62,2.54,2.05
company_00898,Infinity Infotech 990 LLP,0,0,0,0.3019,None,657,1.2405,3.51,2.91,2.27
company_00899,Radhe Retail Private Limited,0,1,1,0.5168,shell_company,726,1.3919,2.94,3.74,3.0
company_00900,Matrix Foods LLP,0,0,0,0.2691,None,731,1.9823,4.29,3.57,1.77
company_00901,Karan Chemicals LLP,0,1,1,0.5104,revenue_inflation,738,1.3347,5.33,3.71,2.12
company_00902,Delta Chemicals Private Limited,0,0,0,0.2373,None,772,1.8467,3.51,3.89,1.02
company_00903,Infinity Logistics LLP,0,0,0,0.2811,None,720,1.3669,5.73,5.37,2.26
company_00904,Ambika Power 218 Private Limited,0,0,0,0.0782,None,763,2.1298,4.84,3.55,1.82
company_00905,Bharat Foods 794 Partnership Firm,0,0,0,0.171,None,701,1.1998,15.55,6.36,2.28
company_00906,Tejas Retail 948 Private Limited,0,0,0,0.2044,None,797,1.6136,4.54,3.83,1.35
company_00907,Bhaskar Infrastructure Partnership Firm,0,0,0,0.2816,None,702,1.5362,10.11,3.46,2.73
company_00908,Shivam Textiles Private Limited,0,0,0,0.1611,None,704,1.406,2.1,2.58,3.31
company_00909,Arogya Chemicals 498 Partnership Firm,0,0,0,0.185,None,696,1.2808,4.17,3.5,3.74
company_00910,Arogya Industries 633 Private Limited,0,0,0,0.162,None,740,1.5211,4.4,7.11,2.24
company_00911,Tejas Enterprises 330 LLP,0,0,0,0.0107,None,742,1.7764,7.43,3.93,2.72
company_00912,Sterling Chemicals Partnership Firm,0,0,0,0.0957,None,675,1.2957,2.6,7.95,2.21
company_00913,Shivam Pharma 104 LLP,0,0,0,0.1398,None,795,1.4436,1.93,4.59,1.98
company_00914,Karan Retail Private Limited,0,0,0,0.2152,None,772,1.4151,4.3,3.81,1.55
company_00915,Vidya Infotech 568 Partnership Firm,0,0,0,0.044,None,795,0.8381,5.39,3.1,3.4
company_00916,Vanguard Healthcare 577 Private Limited,0,0,0,0.1919,None,781,1.5551,2.87,2.78,1.17
company_00917,Arogya Automotive 670 Partnership Firm,0,0,0,0.296,None,739,1.636,3.95,5.94,4.13
company_00918,Tejas Textiles LLP,0,0,0,0.278,None,779,1.7842,3.84,6.29,2.7
company_00919,Aditya Chemicals LLP,0,0,0,0.1567,None,786,1.0921,3.21,5.07,1.83
company_00920,Karan Logistics Partnership Firm,0,0,0,0.0259,None,764,2.3941,2.23,6.46,1.94
company_00921,Matrix Enterprises 670 Private Limited,0,0,0,0.1889,None,792,1.5493,6.71,2.99,0.49
company_00922,Shivam Industries 884 Partnership Firm,0,0,0,0.1406,None,738,1.0682,3.56,3.08,2.07
company_00923,Vidya Renewables 366 Partnership Firm,0,0,0,0.1336,None,738,1.2146,2.45,2.92,4.01
company_00924,Matrix Healthcare 779 LLP,0,0,0,0.0937,None,703,1.3896,3.01,3.5,2.61
company_00925,Navrachana Foods 962 Private Limited,0,0,0,0.0701,None,764,1.4311,2.85,5.25,1.85
company_00926,Bharat Solutions Private Limited,0,0,0,0.2787,None,747,1.4712,4.66,5.94,1.83
company_00927,Infinity Logistics Partnership Firm,0,0,0,0.1928,None,784,2.7253,6.41,3.38,3.25
company_00928,Sterling Power 883 Private Limited,0,0,0,0.1098,None,788,1.2297,2.84,3.7,1.86
company_00929,Bharat Automotive 438 LLP,0,0,0,0.1673,None,803,1.9544,4.26,6.25,1.39
company_00930,Vidya Renewables 843 Partnership Firm,0,0,0,0.2761,None,692,1.3273,3.01,4.31,2.65
company_00931,Urja Enterprises Partnership Firm,0,0,0,0.073,None,673,2.0024,4.21,5.52,2.86
company_00932,Arogya Foods 827 LLP,0,0,0,0.0313,None,758,1.3961,6.03,6.26,1.15
company_00933,Surya Power 454 LLP,0,0,0,0.112,None,794,1.4185,3.26,3.78,1.72
company_00934,Bhaskar Builders LLP,0,0,0,0.0222,None,749,0.9699,6.83,3.87,2.23
company_00935,Bhaskar Textiles 742 LLP,0,0,0,0.3253,None,749,2.1498,4.74,5.37,1.35
company_00936,Shivam Enterprises 420 LLP,1,0,1,0.8966,revenue_inflation,667,0.8519,34.4,20.26,7.57
company_00937,Ambika Industries 391 Partnership Firm,0,0,0,0.0406,None,754,1.0814,6.94,3.37,2.39
company_00938,Vanguard Healthcare 385 LLP,0,0,0,0.2395,None,718,1.8517,5.99,3.63,2.2
company_00939,Radhe Infotech Partnership Firm,0,0,0,0.0512,None,775,0.8558,4.72,3.49,2.79
company_00940,Ambika Infrastructure Private Limited,0,0,0,0.0156,None,783,1.3529,4.38,4.48,3.12
company_00941,Apex Energy 315 Partnership Firm,0,0,0,0.2909,None,686,1.2864,5.91,4.38,2.73
company_00942,Hindustan Automotive 261 Private Limited,0,0,0,0.0543,None,778,1.101,4.94,3.63,2.17
company_00943,Infinity Infrastructure LLP,0,0,0,0.2158,None,645,1.5017,3.82,4.54,3.1
company_00944,Sterling Industries LLP,0,0,0,0.0609,None,810,1.2022,8.65,5.71,1.17
company_00945,Aditya Foods 299 Private Limited,0,0,0,0.1458,None,796,1.762,4.25,4.64,1.25
company_00946,Apex Metals 305 LLP,0,0,0,0.2872,None,809,1.1524,6.29,3.18,1.71
company_00947,Arogya Infrastructure 297 LLP,0,0,0,0.2431,None,683,1.0727,10.4,2.93,3.28
company_00948,Matrix Energy 942 LLP,1,0,1,0.9201,seasonal_manipulation,685,0.6095,56.99,14.26,7.25
company_00949,Vidya Solutions 569 Partnership Firm,0,0,0,0.3021,None,722,1.0274,4.01,8.46,3.46
company_00950,Surya Pharma Partnership Firm,0,0,0,0.2728,None,771,1.9563,8.14,5.19,1.92
company_00951,Bharat Power LLP,0,0,0,0.2516,None,729,1.5487,5.45,5.12,5.87
company_00952,Sterling Infotech 366 Private Limited,0,0,0,0.1603,None,784,1.2786,4.24,3.55,1.62
company_00953,Karan Foods LLP,0,0,0,0.0285,None,716,1.4952,4.4,4.21,3.95
company_00954,Apex Metals Partnership Firm,0,0,0,0.113,None,775,0.7106,3.81,5.46,1.93
company_00955,Apex Chemicals LLP,0,0,0,0.2594,None,765,1.7603,6.72,7.53,4.18
company_00956,Kalyani Automotive 265 Private Limited,0,0,0,0.1862,None,749,1.6846,3.25,3.52,3.31
company_00957,Vanguard Infrastructure 221 Partnership Firm,0,0,0,0.1583,None,742,1.1351,2.27,3.81,2.09
company_00958,Kalyani Retail 984 Private Limited,1,0,1,0.9405,shell_company,526,0.5091,42.43,38.5,7.01
company_00959,Arogya Renewables 414 Private Limited,1,0,1,0.6636,revenue_inflation,654,1.3493,28.98,27.08,4.55
company_00960,Delta Automotive Private Limited,0,0,0,0.0756,None,793,1.0029,3.52,2.55,1.06
company_00961,Matrix Retail 415 LLP,0,0,0,0.258,None,698,1.1095,3.78,3.02,2.32
company_00962,Shivam Energy LLP,0,0,0,0.055,None,716,1.8455,6.82,5.14,2.08
company_00963,Tejas Builders 264 Private Limited,0,0,0,0.3319,None,784,1.6525,4.36,3.53,2.63
company_00964,Bhaskar Renewables 319 Partnership Firm,1,0,1,0.9142,revenue_inflation,633,1.2614,28.72,37.36,12.84
company_00965,Matrix Pharma 549 Partnership Firm,0,0,0,0.1438,None,782,1.3839,3.21,7.55,9.39
company_00966,Urja Renewables 514 LLP,1,0,1,0.9626,benami_siphoning,701,0.9496,25.45,26.66,14.27
company_00967,Bhaskar Industries 123 LLP,0,0,0,0.0108,None,838,2.1495,5.13,3.09,3.32
company_00968,Aditya Builders Private Limited,1,0,1,0.9174,benami_siphoning,698,1.2795,27.37,38.15,7.76
company_00969,Sterling Automotive 149 LLP,0,0,0,0.2363,None,771,2.1433,8.13,4.63,2.21
company_00970,Karan Renewables 807 Private Limited,0,0,0,0.2468,None,682,1.5037,5.06,4.27,2.94
company_00971,Arogya Foods 747 Private Limited,0,0,0,0.283,None,727,1.9053,3.64,7.43,3.16
company_00972,Radhe Chemicals 505 LLP,0,0,0,0.2009,None,710,1.2962,5.64,2.79,2.53
company_00973,Karan Pharma Private Limited,1,0,1,0.5416,revenue_inflation,690,0.947,33.51,24.19,6.35
company_00974,Ambika Chemicals Private Limited,0,0,0,0.1307,None,782,1.0355,3.41,4.19,1.71
company_00975,Aditya Industries Private Limited,0,0,0,0.114,None,786,1.4843,2.45,4.48,1.66
company_00976,Urja Retail Private Limited,0,0,0,0.1826,None,730,1.0377,4.94,3.79,2.24
company_00977,Bharat Power 929 LLP,0,0,0,0.2371,None,713,1.5286,4.91,4.21,1.91
company_00978,Kalyani Logistics 342 LLP,0,0,0,0.0333,None,710,1.7447,1.95,3.11,2.8
company_00979,Surya Chemicals 331 Partnership Firm,0,0,0,0.1292,None,722,1.247,11.66,3.54,2.24
company_00980,Ambika Logistics Partnership Firm,1,0,1,0.9653,shell_company,542,0.7545,46.36,32.51,9.81
company_00981,Matrix Logistics 859 Private Limited,1,0,1,0.8324,revenue_inflation,635,0.5136,23.18,31.49,5.6
company_00982,Sterling Logistics 964 Partnership Firm,0,1,1,0.6624,shell_company,778,2.0803,3.42,3.68,2.36
company_00983,Ganesh Foods LLP,0,0,0,0.3003,None,713,0.7652,5.44,7.8,7.49
company_00984,Sterling Healthcare 415 Private Limited,0,0,0,0.1926,None,796,1.6446,4.62,4.83,1.54
company_00985,Radhe Foods Partnership Firm,0,0,0,0.3375,None,733,1.267,3.46,3.08,2.21
company_00986,Apex Infrastructure 380 Partnership Firm,0,0,0,0.053,None,698,1.3633,11.43,4.64,3.12
company_00987,Karan Pharma 891 Private Limited,0,0,0,0.2809,None,726,1.8512,2.06,3.56,2.25
company_00988,Kalyani Textiles 443 Partnership Firm,0,0,0,0.0816,None,719,1.4739,4.41,3.65,1.92
company_00989,Navrachana Solutions 958 Partnership Firm,0,1,1,0.4493,revenue_inflation,785,1.9484,5.41,5.05,1.4
company_00990,Karan Healthcare 418 Private Limited,0,0,0,0.0984,None,756,1.1712,2.78,3.04,3.67
company_00991,Infinity Pharma 432 LLP,1,0,1,0.9492,seasonal_manipulation,610,0.9521,43.78,35.79,9.29
company_00992,Delta Builders 353 Partnership Firm,0,0,0,0.0321,None,786,1.619,6.06,2.91,2.4
company_00993,Infinity Automotive 148 LLP,0,0,0,0.1224,None,827,1.9636,2.11,3.23,1.88
company_00994,Hindustan Infrastructure Private Limited,1,0,1,0.8445,shell_company,571,0.6152,36.2,20.82,4.83
company_00995,Urja Energy 747 LLP,0,0,0,0.2923,None,787,2.3519,4.61,4.11,2.87
company_00996,Kalyani Logistics 493 LLP,0,0,0,0.0291,None,772,1.2309,3.58,4.38,1.57
company_00997,Arogya Logistics Private Limited,1,0,1,0.8849,revenue_inflation,613,0.4985,36.14,28.23,10.11
company_00998,Bharat Chemicals 867 Private Limited,1,0,1,0.8045,benami_siphoning,552,0.7786,15.76,22.21,7.68
company_00999,Radhe Metals Partnership Firm,1,0,1,0.9564,shell_company,584,0.3659,48.13,39.61,9.52
company_01000,Vidya Builders Partnership Firm,0,0,0,0.0251,None,801,1.5508,2.48,3.96,3.02
company_01001,Matrix Foods 345 LLP,0,1,1,0.5083,circular_trading,788,1.6132,8.66,3.21,1.11
company_01002,Hindustan Renewables Partnership Firm,0,0,0,0.0772,None,769,1.402,3.28,2.98,0.8
company_01003,Aditya Enterprises 458 Private Limited,0,0,0,0.2997,None,810,0.9642,1.86,4.16,0.81
company_01004,Matrix Foods 137 Private Limited,0,0,0,0.1608,None,708,1.0667,2.03,6.51,2.05
company_01005,Vanguard Healthcare 245 Partnership Firm,0,0,0,0.1729,None,758,1.3718,7.17,3.47,2.31
company_01006,Radhe Healthcare LLP,0,0,0,0.1462,None,705,1.2844,4.84,4.37,2.94
company_01007,Navrachana Builders 564 Partnership Firm,0,0,0,0.0391,None,739,2.0633,3.73,3.28,4.48
company_01008,Shivam Renewables 644 LLP,0,0,0,0.027,None,747,1.2865,3.76,5.44,1.12
company_01009,Ambika Infrastructure 395 Partnership Firm,0,0,0,0.0123,None,786,2.1038,4.23,3.99,3.77
company_01010,Sterling Retail 810 Partnership Firm,1,0,1,0.8902,benami_siphoning,736,1.0775,15.39,43.44,5.95
company_01011,Delta Power LLP,0,0,0,0.2818,None,808,1.7865,3.38,3.27,0.53
company_01012,Ganesh Power Private Limited,1,0,1,0.9599,evergreening,667,0.8379,33.86,10.09,13.74
company_01013,Radhe Infrastructure Partnership Firm,0,0,0,0.3032,None,713,1.174,4.18,7.29,2.1
company_01014,Navrachana Enterprises 933 Private Limited,0,0,0,0.1652,None,774,1.8067,8.19,5.35,1.78
company_01015,Ambika Energy 297 LLP,0,0,0,0.12,None,723,1.0009,6.37,2.95,4.27
company_01016,Tejas Metals 485 Partnership Firm,1,0,1,0.8544,circular_trading,651,0.7643,51.68,29.04,10.94
company_01017,Kalyani Automotive 262 Partnership Firm,0,0,0,0.3424,None,783,1.5505,8.66,4.14,3.3
company_01018,Apex Industries 331 Private Limited,0,0,0,0.2089,None,717,0.7763,2.7,3.25,2.26
company_01019,Ambika Infrastructure 796 LLP,1,0,1,0.9192,evergreening,643,0.9725,26.99,12.41,16.99
company_01020,Kalyani Chemicals LLP,0,0,0,0.25,None,747,1.3856,7.88,4.92,1.88
company_01021,Infinity Logistics 464 Private Limited,0,0,0,0.2535,None,732,0.9,4.89,3.96,4.2
company_01022,Vidya Textiles 470 Private Limited,0,0,0,0.2085,None,738,1.1508,2.09,3.06,2.24
company_01023,Kalyani Textiles 677 Private Limited,0,0,0,0.1352,None,737,2.0418,13.57,4.2,0.91
company_01024,Shivam Infrastructure 918 Partnership Firm,0,0,0,0.1958,None,761,2.007,5.43,3.33,1.48
company_01025,Matrix Pharma 293 LLP,0,0,0,0.0827,None,793,1.4997,7.02,4.84,1.55
company_01026,Radhe Textiles 793 Partnership Firm,0,0,0,0.1629,None,724,1.8054,4.57,3.13,2.66
company_01027,Vidya Metals 208 LLP,0,0,0,0.0411,None,772,1.4553,4.21,7.31,2.14
company_01028,Delta Pharma 792 LLP,0,0,0,0.0525,None,768,1.2656,5.77,3.74,1.74
company_01029,Ambika Builders 740 Private Limited,0,0,0,0.1033,None,759,0.6619,5.73,3.9,2.6
company_01030,Bhaskar Energy LLP,0,0,0,0.1051,None,713,1.4412,2.19,4.38,2.76
company_01031,Ganesh Renewables 763 LLP,0,0,0,0.0663,None,734,1.2567,6.42,3.74,3.29
company_01032,Infinity Chemicals 493 Private Limited,1,0,1,0.5709,circular_trading,661,0.4912,28.51,16.55,3.98
company_01033,Kalyani Automotive 317 Partnership Firm,1,0,1,0.869,benami_siphoning,695,1.4343,16.73,26.43,8.9
company_01034,Arogya Healthcare Private Limited,0,0,0,0.1849,None,785,1.1143,5.27,4.6,4.2
company_01035,Radhe Retail 246 Private Limited,0,0,0,0.2404,None,722,1.3428,5.98,3.53,3.36
company_01036,Urja Healthcare Partnership Firm,0,0,0,0.0749,None,780,1.1034,4.13,2.92,1.37
company_01037,Zenith Solutions Private Limited,1,0,1,0.6922,shell_company,535,0.7718,38.02,25.02,12.0
company_01038,Sterling Healthcare 726 LLP,0,0,0,0.0744,None,785,2.3295,2.9,2.27,3.48
company_01039,Infinity Builders LLP,0,0,0,0.0923,None,755,3.1816,4.45,3.36,9.37
company_01040,Matrix Retail 249 LLP,0,0,0,0.3319,None,792,1.8747,8.55,3.22,5.12
company_01041,Karan Infotech 285 LLP,0,0,0,0.3166,None,773,1.5469,2.0,3.34,3.97
company_01042,Matrix Infrastructure LLP,0,0,0,0.253,None,744,1.4562,4.91,3.05,2.04
company_01043,Delta Infrastructure Private Limited,0,0,0,0.3211,None,763,1.2892,4.07,12.98,3.09
company_01044,Karan Power Private Limited,0,0,0,0.2265,None,764,1.0766,5.85,3.96,2.09
company_01045,Vanguard Energy LLP,0,0,0,0.2569,None,738,1.7265,6.53,4.35,2.29
company_01046,Delta Automotive 223 LLP,0,0,0,0.2101,None,781,1.7436,4.11,6.39,0.91
company_01047,Infinity Textiles 341 LLP,0,0,0,0.0558,None,762,1.6017,4.91,5.01,4.7
company_01048,Bhaskar Pharma LLP,0,0,0,0.058,None,766,1.7365,5.52,7.43,2.48
company_01049,Vidya Pharma Private Limited,0,0,0,0.0267,None,752,1.4931,2.77,2.95,1.71
company_01050,Delta Energy LLP,0,0,0,0.2604,None,747,1.8791,2.13,4.84,2.18
company_01051,Bharat Industries 476 LLP,0,0,0,0.0954,None,759,0.9736,4.86,3.66,1.96
company_01052,Ganesh Textiles 605 Private Limited,0,0,0,0.0287,None,758,1.4683,7.45,3.92,4.19
company_01053,Sterling Power 910 Private Limited,0,0,0,0.2013,None,755,1.4171,4.23,4.9,4.36
company_01054,Urja Power LLP,0,0,0,0.3491,None,870,1.7175,4.05,5.58,0.48
company_01055,Bharat Chemicals 202 LLP,0,0,0,0.2132,None,738,1.7455,6.38,3.12,4.14
company_01056,Karan Logistics LLP,1,0,1,0.9698,evergreening,671,0.7441,23.73,13.08,22.45
company_01057,Delta Foods LLP,0,0,0,0.1407,None,705,1.1053,4.69,4.12,2.78
company_01058,Surya Infrastructure 426 Private Limited,0,0,0,0.328,None,749,1.358,7.41,4.19,0.79
company_01059,Navrachana Builders 721 Private Limited,0,0,0,0.2468,None,737,1.4366,4.19,3.48,1.97
company_01060,Arogya Infrastructure 946 Private Limited,0,0,0,0.0594,None,761,1.745,6.79,4.49,0.79
company_01061,Karan Infotech 526 Partnership Firm,0,0,0,0.2982,None,773,1.0273,6.27,4.23,1.71
company_01062,Ambika Industries 765 Partnership Firm,0,0,0,0.188,None,804,1.8305,2.11,3.2,2.2
company_01063,Surya Chemicals 717 LLP,1,0,1,0.6983,evergreening,738,1.3241,20.46,6.67,10.03
company_01064,Matrix Infrastructure 229 Private Limited,0,1,1,0.4701,revenue_inflation,751,2.125,3.58,3.05,3.04
company_01065,Vidya Automotive 590 Partnership Firm,0,0,0,0.0771,None,757,1.1298,3.52,7.71,2.92
company_01066,Sterling Automotive 700 Partnership Firm,0,0,0,0.2516,None,711,2.1485,4.03,3.75,2.35
company_01067,Hindustan Power 727 Partnership Firm,0,0,0,0.2149,None,770,1.5168,4.14,6.62,2.35
company_01068,Kalyani Textiles 393 Private Limited,0,0,0,0.233,None,770,1.6866,5.23,4.55,1.88
company_01069,Sterling Automotive 370 Partnership Firm,0,0,0,0.1146,None,763,2.2515,2.86,5.21,2.25
company_01070,Bharat Metals Private Limited,0,0,0,0.212,None,765,1.8283,5.01,3.69,1.4
company_01071,Kalyani Chemicals Private Limited,0,0,0,0.086,None,826,1.5861,4.94,2.81,2.04
company_01072,Navrachana Pharma 416 Private Limited,0,0,0,0.1698,None,733,1.8649,2.48,9.43,3.18
company_01073,Ganesh Automotive Partnership Firm,0,0,0,0.1771,None,763,1.8217,6.14,2.62,2.17
company_01074,Tejas Infotech 207 Private Limited,0,0,0,0.3395,None,679,1.1026,12.08,5.91,2.45
company_01075,Vanguard Foods 113 Private Limited,0,0,0,0.1477,None,736,1.5738,7.26,3.78,1.9
company_01076,Ganesh Textiles 519 Partnership Firm,1,0,1,0.8934,revenue_inflation,618,1.644,26.05,31.15,17.65
company_01077,Matrix Healthcare 699 Private Limited,0,0,0,0.0986,None,712,1.5483,3.88,4.44,3.44
company_01078,Sterling Infrastructure Private Limited,0,0,0,0.2169,None,743,1.2995,3.13,10.09,2.73
company_01079,Aditya Builders 672 Private Limited,1,0,1,0.6093,shell_company,486,0.6831,38.61,28.65,7.66
company_01080,Ganesh Power 607 LLP,0,0,0,0.0546,None,782,1.636,3.34,5.88,0.7
company_01081,Radhe Industries 555 Private Limited,1,0,1,0.8996,benami_siphoning,679,0.5454,27.3,32.01,16.97
company_01082,Kalyani Chemicals 690 Private Limited,0,0,0,0.1406,None,754,1.5481,5.03,4.36,1.61
company_01083,Hindustan Logistics 749 Partnership Firm,0,0,0,0.0624,None,790,1.5823,4.42,4.13,1.19
company_01084,Radhe Enterprises 602 LLP,0,0,0,0.0979,None,659,1.3968,4.7,5.11,3.06
company_01085,Ganesh Infotech Partnership Firm,0,0,0,0.3262,None,719,1.3256,2.72,3.1,1.79
company_01086,Hindustan Metals Private Limited,1,0,1,0.5288,revenue_inflation,607,0.4664,31.2,20.27,4.62
company_01087,Radhe Textiles 136 LLP,0,0,0,0.0933,None,769,1.5307,3.44,3.34,1.09
company_01088,Aditya Pharma 482 LLP,0,0,0,0.124,None,762,1.7089,2.95,2.79,4.5
company_01089,Navrachana Automotive LLP,0,0,0,0.1817,None,710,1.57,4.81,3.44,3.05
company_01090,Radhe Healthcare 621 Private Limited,0,0,0,0.0715,None,726,2.0355,3.93,3.48,2.16
company_01091,Delta Foods 424 LLP,1,0,1,0.7152,benami_siphoning,655,1.1803,15.27,21.86,7.2
company_01092,Radhe Retail Partnership Firm,0,0,0,0.1874,None,690,1.5795,3.51,3.55,2.96
company_01093,Apex Power Partnership Firm,0,0,0,0.0714,None,711,1.657,2.22,4.82,2.45
company_01094,Ganesh Pharma Private Limited,0,0,0,0.0442,None,731,1.2973,6.46,6.81,2.42
company_01095,Kalyani Healthcare 551 Partnership Firm,0,0,0,0.2599,None,754,1.1441,6.15,4.79,3.54
company_01096,Bhaskar Logistics 818 LLP,0,0,0,0.2854,None,786,1.7956,3.22,3.44,0.96
company_01097,Aditya Solutions 626 Partnership Firm,0,0,0,0.2411,None,739,2.1121,4.41,4.08,1.63
company_01098,Vanguard Logistics 735 Partnership Firm,0,1,1,0.4352,seasonal_manipulation,731,1.227,2.89,4.88,2.09
company_01099,Radhe Builders 905 Partnership Firm,0,0,0,0.234,None,811,1.4617,4.91,3.75,0.53
company_01100,Tejas Renewables 873 Private Limited,1,0,1,0.9394,benami_siphoning,666,0.9397,15.41,36.19,7.32
company_01101,Navrachana Textiles 402 Partnership Firm,1,0,1,0.9762,revenue_inflation,616,1.2488,37.49,31.31,14.77
company_01102,Vidya Infrastructure 242 Private Limited,0,0,0,0.3231,None,697,1.583,7.44,2.58,2.37
company_01103,Navrachana Enterprises Partnership Firm,0,0,0,0.0311,None,820,2.2331,7.02,6.22,2.92
company_01104,Apex Energy 502 LLP,0,0,0,0.1322,None,766,1.2813,3.77,3.02,2.59
company_01105,Kalyani Industries LLP,0,0,0,0.1267,None,756,1.1991,1.78,4.09,1.15
company_01106,Bharat Retail Private Limited,0,0,0,0.1761,None,796,1.6933,2.54,4.4,1.48
company_01107,Ambika Chemicals Partnership Firm,0,0,0,0.1057,None,796,0.9646,4.33,3.86,1.78
company_01108,Sterling Foods LLP,0,1,1,0.534,revenue_inflation,781,1.3988,4.49,2.84,2.47
company_01109,Radhe Renewables 672 Partnership Firm,0,0,0,0.1419,None,747,1.57,8.67,2.6,1.92
company_01110,Zenith Industries 504 LLP,0,0,0,0.075,None,743,1.7293,4.44,4.18,2.54
company_01111,Shivam Infrastructure 963 LLP,1,0,1,0.7064,benami_siphoning,626,1.4647,11.53,22.78,6.51
company_01112,Bharat Infrastructure Partnership Firm,0,0,0,0.3348,None,712,2.0601,3.18,4.45,3.58
company_01113,Karan Renewables 245 Private Limited,0,0,0,0.3213,None,718,1.31,3.49,4.3,2.5
company_01114,Karan Foods 333 Private Limited,0,0,0,0.0375,None,651,1.6846,3.07,6.49,6.01
company_01115,Sterling Healthcare 590 Partnership Firm,0,0,0,0.1676,None,776,1.464,3.94,8.66,0.97
company_01116,Sterling Enterprises 714 Partnership Firm,0,0,0,0.2599,None,784,1.3437,5.1,3.62,0.81
company_01117,Arogya Automotive 701 Partnership Firm,0,1,1,0.6734,revenue_inflation,724,1.961,5.57,3.53,1.24
company_01118,Ambika Infrastructure 527 Private Limited,0,0,0,0.3028,None,768,2.0455,5.06,4.49,4.67
company_01119,Navrachana Logistics 703 Partnership Firm,0,0,0,0.2983,None,710,2.3201,4.09,3.87,2.4
company_01120,Navrachana Automotive 710 Private Limited,0,0,0,0.3337,None,728,1.806,5.86,5.47,4.01
company_01121,Surya Retail 459 Private Limited,0,0,0,0.1956,None,763,1.5204,5.18,5.12,1.08
company_01122,Infinity Chemicals LLP,1,0,1,0.9304,seasonal_manipulation,683,0.7569,33.5,10.86,6.05
company_01123,Kalyani Textiles 301 LLP,0,0,0,0.2276,None,800,0.8087,1.74,6.89,2.29
company_01124,Matrix Textiles 473 Private Limited,0,0,0,0.3068,None,780,1.2686,2.82,3.65,0.98
company_01125,Bharat Renewables 775 Partnership Firm,1,0,1,0.8922,revenue_inflation,696,1.673,63.09,26.9,7.85
company_01126,Ambika Infrastructure 654 Partnership Firm,0,0,0,0.1174,None,770,1.4052,3.14,3.69,5.25
company_01127,Radhe Industries LLP,0,0,0,0.2039,None,779,1.4781,11.09,2.98,1.65
company_01128,Navrachana Logistics 754 Partnership Firm,0,0,0,0.2624,None,673,1.0879,3.07,3.33,2.44
company_01129,Surya Logistics Partnership Firm,0,1,1,0.6845,evergreening,738,1.1622,4.03,3.07,1.51
company_01130,Vanguard Solutions Partnership Firm,0,0,0,0.2027,None,798,0.6295,3.45,3.44,1.3
company_01131,Matrix Infrastructure Partnership Firm,1,0,1,0.976,revenue_inflation,653,1.1008,25.09,47.23,9.66
company_01132,Radhe Foods 281 Partnership Firm,1,0,1,0.9299,shell_company,502,0.9533,38.82,34.95,7.6
company_01133,Sterling Automotive 209 Partnership Firm,0,0,0,0.1635,None,738,1.0324,1.86,2.41,2.2
company_01134,Navrachana Enterprises 546 Private Limited,0,0,0,0.2466,None,804,1.3584,4.59,4.9,0.69
company_01135,Tejas Healthcare 595 Partnership Firm,0,0,0,0.1648,None,721,0.9458,2.58,3.26,3.12
company_01136,Surya Enterprises Private Limited,0,0,0,0.1064,None,726,1.5545,3.26,3.5,2.72
company_01137,Ganesh Infotech 707 Partnership Firm,0,0,0,0.1313,None,786,1.2567,2.65,3.16,1.62
company_01138,Arogya Energy 618 Partnership Firm,0,0,0,0.2444,None,744,1.9238,2.45,6.83,1.97
company_01139,Infinity Energy Partnership Firm,1,0,1,0.5027,benami_siphoning,585,1.4989,8.56,23.36,10.59
company_01140,Arogya Textiles Partnership Firm,0,0,0,0.2675,None,782,1.5495,9.02,4.51,3.22
company_01141,Zenith Power LLP,0,0,0,0.1034,None,779,2.7538,7.35,4.03,1.58
company_01142,Radhe Energy 551 LLP,0,0,0,0.0704,None,786,1.0333,5.57,6.66,1.42
company_01143,Surya Logistics 240 Partnership Firm,0,0,0,0.3208,None,716,0.977,3.59,5.78,2.13
company_01144,Urja Automotive Partnership Firm,0,0,0,0.1236,None,728,0.7686,8.32,8.27,1.87
company_01145,Vidya Power 439 LLP,0,0,0,0.2969,None,765,1.4723,4.93,4.29,3.5
company_01146,Aditya Power Partnership Firm,0,0,0,0.1561,None,717,0.9574,9.78,3.84,2.29
company_01147,Shivam Pharma Private Limited,0,0,0,0.1128,None,784,1.1723,4.82,3.33,1.23
company_01148,Apex Healthcare LLP,0,0,0,0.2488,None,734,1.2416,3.07,2.78,1.32
company_01149,Vanguard Industries Partnership Firm,1,0,1,0.8781,shell_company,573,0.8856,43.53,33.85,9.81
company_01150,Urja Chemicals 416 Partnership Firm,0,0,0,0.347,None,744,1.1317,5.94,7.23,2.61
company_01151,Delta Infrastructure Partnership Firm,0,0,0,0.3299,None,715,0.7484,5.05,2.98,3.51
company_01152,Ganesh Power 970 Partnership Firm,1,0,1,0.6999,revenue_inflation,617,0.9761,24.4,20.46,8.37
company_01153,Karan Pharma 471 Partnership Firm,0,0,0,0.2624,None,751,1.8647,7.38,6.07,2.51
company_01154,Arogya Energy LLP,0,1,1,0.4125,seasonal_manipulation,666,1.4315,3.76,8.82,3.74
company_01155,Sterling Pharma 928 LLP,0,0,0,0.2612,None,751,0.9214,3.51,4.25,2.08
company_01156,Aditya Industries 946 Partnership Firm,0,0,0,0.1256,None,760,1.6145,5.05,6.28,2.48
company_01157,Radhe Chemicals 730 Private Limited,0,0,0,0.0281,None,744,0.9388,4.05,3.01,3.54
company_01158,Vidya Solutions 976 Private Limited,1,0,1,0.9757,evergreening,686,0.5022,15.1,25.58,14.99
company_01159,Infinity Chemicals 887 LLP,0,0,0,0.0222,None,751,1.0321,6.3,5.18,2.49
company_01160,Shivam Infrastructure 683 LLP,0,0,0,0.0917,None,832,2.1945,7.86,4.64,3.29
company_01161,Karan Foods 941 Private Limited,0,0,0,0.291,None,822,1.5595,7.48,3.73,0.66
company_01162,Navrachana Builders 266 Private Limited,0,0,0,0.22,None,774,1.0687,3.12,4.0,1.29
company_01163,Urja Renewables 700 LLP,1,0,1,0.9604,revenue_inflation,661,0.3651,64.56,27.76,10.46
company_01164,Sterling Energy LLP,0,0,0,0.2681,None,719,1.8921,3.86,4.18,1.99
company_01165,Bhaskar Chemicals 373 Partnership Firm,0,0,0,0.0204,None,730,1.9935,5.33,3.84,3.1
company_01166,Delta Chemicals Partnership Firm,0,0,0,0.2743,None,766,1.8274,5.07,2.94,1.61
company_01167,Aditya Textiles Partnership Firm,0,0,0,0.2241,None,714,1.5815,5.76,8.97,2.9
company_01168,Bharat Power 593 LLP,0,0,0,0.0952,None,760,1.4137,6.87,5.09,3.89
company_01169,Vidya Retail 345 Partnership Firm,0,0,0,0.3092,None,792,0.9308,3.79,3.07,1.33
company_01170,Urja Enterprises 497 LLP,0,0,0,0.2859,None,775,2.8151,4.33,3.36,1.26
company_01171,Ambika Industries 738 Private Limited,1,0,1,0.6778,shell_company,584,0.8717,52.29,16.23,7.71
company_01172,Ambika Builders 574 LLP,0,0,0,0.1504,None,842,1.7833,2.57,3.99,0.22
company_01173,Shivam Retail Partnership Firm,0,0,0,0.1246,None,778,1.6019,2.4,3.24,0.68
company_01174,Navrachana Chemicals 770 LLP,1,0,1,0.8866,circular_trading,642,1.0007,31.75,20.18,16.12
company_01175,Bhaskar Retail LLP,1,0,1,0.9366,revenue_inflation,645,1.2313,33.89,26.11,9.23
company_01176,Infinity Logistics 865 Private Limited,0,0,0,0.1791,None,714,1.2757,5.13,2.92,1.54
company_01177,Bhaskar Textiles 391 Partnership Firm,0,0,0,0.2997,None,768,1.6711,2.61,4.59,3.33
company_01178,Hindustan Chemicals Private Limited,0,0,0,0.1218,None,740,1.4297,2.67,2.94,2.72
company_01179,Karan Energy LLP,0,0,0,0.1455,None,763,1.6468,3.56,3.08,1.34
company_01180,Ganesh Chemicals Private Limited,1,0,1,0.854,revenue_inflation,647,0.6921,53.5,31.88,9.13
company_01181,Delta Pharma Partnership Firm,0,0,0,0.1955,None,746,1.5716,1.99,3.08,5.0
company_01182,Ganesh Automotive LLP,0,0,0,0.255,None,793,2.1475,1.85,2.66,0.79
company_01183,Zenith Healthcare LLP,0,0,0,0.152,None,776,1.5999,6.58,4.94,1.23
company_01184,Tejas Automotive 535 LLP,0,0,0,0.1462,None,671,2.3719,4.63,4.89,2.17
company_01185,Apex Logistics Partnership Firm,0,0,0,0.2772,None,762,1.7469,3.07,4.61,2.16
company_01186,Vidya Foods 899 Partnership Firm,0,0,0,0.16,None,714,0.8322,5.66,5.38,5.54
company_01187,Infinity Infrastructure 950 LLP,0,0,0,0.0685,None,785,1.4804,3.98,3.55,3.3
company_01188,Surya Retail 536 LLP,0,0,0,0.1773,None,727,1.343,7.23,3.64,1.62
company_01189,Karan Solutions 308 Partnership Firm,0,0,0,0.2351,None,725,1.3825,5.05,2.28,1.9
company_01190,Karan Solutions LLP,0,0,0,0.0553,None,745,2.0278,2.23,3.14,2.3
company_01191,Matrix Logistics LLP,0,0,0,0.0796,None,756,1.1424,3.41,4.42,3.04
company_01192,Bhaskar Logistics 289 LLP,0,0,0,0.3202,None,696,2.1169,3.95,3.2,3.77
company_01193,Bharat Logistics 572 LLP,0,0,0,0.1535,None,798,1.2289,2.58,3.55,3.06
company_01194,Shivam Automotive Private Limited,0,0,0,0.0683,None,734,1.6406,3.92,4.22,1.73
company_01195,Arogya Infrastructure Partnership Firm,0,0,0,0.2905,None,805,2.2336,6.38,3.74,1.68
company_01196,Tejas Automotive Private Limited,0,0,0,0.1666,None,840,0.9837,4.78,2.73,1.12
company_01197,Kalyani Energy Partnership Firm,0,0,0,0.0976,None,699,0.9285,3.21,4.36,1.77
company_01198,Vanguard Energy 288 Private Limited,0,0,0,0.0251,None,658,1.456,4.21,4.61,3.9
company_01199,Ambika Power Partnership Firm,0,0,0,0.2409,None,810,1.4386,3.37,2.91,2.71
company_01200,Bharat Energy Private Limited,0,0,0,0.1778,None,762,0.9947,3.6,4.1,2.88
company_01201,Arogya Power 148 LLP,0,0,0,0.2389,None,743,1.4451,3.21,3.26,2.32
company_01202,Kalyani Metals Private Limited,0,0,0,0.2275,None,718,0.965,3.78,3.75,1.73
company_01203,Matrix Industries 180 LLP,0,0,0,0.0431,None,807,1.4777,4.13,3.89,2.16
company_01204,Karan Metals Private Limited,1,0,1,0.8766,evergreening,695,0.9794,22.39,17.03,13.9
company_01205,Shivam Automotive 265 Partnership Firm,0,0,0,0.055,None,727,1.4676,3.35,2.35,5.25
company_01206,Aditya Metals 869 LLP,0,0,0,0.1108,None,780,1.7206,1.96,3.3,0.79
company_01207,Navrachana Healthcare 559 LLP,1,0,1,0.9896,seasonal_manipulation,754,0.7859,36.98,10.25,7.69
company_01208,Tejas Chemicals 364 LLP,1,0,1,0.8696,evergreening,694,1.1368,23.31,21.98,17.84
company_01209,Hindustan Infotech Private Limited,0,0,0,0.2114,None,732,1.5375,3.09,4.07,1.6
company_01210,Sterling Chemicals Private Limited,0,0,0,0.119,None,786,1.2894,5.35,3.83,4.3
company_01211,Ganesh Automotive 134 LLP,0,0,0,0.2028,None,707,1.9905,3.45,5.07,2.72
company_01212,Shivam Renewables 932 LLP,1,0,1,0.7911,benami_siphoning,663,0.7085,13.34,21.89,7.1
company_01213,Ganesh Solutions 304 Private Limited,0,0,0,0.021,None,741,1.549,2.78,3.58,1.9
company_01214,Radhe Retail 593 Partnership Firm,0,0,0,0.2784,None,728,1.4263,3.22,2.89,2.47
company_01215,Shivam Infotech 965 Partnership Firm,0,0,0,0.041,None,765,1.0724,1.29,5.0,3.03
company_01216,Infinity Logistics 148 Partnership Firm,0,1,1,0.6879,shell_company,705,1.1299,2.68,2.87,2.55
company_01217,Apex Energy 585 Partnership Firm,0,0,0,0.2548,None,728,1.8546,7.59,4.66,1.57
company_01218,Aditya Logistics 774 Private Limited,0,0,0,0.0942,None,723,1.2675,3.91,3.19,2.2
company_01219,Zenith Metals LLP,0,0,0,0.0631,None,766,1.8606,3.81,3.59,3.76
company_01220,Arogya Chemicals LLP,0,0,0,0.1749,None,707,1.5946,2.76,2.7,1.79
company_01221,Ganesh Pharma 203 Private Limited,1,0,1,0.7268,benami_siphoning,619,0.9733,13.82,22.25,7.26
company_01222,Vidya Infrastructure 569 Private Limited,0,0,0,0.1514,None,794,1.4312,5.64,3.42,1.22
company_01223,Tejas Healthcare 225 Partnership Firm,0,0,0,0.2532,None,709,1.0891,7.62,7.59,2.19
company_01224,Tejas Pharma 176 LLP,0,0,0,0.1469,None,725,1.4531,8.25,3.02,2.91
company_01225,Urja Solutions LLP,0,0,0,0.1308,None,780,1.9648,4.33,4.31,1.46
company_01226,Shivam Enterprises Partnership Firm,0,1,1,0.7489,shell_company,727,1.1119,5.86,3.6,3.68
company_01227,Bhaskar Healthcare 492 Partnership Firm,0,0,0,0.1712,None,714,0.9296,3.32,6.83,3.14
company_01228,Navrachana Metals Partnership Firm,1,0,1,0.7067,revenue_inflation,677,1.9574,20.61,23.97,4.44
company_01229,Infinity Power Private Limited,0,1,1,0.5198,circular_trading,738,0.8575,2.62,2.9,1.97
company_01230,Radhe Retail 173 Partnership Firm,1,0,1,0.9658,evergreening,660,1.0869,17.16,10.6,11.25
company_01231,Sterling Textiles 881 Partnership Firm,0,0,0,0.2002,None,718,1.7607,6.72,3.46,2.65
company_01232,Vanguard Textiles 563 LLP,0,0,0,0.301,None,744,1.1858,3.93,3.53,1.31
company_01233,Hindustan Pharma Private Limited,0,0,0,0.3413,None,728,1.0358,6.81,5.86,4.35
company_01234,Ambika Infotech Partnership Firm,0,0,0,0.1685,None,735,1.6386,5.01,4.15,3.06
company_01235,Zenith Foods 501 Private Limited,0,0,0,0.3441,None,755,2.1631,1.72,2.79,1.79
company_01236,Delta Enterprises Partnership Firm,0,0,0,0.0267,None,790,1.3686,4.02,4.76,1.42
company_01237,Karan Automotive 566 LLP,0,0,0,0.2885,None,700,1.1571,5.66,4.78,3.83
company_01238,Vanguard Automotive LLP,0,0,0,0.068,None,801,1.2641,3.79,3.49,0.86
company_01239,Urja Foods Partnership Firm,0,0,0,0.1634,None,836,2.0176,3.44,3.83,4.98
company_01240,Arogya Solutions 735 Private Limited,0,1,1,0.4849,seasonal_manipulation,818,1.7154,4.13,6.8,1.68
company_01241,Tejas Infotech 348 Private Limited,0,0,0,0.1379,None,707,1.7149,3.09,3.63,2.25
company_01242,Apex Chemicals 465 Private Limited,0,0,0,0.2536,None,719,1.2238,3.12,3.58,2.54
company_01243,Bharat Infotech Private Limited,0,0,0,0.1428,None,757,1.4719,6.06,8.48,2.19
company_01244,Navrachana Renewables Private Limited,0,0,0,0.1416,None,730,1.4026,4.23,3.39,2.0
company_01245,Radhe Energy 355 LLP,0,1,1,0.7192,revenue_inflation,794,0.9127,3.65,7.41,0.93
company_01246,Vidya Logistics 200 Private Limited,0,0,0,0.1774,None,752,1.4342,3.37,7.83,0.95
company_01247,Hindustan Power Private Limited,0,0,0,0.2566,None,853,2.2827,4.05,3.87,1.56
company_01248,Zenith Chemicals 742 Partnership Firm,0,0,0,0.1148,None,752,1.3916,4.06,8.25,3.63
company_01249,Radhe Solutions 701 LLP,1,0,1,0.9447,revenue_inflation,647,0.685,47.5,26.48,7.54
company_01250,Surya Power 431 Private Limited,0,0,0,0.0498,None,708,1.1127,4.56,4.27,1.74
company_01251,Zenith Power 388 LLP,0,0,0,0.2148,None,713,2.2823,9.25,6.82,1.7
company_01252,Urja Power 744 LLP,0,0,0,0.3264,None,718,1.411,2.72,4.51,2.85
company_01253,Apex Logistics 990 Private Limited,0,1,1,0.6589,circular_trading,828,1.7218,3.51,3.9,1.23
company_01254,Ambika Pharma LLP,0,0,0,0.3018,None,707,1.3016,3.39,3.44,3.08
company_01255,Vanguard Power 228 LLP,0,0,0,0.2616,None,676,2.1949,3.95,4.08,3.21
company_01256,Kalyani Infrastructure Partnership Firm,0,1,1,0.5971,circular_trading,771,1.1936,5.79,4.26,1.33
company_01257,Vanguard Power 583 Partnership Firm,1,0,1,0.9,revenue_inflation,628,1.0231,32.07,40.05,7.47
company_01258,Ganesh Pharma 723 Private Limited,0,0,0,0.2325,None,709,1.4744,3.05,3.63,3.19
company_01259,Bhaskar Enterprises LLP,0,0,0,0.3496,None,740,1.4673,3.19,2.94,1.81
company_01260,Karan Automotive 814 Private Limited,0,0,0,0.1728,None,712,1.9284,4.38,4.46,3.53
company_01261,Shivam Infrastructure 382 LLP,0,0,0,0.3408,None,761,1.4391,3.08,3.48,2.01
company_01262,Shivam Metals 146 LLP,0,0,0,0.155,None,717,1.3082,6.26,3.4,1.72
company_01263,Karan Pharma 485 Partnership Firm,0,0,0,0.1461,None,681,1.3426,4.01,5.89,2.51
company_01264,Karan Automotive 392 Partnership Firm,0,0,0,0.3266,None,791,1.9163,3.22,3.8,2.22
company_01265,Vanguard Healthcare 557 LLP,0,0,0,0.1214,None,746,1.4257,3.87,4.0,2.47
company_01266,Aditya Solutions 217 Partnership Firm,1,0,1,0.6011,circular_trading,729,0.9559,26.6,14.49,3.77
company_01267,Matrix Infrastructure 816 Private Limited,0,0,0,0.156,None,768,1.5533,2.82,3.04,1.81
company_01268,Sterling Pharma 316 Private Limited,0,0,0,0.2557,None,764,0.9936,3.8,2.61,2.73
company_01269,Infinity Textiles 437 Partnership Firm,0,0,0,0.2632,None,750,1.2562,8.4,4.88,1.95
company_01270,Vidya Power Partnership Firm,0,0,0,0.1304,None,773,1.9666,5.78,4.06,1.98
company_01271,Bharat Builders 924 Private Limited,0,0,0,0.0923,None,712,1.1248,3.64,3.91,3.04
company_01272,Urja Infotech 372 LLP,0,0,0,0.1562,None,834,2.8042,9.58,2.92,2.1
company_01273,Bharat Enterprises 799 Partnership Firm,0,0,0,0.2801,None,766,1.0836,6.61,4.04,3.24
company_01274,Ambika Healthcare Private Limited,0,0,0,0.0578,None,730,1.9302,9.99,4.91,1.38
company_01275,Shivam Builders LLP,0,0,0,0.1856,None,761,1.593,4.47,4.5,2.39
company_01276,Radhe Infotech 925 LLP,0,0,0,0.2498,None,681,1.3329,5.64,3.62,2.94
company_01277,Sterling Automotive Private Limited,0,0,0,0.2579,None,702,0.9575,4.53,5.4,3.08
company_01278,Aditya Pharma 405 LLP,1,0,1,0.8564,benami_siphoning,583,0.4997,15.74,41.86,9.9
company_01279,Vanguard Power 617 Partnership Firm,0,0,0,0.1158,None,756,1.4331,4.14,4.44,2.33
company_01280,Matrix Infrastructure 552 Partnership Firm,0,0,0,0.3183,None,747,1.648,5.6,5.43,1.59
company_01281,Surya Chemicals 870 Partnership Firm,0,0,0,0.0923,None,693,1.2299,3.34,3.36,2.47
company_01282,Delta Energy 974 Partnership Firm,0,0,0,0.0216,None,777,1.0581,3.64,3.35,1.95
company_01283,Tejas Foods LLP,0,0,0,0.2509,None,751,1.5231,3.75,6.04,1.77
company_01284,Aditya Industries 610 LLP,0,0,0,0.0776,None,794,2.4331,10.29,4.44,1.94
company_01285,Arogya Healthcare 641 Partnership Firm,0,0,0,0.1901,None,754,1.3732,2.52,3.14,1.5
company_01286,Vidya Infrastructure 934 LLP,0,0,0,0.1571,None,706,1.275,2.3,4.0,3.22
company_01287,Surya Builders Private Limited,0,0,0,0.1344,None,707,0.9461,2.35,2.78,1.29
company_01288,Urja Builders 813 Private Limited,0,0,0,0.1147,None,713,1.325,3.62,3.59,2.92
company_01289,Bhaskar Solutions 710 Private Limited,0,0,0,0.0557,None,782,1.0763,3.93,2.68,1.5
company_01290,Ganesh Industries Partnership Firm,0,0,0,0.0324,None,683,1.9311,4.25,5.96,3.23
company_01291,Surya Logistics 672 Partnership Firm,0,0,0,0.1291,None,825,0.8823,10.51,3.87,0.59
company_01292,Radhe Pharma Private Limited,0,0,0,0.0618,None,740,1.6274,1.98,3.2,6.43
company_01293,Surya Textiles Private Limited,0,0,0,0.0467,None,666,1.6393,4.53,5.65,2.62
company_01294,Zenith Metals 553 Partnership Firm,0,0,0,0.2245,None,711,1.2376,3.88,2.93,2.39
company_01295,Apex Energy Private Limited,0,0,0,0.1962,None,672,1.0849,4.83,3.22,2.73
company_01296,Aditya Retail Private Limited,1,0,1,0.9035,seasonal_manipulation,700,0.8622,29.82,21.29,6.84
company_01297,Vanguard Pharma Partnership Firm,0,0,0,0.3018,None,721,2.2224,1.82,3.34,1.92
company_01298,Urja Chemicals 716 Private Limited,0,0,0,0.0758,None,724,1.632,7.06,4.01,8.06
company_01299,Arogya Power 639 Private Limited,0,0,0,0.1768,None,708,1.4356,4.87,3.38,1.5
company_01300,Radhe Solutions Partnership Firm,0,0,0,0.2284,None,736,1.5841,5.41,4.48,4.96
company_01301,Radhe Power 871 LLP,0,0,0,0.2619,None,763,1.0977,8.13,3.32,10.0
company_01302,Infinity Enterprises 708 Partnership Firm,0,0,0,0.1009,None,775,1.6817,0.74,3.22,0.86
company_01303,Hindustan Textiles 786 Partnership Firm,0,0,0,0.1432,None,812,1.4888,6.13,8.33,0.6
company_01304,Sterling Logistics 205 Private Limited,0,0,0,0.298,None,699,1.8858,8.89,3.09,3.34
company_01305,Navrachana Logistics 102 Partnership Firm,0,0,0,0.1966,None,796,1.2788,5.79,4.4,1.45
company_01306,Urja Solutions 373 LLP,0,0,0,0.1767,None,747,1.3025,10.26,3.42,2.18
company_01307,Navrachana Builders 645 LLP,0,0,0,0.2135,None,827,1.6203,2.66,7.77,1.44
company_01308,Urja Textiles LLP,0,0,0,0.3339,None,685,1.3287,5.39,4.47,2.79
company_01309,Aditya Power LLP,0,0,0,0.1071,None,739,1.7177,6.2,4.66,9.87
company_01310,Bhaskar Pharma Private Limited,0,0,0,0.3494,None,825,2.2691,4.49,3.83,1.81
company_01311,Arogya Infotech 393 Partnership Firm,0,0,0,0.2484,None,743,1.9415,5.05,5.55,1.11
company_01312,Radhe Automotive Private Limited,0,0,0,0.1722,None,777,1.3932,3.92,4.31,2.12
company_01313,Sterling Automotive 440 LLP,0,0,0,0.041,None,814,1.3697,5.42,3.9,2.58
company_01314,Surya Infotech Partnership Firm,0,0,0,0.1458,None,816,1.1799,9.86,5.38,0.13
company_01315,Bharat Builders 465 LLP,1,0,1,0.6322,benami_siphoning,633,1.1938,10.58,26.24,6.38
company_01316,Kalyani Renewables 904 Private Limited,0,0,0,0.0574,None,755,2.2509,6.28,4.05,2.34
company_01317,Tejas Industries 129 LLP,0,0,0,0.0838,None,727,1.6499,6.38,3.01,2.37
company_01318,Arogya Retail 981 LLP,0,0,0,0.2894,None,795,1.0573,5.83,4.26,2.2
company_01319,Apex Infrastructure LLP,0,0,0,0.1995,None,792,0.9526,6.82,3.8,2.0
company_01320,Bharat Infrastructure Private Limited,0,0,0,0.2647,None,763,1.5717,5.24,4.98,1.94
company_01321,Kalyani Industries Partnership Firm,0,0,0,0.0206,None,801,1.2297,3.67,4.97,1.45
company_01322,Karan Solutions 909 Partnership Firm,0,0,0,0.1133,None,742,1.451,4.14,3.9,1.61
company_01323,Matrix Metals Private Limited,1,0,1,0.9303,evergreening,638,0.8135,15.98,28.8,12.94
company_01324,Apex Retail Partnership Firm,0,0,0,0.3351,None,709,2.1798,4.44,3.95,2.89
company_01325,Apex Healthcare 892 Partnership Firm,0,0,0,0.3336,None,793,1.1764,12.79,4.44,1.72
company_01326,Navrachana Pharma 935 Private Limited,1,0,1,0.8847,shell_company,615,0.498,36.84,37.41,5.84
company_01327,Arogya Automotive 281 Partnership Firm,0,0,0,0.1547,None,730,1.1802,4.61,3.18,4.24
company_01328,Matrix Chemicals 507 LLP,0,0,0,0.0884,None,784,0.9665,5.46,5.95,2.07
company_01329,Vidya Textiles 181 LLP,1,0,1,0.7752,circular_trading,605,0.3491,16.67,14.16,8.38
company_01330,Bharat Solutions LLP,0,0,0,0.1915,None,701,1.4062,3.74,3.97,2.3
company_01331,Karan Pharma 102 Private Limited,0,0,0,0.0206,None,707,1.0636,3.32,4.34,2.01
company_01332,Surya Renewables 104 LLP,1,0,1,0.8814,shell_company,526,2.2685,44.75,41.44,12.05
company_01333,Navrachana Logistics Private Limited,0,0,0,0.2432,None,811,1.5742,8.29,4.39,2.42
company_01334,Radhe Enterprises 828 LLP,0,0,0,0.1484,None,738,1.2832,4.71,2.8,2.27
company_01335,Shivam Automotive 745 LLP,0,0,0,0.2918,None,730,1.442,9.18,5.33,2.17
company_01336,Matrix Textiles 979 Private Limited,0,0,0,0.1661,None,750,1.3032,2.65,3.72,3.31
company_01337,Infinity Renewables Private Limited,0,0,0,0.1964,None,768,0.9394,5.37,3.59,0.96
company_01338,Vidya Pharma 474 Private Limited,0,0,0,0.3338,None,822,1.6829,3.66,6.59,0.55
company_01339,Surya Healthcare 974 Partnership Firm,1,0,1,0.8893,revenue_inflation,707,0.7607,26.07,36.59,7.91
company_01340,Matrix Energy 917 LLP,0,1,1,0.4512,shell_company,745,1.3282,6.59,3.63,3.67
company_01341,Karan Chemicals Private Limited,0,0,0,0.1291,None,762,1.1529,4.82,5.58,1.34
company_01342,Ambika Renewables 723 Partnership Firm,0,0,0,0.3023,None,829,1.2482,2.96,2.93,1.08
company_01343,Sterling Pharma 513 LLP,0,0,0,0.2954,None,768,1.8424,2.92,3.21,1.58
company_01344,Aditya Automotive 922 Partnership Firm,1,0,1,0.8729,seasonal_manipulation,627,0.8195,26.67,11.12,6.84
company_01345,Delta Automotive 882 Partnership Firm,0,0,0,0.2254,None,719,1.389,4.5,4.46,2.06
company_01346,Aditya Pharma Partnership Firm,0,0,0,0.3273,None,813,1.9945,4.33,2.98,1.23
company_01347,Surya Logistics 578 Private Limited,1,0,1,0.8015,revenue_inflation,733,1.5615,18.47,22.16,5.58
company_01348,Infinity Infotech Partnership Firm,0,0,0,0.2999,None,744,1.5846,2.53,3.38,2.07
company_01349,Navrachana Industries 577 Partnership Firm,0,0,0,0.3234,None,720,1.0097,2.52,3.38,1.72
company_01350,Bharat Power Partnership Firm,0,0,0,0.2879,None,732,1.3584,3.44,4.4,6.37
company_01351,Surya Industries 494 Private Limited,0,0,0,0.0648,None,671,2.3461,5.21,4.18,1.45
company_01352,Delta Retail Private Limited,0,0,0,0.2022,None,822,1.722,7.59,4.19,1.81
company_01353,Delta Energy 371 LLP,0,0,0,0.0893,None,769,1.8058,4.23,3.91,1.35
company_01354,Ganesh Chemicals LLP,0,0,0,0.0231,None,738,1.1172,8.79,3.63,2.22
company_01355,Vidya Chemicals 353 Private Limited,0,0,0,0.3423,None,718,1.7371,6.6,3.74,2.99
company_01356,Ganesh Builders Private Limited,0,0,0,0.049,None,752,1.3946,3.16,4.64,1.4
company_01357,Hindustan Renewables 912 Private Limited,0,0,0,0.033,None,748,1.9008,5.17,5.74,1.46
company_01358,Hindustan Textiles Private Limited,0,0,0,0.0945,None,792,1.423,4.33,2.8,1.92
company_01359,Ambika Energy 358 LLP,0,0,0,0.148,None,707,1.7545,4.45,5.69,3.18
company_01360,Bhaskar Solutions 825 LLP,0,0,0,0.3072,None,761,2.4192,3.88,2.87,2.16
company_01361,Apex Automotive 265 Private Limited,0,0,0,0.0734,None,813,1.6279,2.37,3.8,0.9
company_01362,Ganesh Energy Private Limited,0,0,0,0.0776,None,701,1.6874,7.64,6.06,3.49
company_01363,Shivam Chemicals 443 Partnership Firm,0,0,0,0.3151,None,740,0.8825,4.37,3.64,4.73
company_01364,Apex Chemicals 135 LLP,1,0,1,0.9239,circular_trading,625,0.527,47.12,18.5,10.69
company_01365,Hindustan Pharma 551 Private Limited,0,0,0,0.0861,None,759,1.1459,5.52,4.53,2.57
company_01366,Bharat Logistics 242 LLP,0,0,0,0.0939,None,733,2.2294,6.7,3.47,2.2
company_01367,Hindustan Logistics 616 LLP,0,0,0,0.3322,None,801,1.0951,7.11,4.44,1.98
company_01368,Ganesh Logistics LLP,0,0,0,0.3009,None,798,0.919,3.37,3.73,6.55
company_01369,Arogya Enterprises 867 Private Limited,0,1,1,0.6677,evergreening,805,1.6548,4.72,3.86,1.98
company_01370,Navrachana Infotech 237 Private Limited,0,0,0,0.2879,None,737,1.5735,2.66,4.27,2.49
company_01371,Shivam Foods 430 LLP,0,0,0,0.1496,None,708,1.4016,3.3,5.06,2.05
company_01372,Kalyani Foods Partnership Firm,0,0,0,0.1554,None,807,1.5004,3.99,5.52,1.49
company_01373,Vanguard Logistics 151 Private Limited,0,0,0,0.1835,None,754,1.4213,5.88,3.27,2.63
company_01374,Infinity Power Partnership Firm,0,0,0,0.0948,None,823,1.4016,3.96,5.32,1.43
company_01375,Bharat Metals Partnership Firm,0,0,0,0.3397,None,817,1.8126,4.16,3.51,1.24
company_01376,Shivam Enterprises 156 Partnership Firm,0,0,0,0.0398,None,775,1.4157,5.03,3.74,1.65
company_01377,Surya Infotech Private Limited,0,0,0,0.197,None,793,1.7646,4.72,5.45,1.35
company_01378,Kalyani Energy 659 LLP,0,0,0,0.3387,None,746,1.4215,6.11,3.94,1.41
company_01379,Zenith Builders Partnership Firm,0,1,1,0.439,benami_siphoning,723,2.2778,3.55,3.17,4.33
company_01380,Radhe Solutions 827 Partnership Firm,1,0,1,0.5077,seasonal_manipulation,677,0.6696,15.78,7.98,10.66
company_01381,Sterling Textiles 583 Private Limited,0,0,0,0.1178,None,687,1.347,4.36,5.85,2.2
company_01382,Vidya Enterprises 695 Partnership Firm,0,0,0,0.288,None,714,1.3728,8.07,4.42,2.89
company_01383,Karan Automotive 483 Private Limited,0,0,0,0.2133,None,767,1.3237,3.43,5.54,1.81
company_01384,Ambika Healthcare 671 Private Limited,0,0,0,0.2644,None,769,1.5675,5.72,3.62,2.31
company_01385,Ambika Automotive 183 LLP,0,0,0,0.194,None,682,1.9839,6.98,3.01,3.23
company_01386,Urja Healthcare 306 LLP,0,0,0,0.2602,None,662,1.7119,5.85,4.06,2.62
company_01387,Infinity Automotive 109 Private Limited,0,0,0,0.2583,None,748,1.6306,3.25,7.34,3.11
company_01388,Matrix Logistics 507 Partnership Firm,0,0,0,0.3023,None,733,1.4585,1.71,6.1,2.17
company_01389,Bharat Infotech 509 LLP,1,0,1,0.8855,benami_siphoning,654,1.2605,21.97,30.68,7.57
company_01390,Matrix Infotech Partnership Firm,0,0,0,0.2898,None,728,1.6201,4.35,3.57,3.19
company_01391,Urja Automotive 726 Partnership Firm,1,0,1,0.5993,circular_trading,667,1.1376,26.99,12.23,5.14
company_01392,Bharat Infotech 740 Private Limited,1,0,1,0.8884,benami_siphoning,698,0.6124,42.64,28.9,11.61
company_01393,Ambika Healthcare 694 Private Limited,1,0,1,0.8932,shell_company,634,0.8605,59.71,37.73,6.62
company_01394,Ganesh Textiles 787 Partnership Firm,0,0,0,0.2813,None,733,2.4932,1.5,2.84,2.37
company_01395,Ganesh Enterprises Partnership Firm,0,0,0,0.1757,None,814,1.2047,4.04,3.69,2.72
company_01396,Radhe Power 735 LLP,0,0,0,0.3159,None,772,1.4634,5.35,7.14,1.75
company_01397,Radhe Infotech 657 LLP,0,0,0,0.1354,None,796,1.6098,4.66,4.2,3.5
company_01398,Tejas Infrastructure LLP,0,0,0,0.3162,None,763,1.3541,3.09,2.94,1.59
company_01399,Arogya Logistics 520 Private Limited,0,0,0,0.1033,None,669,1.1657,5.02,4.78,2.24
company_01400,Vanguard Metals 799 LLP,1,0,1,0.8765,circular_trading,638,0.6658,34.32,24.6,9.19
company_01401,Zenith Infrastructure 637 LLP,0,1,1,0.6334,seasonal_manipulation,761,1.4231,3.25,2.5,2.94
company_01402,Surya Energy Partnership Firm,0,0,0,0.1871,None,754,1.6908,10.79,5.04,3.0
company_01403,Karan Logistics 837 Private Limited,1,0,1,0.6002,circular_trading,638,0.9349,37.42,27.13,7.87
company_01404,Surya Logistics LLP,0,0,0,0.2786,None,744,1.6922,3.7,5.35,1.36
company_01405,Aditya Logistics 913 Private Limited,0,0,0,0.3073,None,737,1.6073,4.26,2.65,3.45
company_01406,Surya Energy 392 Partnership Firm,0,0,0,0.0195,None,739,2.3049,3.5,3.29,4.86
company_01407,Ambika Infrastructure 708 Private Limited,0,0,0,0.3394,None,712,1.0806,4.97,6.61,2.19
company_01408,Radhe Builders LLP,0,0,0,0.0184,None,754,2.3489,5.61,7.04,2.68
company_01409,Radhe Healthcare 421 Private Limited,1,0,1,0.9284,circular_trading,647,0.6226,45.21,21.17,7.53
company_01410,Sterling Power LLP,0,0,0,0.3187,None,791,1.9851,8.49,3.59,3.76
company_01411,Ambika Energy Partnership Firm,0,0,0,0.1784,None,768,1.5946,5.82,4.82,1.65
company_01412,Sterling Automotive 367 LLP,0,0,0,0.0151,None,862,1.5909,7.11,7.01,1.81
company_01413,Hindustan Builders Partnership Firm,0,0,0,0.084,None,794,1.3026,3.72,2.99,1.12
company_01414,Infinity Solutions 286 Partnership Firm,0,0,0,0.3077,None,733,1.6385,4.41,3.58,2.42
company_01415,Delta Textiles Private Limited,0,0,0,0.2921,None,734,1.1136,3.35,3.55,2.05
company_01416,Kalyani Textiles 315 LLP,0,0,0,0.2471,None,644,1.447,2.93,2.79,3.09
company_01417,Bhaskar Automotive 574 Private Limited,0,0,0,0.1658,None,776,1.5046,4.19,4.05,2.45
company_01418,Karan Metals 493 Partnership Firm,0,0,0,0.312,None,745,1.9095,4.83,6.39,3.13
company_01419,Zenith Energy LLP,0,0,0,0.0676,None,777,1.0738,4.92,4.11,2.12
company_01420,Hindustan Infrastructure 531 Partnership Firm,0,0,0,0.298,None,662,1.1036,4.93,4.64,2.71
company_01421,Vidya Energy LLP,0,1,1,0.4289,seasonal_manipulation,728,1.3381,4.51,7.89,1.06
company_01422,Radhe Automotive LLP,0,0,0,0.1234,None,786,1.1025,5.8,4.45,2.62
company_01423,Bharat Infrastructure 603 Private Limited,0,0,0,0.3076,None,812,1.3069,2.83,2.2,0.93
company_01424,Arogya Enterprises 519 Partnership Firm,1,0,1,0.8904,shell_company,498,0.9296,77.68,29.76,6.37
company_01425,Hindustan Textiles 324 Private Limited,0,0,0,0.0549,None,716,1.1652,3.63,5.09,2.09
company_01426,Bharat Pharma Private Limited,0,0,0,0.2386,None,833,1.5683,11.42,4.3,0.5
company_01427,Matrix Pharma 719 Private Limited,0,0,0,0.0256,None,774,1.2169,3.7,4.43,1.65
company_01428,Hindustan Energy Private Limited,0,1,1,0.5494,revenue_inflation,701,1.1214,4.13,4.25,2.27
company_01429,Arogya Infotech 224 LLP,0,0,0,0.1293,None,748,1.2548,6.93,3.27,3.74
company_01430,Vanguard Builders 905 Private Limited,0,0,0,0.2541,None,702,1.6146,5.38,5.86,2.22
company_01431,Surya Industries 428 LLP,0,1,1,0.4453,shell_company,735,2.1484,12.89,5.17,1.67
company_01432,Radhe Healthcare Partnership Firm,0,1,1,0.4174,shell_company,733,1.0989,5.61,4.8,2.15
company_01433,Navrachana Textiles 838 LLP,0,0,0,0.1486,None,730,0.6293,6.06,4.43,1.52
company_01434,Zenith Industries 650 LLP,0,0,0,0.1355,None,764,1.5209,5.03,5.37,1.89
company_01435,Apex Chemicals 775 Private Limited,1,0,1,0.8919,shell_company,558,2.0247,42.06,27.19,7.91
company_01436,Tejas Industries Partnership Firm,0,0,0,0.2819,None,766,0.9396,6.25,8.89,1.61
company_01437,Karan Industries 299 LLP,0,0,0,0.1761,None,738,1.0876,3.42,6.0,1.66
company_01438,Ganesh Logistics Private Limited,0,0,0,0.1163,None,714,1.9591,5.85,4.97,4.11
company_01439,Apex Enterprises 737 LLP,0,0,0,0.1433,None,734,2.2055,2.4,2.74,2.38
company_01440,Tejas Power LLP,0,0,0,0.175,None,726,1.6357,4.84,8.16,1.65
company_01441,Delta Retail 520 Private Limited,0,0,0,0.21,None,793,1.8411,3.91,2.84,2.89
company_01442,Apex Metals 785 Partnership Firm,0,0,0,0.1637,None,779,1.8412,5.27,3.57,1.89
company_01443,Infinity Renewables 831 Partnership Firm,0,0,0,0.1272,None,728,1.2814,3.71,4.26,2.41
company_01444,Surya Industries 603 LLP,1,0,1,0.5121,benami_siphoning,776,1.4569,10.26,22.1,3.56
company_01445,Vanguard Solutions Private Limited,0,0,0,0.2978,None,726,1.3912,3.51,3.82,2.34
company_01446,Delta Automotive 760 Partnership Firm,0,0,0,0.0119,None,789,0.8432,4.85,4.22,1.19
company_01447,Bhaskar Metals Private Limited,1,0,1,0.5395,evergreening,684,0.4577,10.27,13.2,12.71
company_01448,Matrix Retail 897 Partnership Firm,0,0,0,0.3227,None,805,1.4479,3.2,3.14,0.42
company_01449,Ambika Pharma Private Limited,0,0,0,0.3333,None,692,1.7833,3.39,3.29,3.9
company_01450,Ganesh Foods 504 LLP,0,0,0,0.2584,None,732,1.8553,3.7,4.32,2.46
company_01451,Vidya Energy 892 Private Limited,0,0,0,0.1288,None,829,1.9321,5.36,3.07,0.31
company_01452,Hindustan Logistics Private Limited,0,0,0,0.2289,None,837,1.4282,1.04,2.76,1.48
company_01453,Matrix Infrastructure 435 Private Limited,0,0,0,0.2466,None,731,1.7619,2.87,3.46,0.88
company_01454,Bharat Pharma Partnership Firm,0,0,0,0.3391,None,759,1.4507,3.82,4.75,2.4
company_01455,Ambika Enterprises Private Limited,0,0,0,0.2427,None,735,1.84,5.92,4.17,2.5
company_01456,Vidya Metals 417 Private Limited,1,0,1,0.87,benami_siphoning,622,1.7943,23.59,24.94,20.0
company_01457,Zenith Textiles 950 LLP,0,0,0,0.0743,None,697,1.2432,7.21,4.71,1.71
company_01458,Apex Enterprises 898 Private Limited,1,0,1,0.6594,revenue_inflation,691,0.7274,32.93,23.36,4.61
company_01459,Ambika Builders 756 LLP,1,0,1,0.9004,evergreening,611,0.2181,21.33,32.13,14.8
company_01460,Vidya Infrastructure Partnership Firm,1,0,1,0.5742,revenue_inflation,685,0.7508,22.8,19.17,6.14
company_01461,Arogya Textiles 673 Private Limited,0,0,0,0.0618,None,748,1.6473,5.64,4.28,2.89
company_01462,Vanguard Textiles Private Limited,0,0,0,0.1391,None,745,1.8359,4.48,3.92,2.45
company_01463,Navrachana Infrastructure 839 Partnership Firm,0,0,0,0.116,None,810,1.7776,3.09,3.0,1.41
company_01464,Apex Metals 252 LLP,0,0,0,0.0748,None,731,1.5075,4.35,4.66,3.7
company_01465,Surya Builders 518 Private Limited,0,0,0,0.2742,None,792,1.5216,2.03,6.29,3.79
company_01466,Karan Enterprises LLP,0,0,0,0.3293,None,709,1.4318,7.08,3.27,2.08
company_01467,Matrix Chemicals 493 LLP,0,0,0,0.1181,None,833,1.3826,3.47,2.77,4.81
company_01468,Apex Textiles 157 Partnership Firm,0,0,0,0.2158,None,715,1.2117,4.67,3.38,3.09
company_01469,Urja Infotech 701 Private Limited,0,0,0,0.1576,None,718,1.0033,4.81,3.69,2.07
company_01470,Surya Energy 772 Partnership Firm,1,0,1,0.9243,benami_siphoning,641,1.9067,23.54,21.43,8.85
company_01471,Shivam Metals Partnership Firm,0,0,0,0.3369,None,723,1.2002,3.84,4.21,5.22
company_01472,Ganesh Power 148 Private Limited,0,0,0,0.2155,None,702,1.0292,3.0,2.89,3.4
company_01473,Matrix Automotive 387 Partnership Firm,0,0,0,0.1315,None,718,1.2031,4.21,3.16,1.91
company_01474,Navrachana Infrastructure LLP,0,0,0,0.0633,None,763,1.6146,4.47,4.97,2.46
company_01475,Bhaskar Automotive 307 Private Limited,1,0,1,0.9122,shell_company,518,1.0758,41.37,42.51,19.97
company_01476,Hindustan Renewables 704 Partnership Firm,0,0,0,0.3427,None,770,1.9505,3.36,8.64,1.26
company_01477,Apex Energy 328 LLP,0,1,1,0.5964,benami_siphoning,834,1.3246,4.31,6.35,0.08
company_01478,Tejas Textiles 699 Partnership Firm,0,0,0,0.3448,None,742,1.8531,0.87,3.27,1.89
company_01479,Sterling Metals 451 LLP,0,0,0,0.1327,None,705,1.8597,4.3,5.65,1.6
company_01480,Arogya Builders LLP,0,0,0,0.1742,None,712,1.6975,8.92,4.64,1.45
company_01481,Apex Foods 640 Private Limited,0,0,0,0.1361,None,752,1.0768,6.29,3.75,2.26
company_01482,Kalyani Chemicals 542 Private Limited,0,0,0,0.2761,None,789,1.8057,7.15,4.15,0.9
company_01483,Ganesh Energy 692 LLP,0,1,1,0.588,revenue_inflation,841,1.229,5.28,4.31,4.49
company_01484,Surya Energy 778 Partnership Firm,0,0,0,0.1331,None,808,1.2968,8.22,3.61,0.75
company_01485,Tejas Power 911 LLP,0,0,0,0.2756,None,809,1.5017,10.35,7.71,0.0
company_01486,Surya Power 256 LLP,0,0,0,0.0501,None,748,1.3511,2.87,4.72,1.78
company_01487,Ganesh Healthcare 370 Partnership Firm,0,0,0,0.2416,None,763,1.6048,5.84,7.16,2.08
company_01488,Zenith Industries 833 LLP,0,0,0,0.297,None,744,1.3964,3.75,3.31,1.83
company_01489,Kalyani Foods 240 Partnership Firm,0,0,0,0.3425,None,717,1.6025,5.38,4.85,6.28
company_01490,Navrachana Industries 613 LLP,1,0,1,0.7607,evergreening,662,0.4855,24.44,7.4,14.11
company_01491,Zenith Chemicals 606 Private Limited,0,0,0,0.0329,None,748,1.4794,2.56,8.86,2.29
company_01492,Ganesh Pharma 816 LLP,0,0,0,0.0879,None,681,1.3841,5.85,4.23,2.12
company_01493,Aditya Chemicals 703 Partnership Firm,0,0,0,0.043,None,748,2.2007,3.05,3.86,1.62
company_01494,Apex Automotive Partnership Firm,0,0,0,0.1125,None,789,1.4733,6.76,5.78,4.11
company_01495,Arogya Infrastructure 153 Private Limited,0,0,0,0.2425,None,698,1.2749,3.31,5.05,4.73
company_01496,Bharat Textiles 165 LLP,0,0,0,0.338,None,763,1.4334,6.51,7.94,3.54
company_01497,Bharat Builders 477 LLP,0,0,0,0.1398,None,733,1.7371,4.55,5.11,3.92
company_01498,Delta Enterprises 248 Private Limited,0,0,0,0.2926,None,762,1.3354,3.79,5.61,3.29
company_01499,Infinity Industries 193 Private Limited,0,0,0,0.0169,None,743,1.0384,2.34,2.84,1.53
company_01500,Urja Textiles 488 Partnership Firm,0,0,0,0.0527,None,780,0.9991,2.4,5.32,2.77
company_01501,Radhe Industries 689 Private Limited,0,0,0,0.3299,None,751,1.4552,3.08,4.12,1.49
company_01502,Delta Infotech Private Limited,1,0,1,0.5083,revenue_inflation,636,0.9843,23.75,29.95,4.28
company_01503,Matrix Healthcare 995 LLP,0,0,0,0.1802,None,800,1.8003,4.2,5.9,1.82
company_01504,Shivam Renewables 704 LLP,0,0,0,0.1313,None,771,1.1559,3.07,2.9,0.99
company_01505,Zenith Infotech 869 Partnership Firm,0,0,0,0.3448,None,805,2.1185,4.38,7.63,1.65
company_01506,Aditya Enterprises 475 Private Limited,0,0,0,0.3047,None,774,1.8506,3.07,5.62,0.74
company_01507,Delta Industries 784 LLP,0,0,0,0.2761,None,696,0.9794,2.48,2.9,2.82
company_01508,Kalyani Logistics Private Limited,0,0,0,0.1272,None,735,2.615,4.52,5.69,3.95
company_01509,Delta Pharma Private Limited,0,0,0,0.0837,None,761,1.4405,6.52,4.23,1.7
company_01510,Ambika Energy 237 LLP,0,0,0,0.161,None,755,0.8793,4.39,3.61,1.4
company_01511,Surya Retail 427 LLP,0,0,0,0.255,None,751,1.1638,3.97,3.54,3.22
company_01512,Kalyani Infotech LLP,0,0,0,0.0117,None,732,1.2343,4.06,4.44,1.94
company_01513,Urja Textiles 852 Partnership Firm,0,0,0,0.2031,None,771,1.4982,2.22,2.49,3.42
company_01514,Arogya Retail 242 Partnership Firm,0,0,0,0.1442,None,729,1.6263,4.73,3.33,1.65
company_01515,Vidya Infotech 720 Partnership Firm,0,0,0,0.1,None,802,1.0691,6.98,3.46,2.73
company_01516,Vidya Retail 618 Partnership Firm,0,0,0,0.1896,None,714,1.7681,7.94,5.79,2.66
company_01517,Surya Pharma LLP,0,0,0,0.1425,None,745,1.4841,2.13,5.09,1.84
company_01518,Bharat Textiles 851 Partnership Firm,0,0,0,0.0366,None,757,2.1217,4.23,4.13,2.33
company_01519,Delta Chemicals 507 LLP,0,0,0,0.333,None,824,1.5737,0.17,1.92,1.01
company_01520,Hindustan Metals 383 LLP,0,0,0,0.1497,None,728,1.5984,5.01,3.97,3.0
company_01521,Infinity Infotech 743 Partnership Firm,0,0,0,0.0269,None,748,1.9347,3.08,2.66,1.99
company_01522,Vidya Metals 633 LLP,0,0,0,0.1645,None,841,1.5805,6.4,5.19,1.67
company_01523,Kalyani Renewables Partnership Firm,0,0,0,0.1396,None,752,1.1375,7.2,3.68,2.87
company_01524,Karan Infrastructure 446 LLP,0,0,0,0.3179,None,768,1.116,4.51,3.82,2.18
company_01525,Navrachana Infotech 789 Private Limited,0,0,0,0.0332,None,726,1.687,4.0,4.61,2.37
company_01526,Zenith Solutions 591 Private Limited,0,0,0,0.3187,None,746,1.6732,4.07,3.93,2.46
company_01527,Navrachana Metals 514 Partnership Firm,0,0,0,0.247,None,790,1.1014,8.28,3.26,3.91
company_01528,Urja Retail 322 Private Limited,0,0,0,0.0678,None,781,1.3412,2.97,4.86,1.2
company_01529,Aditya Builders 619 LLP,0,0,0,0.1295,None,675,2.0475,4.21,4.43,3.15
company_01530,Vidya Solutions LLP,0,0,0,0.0884,None,712,0.8523,7.42,5.05,2.61
company_01531,Arogya Healthcare LLP,1,0,1,0.9789,revenue_inflation,661,1.6034,35.97,23.63,8.73
company_01532,Bharat Automotive Partnership Firm,0,0,0,0.095,None,720,1.2388,5.43,5.66,2.0
company_01533,Vidya Textiles 620 Private Limited,0,0,0,0.1872,None,775,1.788,2.59,2.85,1.39
company_01534,Ganesh Renewables 857 Private Limited,0,0,0,0.2029,None,711,2.1325,3.47,5.36,3.28
company_01535,Navrachana Renewables 183 Private Limited,0,0,0,0.3391,None,792,1.3744,3.94,2.96,3.54
company_01536,Tejas Automotive 683 Private Limited,0,0,0,0.3112,None,722,1.5972,2.26,3.99,2.63
company_01537,Ganesh Textiles 394 Private Limited,0,0,0,0.2642,None,725,1.5772,4.51,4.05,2.15
company_01538,Sterling Infrastructure LLP,0,0,0,0.2115,None,832,1.3126,4.16,3.3,2.07
company_01539,Hindustan Metals 355 LLP,0,0,0,0.2669,None,742,1.2313,6.97,11.33,3.36
company_01540,Vidya Chemicals Partnership Firm,0,0,0,0.203,None,748,1.5256,3.24,3.37,1.78
company_01541,Kalyani Healthcare LLP,0,0,0,0.2367,None,727,2.8881,3.6,3.11,3.86
company_01542,Urja Industries LLP,0,0,0,0.1644,None,795,1.6387,3.57,3.54,1.93
company_01543,Delta Builders 180 Partnership Firm,0,0,0,0.0207,None,755,1.9885,3.81,4.77,2.14
company_01544,Tejas Automotive 196 LLP,0,0,0,0.1064,None,756,1.5877,4.04,3.62,2.48
company_01545,Surya Enterprises 399 Partnership Firm,0,0,0,0.2321,None,666,1.5347,4.21,3.11,2.81
company_01546,Vanguard Metals 870 Private Limited,1,0,1,0.8542,shell_company,570,0.3134,47.85,20.68,15.08
company_01547,Matrix Healthcare 670 Private Limited,0,0,0,0.2178,None,692,1.7292,2.38,4.15,2.48
company_01548,Sterling Foods Private Limited,0,0,0,0.0993,None,783,1.4268,6.39,3.79,2.0
company_01549,Ganesh Pharma 305 Private Limited,1,0,1,0.5922,seasonal_manipulation,682,0.7662,22.16,6.52,4.02
company_01550,Zenith Automotive LLP,0,0,0,0.254,None,684,1.7516,3.88,8.23,3.98
company_01551,Delta Logistics 383 Partnership Firm,0,0,0,0.2008,None,777,1.744,4.07,3.61,2.25
company_01552,Shivam Foods 330 LLP,0,0,0,0.162,None,767,1.6742,3.73,2.79,1.65
company_01553,Hindustan Metals Partnership Firm,0,0,0,0.2271,None,724,1.5373,5.07,4.09,2.08
company_01554,Bharat Solutions 506 Private Limited,0,0,0,0.0262,None,691,1.6355,3.01,3.42,2.67
company_01555,Matrix Power LLP,0,0,0,0.1895,None,751,1.0964,3.27,3.14,2.16
company_01556,Aditya Infrastructure 501 Partnership Firm,0,0,0,0.1271,None,741,1.4882,6.96,4.43,2.64
company_01557,Bhaskar Textiles Private Limited,1,0,1,0.7194,revenue_inflation,635,0.7874,22.72,31.03,4.1
company_01558,Navrachana Renewables 852 Private Limited,1,0,1,0.5587,benami_siphoning,676,1.0536,13.57,21.61,5.58
company_01559,Ganesh Renewables 428 LLP,0,0,0,0.2059,None,694,1.524,6.2,4.05,4.61
company_01560,Surya Pharma 204 LLP,0,0,0,0.1776,None,750,1.4447,2.62,4.13,2.05
company_01561,Bhaskar Automotive Partnership Firm,0,0,0,0.2247,None,695,1.6182,4.38,4.31,3.58
company_01562,Delta Pharma 369 Partnership Firm,1,0,1,0.7715,shell_company,473,1.8699,28.7,29.89,7.71
company_01563,Ganesh Logistics 853 LLP,0,0,0,0.2089,None,770,1.3068,3.38,3.15,3.55
company_01564,Bharat Power Private Limited,0,0,0,0.288,None,782,2.1776,4.45,2.59,0.73
company_01565,Delta Power 719 LLP,0,0,0,0.1599,None,738,1.926,2.83,5.99,1.71
company_01566,Matrix Renewables LLP,0,0,0,0.1076,None,740,1.2221,2.85,8.54,2.15
company_01567,Urja Logistics 199 Partnership Firm,0,0,0,0.2179,None,682,1.8651,5.28,4.22,2.62
company_01568,Aditya Energy 830 Private Limited,1,0,1,0.8779,revenue_inflation,612,1.0282,29.23,28.37,12.72
company_01569,Shivam Solutions 999 LLP,0,0,0,0.2976,None,741,1.2498,6.79,3.43,1.88
company_01570,Sterling Chemicals 525 LLP,0,0,0,0.1429,None,745,0.8957,4.89,4.57,2.66
company_01571,Bhaskar Textiles 789 Partnership Firm,1,0,1,0.9054,benami_siphoning,696,1.166,26.66,41.26,6.23
company_01572,Vidya Automotive LLP,0,0,0,0.1807,None,757,2.1187,4.12,5.37,2.97
company_01573,Radhe Infrastructure Private Limited,0,0,0,0.0219,None,790,1.5357,4.23,4.79,1.22
company_01574,Aditya Textiles Private Limited,0,0,0,0.0346,None,641,1.5466,8.09,9.02,3.67
company_01575,Ambika Infrastructure 823 Partnership Firm,0,0,0,0.3024,None,757,1.1111,5.06,5.92,2.76
company_01576,Delta Enterprises 264 Partnership Firm,0,0,0,0.1063,None,839,1.6598,10.88,3.61,0.81
company_01577,Hindustan Industries 306 Partnership Firm,0,0,0,0.0773,None,769,1.0383,5.95,3.66,2.13
company_01578,Ambika Logistics Private Limited,0,0,0,0.3071,None,738,1.1579,6.66,4.11,1.72
company_01579,Ganesh Renewables 523 Partnership Firm,1,0,1,0.629,evergreening,627,0.7383,25.0,8.33,9.68
company_01580,Bharat Pharma 385 LLP,0,1,1,0.6418,seasonal_manipulation,802,2.1636,3.32,7.13,2.87
company_01581,Vanguard Automotive 938 LLP,1,0,1,0.988,benami_siphoning,676,1.169,27.92,30.6,12.41
company_01582,Vanguard Pharma 200 Partnership Firm,0,1,1,0.5862,benami_siphoning,777,1.5072,6.28,3.71,2.79
company_01583,Navrachana Healthcare 205 Partnership Firm,0,0,0,0.1071,None,811,1.7599,3.75,8.55,2.04
company_01584,Arogya Infrastructure 960 Private Limited,0,0,0,0.2678,None,709,2.2543,7.19,2.78,2.75
company_01585,Urja Metals 447 LLP,0,0,0,0.0696,None,734,1.5178,5.83,3.39,2.75
company_01586,Tejas Power 616 Private Limited,0,0,0,0.3315,None,719,1.3411,4.37,3.83,4.59
company_01587,Navrachana Builders 523 Partnership Firm,0,0,0,0.2145,None,741,1.2209,2.68,2.77,2.55
company_01588,Arogya Retail 690 Private Limited,0,0,0,0.0649,None,830,1.9765,4.2,3.66,4.55
company_01589,Kalyani Infrastructure Private Limited,1,0,1,0.8834,evergreening,588,0.7498,28.4,21.53,16.06
company_01590,Apex Pharma 351 Partnership Firm,0,0,0,0.1365,None,706,2.0682,4.05,3.0,2.76
company_01591,Bhaskar Builders 963 Partnership Firm,0,1,1,0.7387,shell_company,719,1.7965,4.57,3.79,1.96
company_01592,Matrix Healthcare 687 LLP,1,0,1,0.668,shell_company,619,0.9103,39.44,30.13,5.37
company_01593,Delta Infrastructure 519 Partnership Firm,0,0,0,0.19,None,748,2.0146,4.3,5.3,3.29
company_01594,Apex Infrastructure 633 Partnership Firm,0,0,0,0.0781,None,710,0.7915,4.63,4.02,2.84
company_01595,Infinity Metals 403 Private Limited,1,0,1,0.8078,benami_siphoning,620,0.6368,14.13,19.03,10.81
company_01596,Vanguard Healthcare 634 Partnership Firm,0,0,0,0.1746,None,730,2.0343,6.73,3.67,3.88
company_01597,Delta Retail 856 Private Limited,0,0,0,0.1188,None,748,0.9464,4.25,8.93,1.59
company_01598,Aditya Pharma 616 LLP,0,0,0,0.0752,None,762,1.1275,2.92,3.81,1.37
company_01599,Shivam Power Private Limited,0,0,0,0.3018,None,728,1.0776,1.76,5.74,1.89
company_01600,Aditya Enterprises LLP,0,0,0,0.2102,None,752,1.5699,5.01,7.74,4.14
company_01601,Ambika Builders 749 Private Limited,0,0,0,0.144,None,734,1.8718,6.95,4.88,2.34
company_01602,Urja Automotive 790 Private Limited,0,0,0,0.0163,None,701,1.6443,3.1,6.71,2.92
company_01603,Vanguard Energy 421 Private Limited,0,0,0,0.2553,None,741,1.5199,2.74,2.85,1.31
company_01604,Vidya Healthcare 469 Partnership Firm,0,0,0,0.168,None,708,1.5949,6.15,4.48,6.83
company_01605,Radhe Healthcare 741 Private Limited,0,0,0,0.2207,None,725,1.5591,5.71,2.86,2.03
company_01606,Bharat Textiles 967 LLP,0,0,0,0.0682,None,794,2.5553,1.17,3.2,0.94
company_01607,Aditya Infrastructure Private Limited,1,0,1,0.9516,benami_siphoning,617,0.8449,17.46,20.71,7.69
company_01608,Ambika Textiles 758 Private Limited,0,0,0,0.3202,None,790,1.3363,5.47,4.46,3.9
company_01609,Aditya Retail 587 LLP,0,0,0,0.1308,None,750,1.0722,6.22,4.29,2.1
company_01610,Surya Enterprises 250 Private Limited,0,0,0,0.146,None,794,1.5514,3.18,4.32,1.6
company_01611,Sterling Infotech 142 Private Limited,0,0,0,0.0333,None,797,1.3641,4.91,4.29,1.3
company_01612,Arogya Builders 375 Partnership Firm,0,1,1,0.6967,revenue_inflation,678,1.2428,4.6,7.61,3.02
company_01613,Hindustan Healthcare Partnership Firm,0,0,0,0.2439,None,747,1.34,2.23,5.61,2.42
company_01614,Vidya Enterprises 780 Partnership Firm,1,0,1,0.7959,shell_company,559,0.9448,33.56,30.49,5.58
company_01615,Hindustan Retail LLP,0,0,0,0.0916,None,779,2.1085,3.37,5.62,1.55
company_01616,Kalyani Textiles 857 Partnership Firm,0,0,0,0.051,None,778,1.4455,6.03,3.74,1.53
company_01617,Apex Solutions 561 Private Limited,1,0,1,0.9207,shell_company,530,0.6352,31.91,33.48,8.83
company_01618,Ganesh Retail 283 LLP,0,0,0,0.2424,None,698,1.1458,2.96,6.23,1.77
company_01619,Hindustan Infrastructure LLP,0,0,0,0.1921,None,733,1.2055,7.21,4.19,1.74
company_01620,Bhaskar Energy 131 LLP,0,0,0,0.0732,None,755,0.7247,8.72,3.71,1.4
company_01621,Apex Industries 285 LLP,0,0,0,0.1149,None,741,1.2277,1.66,3.01,2.83
company_01622,Tejas Industries 423 LLP,1,0,1,0.8982,revenue_inflation,671,0.6889,37.52,26.11,7.16
company_01623,Navrachana Textiles 373 Partnership Firm,0,0,0,0.1096,None,751,1.7292,5.15,3.67,1.32
company_01624,Vanguard Industries 706 Partnership Firm,0,0,0,0.1402,None,679,1.8033,3.0,3.4,6.05
company_01625,Ambika Automotive Partnership Firm,0,0,0,0.0592,None,763,1.4607,4.37,3.06,3.24
company_01626,Urja Power 169 Partnership Firm,0,0,0,0.1748,None,795,2.0678,6.45,11.68,0.38
company_01627,Radhe Pharma 856 LLP,0,0,0,0.2035,None,783,1.036,3.77,10.41,2.72
company_01628,Aditya Metals 950 LLP,0,0,0,0.0162,None,728,1.7989,8.67,3.85,3.72
company_01629,Ambika Infrastructure 715 Private Limited,0,0,0,0.3301,None,807,1.2494,2.82,3.22,1.12
company_01630,Kalyani Chemicals Partnership Firm,0,0,0,0.1541,None,726,0.6457,4.51,3.96,1.38
company_01631,Infinity Logistics 115 Private Limited,1,0,1,0.9554,seasonal_manipulation,685,1.2753,52.62,18.6,12.22
company_01632,Vanguard Retail 410 Partnership Firm,0,0,0,0.3216,None,751,0.8578,4.58,4.44,1.29
company_01633,Tejas Enterprises Partnership Firm,0,0,0,0.0672,None,808,1.5564,5.38,4.1,1.06
company_01634,Zenith Logistics LLP,0,0,0,0.0654,None,654,1.0677,4.82,5.05,3.32
company_01635,Bharat Healthcare 768 Partnership Firm,1,0,1,0.8406,evergreening,700,0.89,9.1,18.89,8.88
company_01636,Aditya Infotech LLP,0,0,0,0.0704,None,765,1.0658,4.81,10.48,3.0
company_01637,Ganesh Foods Private Limited,0,0,0,0.1961,None,685,1.3671,4.04,2.9,3.1
company_01638,Delta Retail 998 Private Limited,1,0,1,0.9647,benami_siphoning,662,1.3859,23.42,31.2,10.59
company_01639,Apex Energy 277 Private Limited,0,0,0,0.227,None,756,2.076,5.61,4.01,2.49
company_01640,Vanguard Infrastructure 803 Private Limited,0,0,0,0.0645,None,734,1.1474,2.47,2.32,1.41
company_01641,Kalyani Enterprises 146 LLP,1,0,1,0.9864,shell_company,509,0.8273,58.0,35.83,20.0
company_01642,Karan Enterprises 509 Partnership Firm,1,0,1,0.9576,revenue_inflation,642,1.0764,34.61,31.66,7.5
company_01643,Vidya Chemicals 710 Partnership Firm,1,0,1,0.567,evergreening,624,0.8432,17.01,6.96,11.16
company_01644,Matrix Infotech Private Limited,1,0,1,0.9626,circular_trading,687,0.8281,35.67,21.25,15.19
company_01645,Vanguard Foods LLP,0,0,0,0.159,None,815,1.4048,1.82,4.07,0.42
company_01646,Bhaskar Renewables 349 Partnership Firm,1,0,1,0.9382,circular_trading,699,0.4654,30.95,14.51,8.05
company_01647,Vanguard Builders 109 Partnership Firm,0,0,0,0.1272,None,767,1.7061,4.26,4.68,5.37
company_01648,Bharat Automotive 240 Partnership Firm,0,0,0,0.2703,None,759,1.4414,3.48,3.21,2.65
company_01649,Tejas Industries 867 Private Limited,0,0,0,0.015,None,766,1.6426,3.61,4.27,1.71
company_01650,Bharat Automotive 890 Partnership Firm,0,0,0,0.1454,None,752,1.6437,4.49,3.45,2.49
company_01651,Navrachana Industries Private Limited,0,0,0,0.2239,None,759,1.5272,4.3,4.38,2.34
company_01652,Apex Builders 263 Partnership Firm,0,0,0,0.0628,None,722,1.6358,5.1,4.28,1.96
company_01653,Tejas Energy Partnership Firm,0,0,0,0.2992,None,803,1.4749,4.29,10.59,1.85
company_01654,Tejas Renewables 653 Partnership Firm,0,0,0,0.0106,None,671,1.7131,5.71,5.4,1.96
company_01655,Hindustan Foods 221 Private Limited,0,0,0,0.143,None,748,0.9509,3.46,3.38,1.85
company_01656,Surya Healthcare 767 LLP,0,0,0,0.3249,None,750,1.7342,7.77,5.96,1.62
company_01657,Arogya Pharma 275 LLP,0,0,0,0.059,None,761,2.4174,7.28,3.35,2.57
company_01658,Karan Renewables 817 Private Limited,0,0,0,0.2607,None,761,1.565,4.73,4.79,2.13
company_01659,Bhaskar Industries 219 LLP,1,0,1,0.9051,circular_trading,676,1.078,25.85,26.03,12.58
company_01660,Apex Automotive 959 LLP,0,0,0,0.222,None,738,1.6373,4.62,5.7,1.04
company_01661,Apex Power 616 Partnership Firm,0,0,0,0.0627,None,783,1.7126,3.74,5.29,2.15
company_01662,Vanguard Solutions 708 Partnership Firm,0,0,0,0.3246,None,716,2.6138,3.17,5.6,2.97
company_01663,Shivam Retail LLP,0,0,0,0.1413,None,739,1.2051,4.17,3.92,3.81
company_01664,Zenith Automotive 182 Private Limited,0,0,0,0.245,None,736,1.5543,4.14,3.86,2.64
company_01665,Tejas Industries 928 Partnership Firm,0,0,0,0.2453,None,750,1.8461,5.22,3.64,1.55
company_01666,Apex Pharma 258 Partnership Firm,0,0,0,0.254,None,779,2.0125,2.49,2.81,1.47
company_01667,Radhe Solutions 149 Partnership Firm,0,0,0,0.3375,None,771,1.0569,2.96,4.06,1.39
company_01668,Zenith Chemicals 656 LLP,0,0,0,0.1563,None,759,0.9584,6.09,4.15,2.27
company_01669,Matrix Automotive LLP,0,0,0,0.1743,None,756,1.1272,3.5,3.09,1.3
company_01670,Tejas Infotech 371 Private Limited,0,0,0,0.2339,None,709,1.9967,6.55,3.26,2.94
company_01671,Arogya Foods 535 Partnership Firm,0,1,1,0.6114,circular_trading,681,1.1577,4.05,3.8,2.09
company_01672,Tejas Enterprises 384 Private Limited,0,0,0,0.1512,None,802,1.6812,4.36,8.57,2.34
company_01673,Bharat Infotech 674 Private Limited,0,0,0,0.158,None,742,1.3757,2.62,3.57,2.11
company_01674,Ganesh Healthcare 877 Private Limited,0,0,0,0.3335,None,712,1.6287,7.09,4.75,3.04
company_01675,Kalyani Logistics 811 Private Limited,0,0,0,0.2923,None,727,1.3657,5.51,2.94,2.74
company_01676,Arogya Automotive LLP,0,0,0,0.247,None,745,1.494,4.31,3.43,1.81
company_01677,Matrix Chemicals 771 Partnership Firm,0,0,0,0.3262,None,804,1.7984,4.0,4.68,0.61
company_01678,Zenith Infrastructure 651 LLP,0,0,0,0.3073,None,696,1.4904,9.02,3.71,3.18
company_01679,Matrix Metals 114 Private Limited,1,0,1,0.9813,revenue_inflation,660,0.7376,32.36,25.83,10.37
company_01680,Aditya Solutions 797 Partnership Firm,1,0,1,0.7605,shell_company,640,0.4386,24.66,24.52,6.09
company_01681,Urja Power 525 LLP,1,0,1,0.9179,revenue_inflation,620,1.2147,31.66,61.86,9.83
company_01682,Vidya Automotive 555 Partnership Firm,0,0,0,0.0905,None,745,1.7445,7.07,3.93,1.89
company_01683,Vanguard Textiles 192 LLP,0,0,0,0.1934,None,767,1.35,3.7,2.88,1.41
company_01684,Infinity Infotech 707 LLP,1,0,1,0.9824,evergreening,653,0.8167,44.44,20.96,21.07
company_01685,Ambika Metals 114 Private Limited,0,0,0,0.1339,None,661,1.5924,5.29,3.14,4.81
company_01686,Ganesh Healthcare 778 Partnership Firm,0,0,0,0.0285,None,723,2.0832,6.75,3.54,4.65
company_01687,Hindustan Infotech LLP,0,1,1,0.5995,revenue_inflation,779,1.5023,4.39,4.81,1.37
company_01688,Bharat Automotive Private Limited,0,0,0,0.2631,None,763,2.1085,1.11,3.43,2.26
company_01689,Surya Automotive 452 LLP,0,0,0,0.2328,None,754,1.4333,3.57,3.14,1.7
company_01690,Vidya Metals 939 Partnership Firm,0,0,0,0.1851,None,756,1.3697,2.61,3.55,1.56
company_01691,Navrachana Textiles Private Limited,0,0,0,0.1559,None,742,1.2379,4.39,3.7,1.95
company_01692,Sterling Healthcare 846 Partnership Firm,0,0,0,0.1084,None,787,1.2658,3.25,3.73,1.07
company_01693,Karan Renewables 884 LLP,0,0,0,0.0894,None,750,1.1016,7.67,4.19,1.9
company_01694,Sterling Energy 114 LLP,1,0,1,0.7528,evergreening,611,0.6752,20.46,7.46,10.98
company_01695,Apex Infrastructure 154 LLP,0,0,0,0.3138,None,716,1.1564,2.67,2.85,2.03
company_01696,Arogya Textiles LLP,0,0,0,0.3066,None,676,1.5749,5.11,3.93,3.21
company_01697,Tejas Energy 556 Private Limited,0,0,0,0.0782,None,815,1.2443,2.39,2.73,0.8
company_01698,Vidya Retail Private Limited,0,0,0,0.2631,None,719,1.3225,7.32,4.77,4.23
company_01699,Urja Healthcare 700 Private Limited,0,0,0,0.1649,None,769,1.4136,2.43,3.72,3.68
company_01700,Bhaskar Metals 173 Partnership Firm,0,0,0,0.0936,None,751,1.8406,5.97,3.62,4.13
company_01701,Urja Retail Partnership Firm,0,0,0,0.2443,None,710,1.4537,3.95,5.51,2.91
company_01702,Navrachana Chemicals Partnership Firm,0,0,0,0.031,None,767,1.5185,2.21,3.98,1.26
company_01703,Urja Retail 913 Private Limited,1,0,1,0.5453,circular_trading,698,0.5596,28.37,19.68,7.64
company_01704,Bhaskar Retail 136 Private Limited,0,0,0,0.2076,None,752,1.3706,1.51,2.5,2.4
company_01705,Hindustan Retail 683 Private Limited,0,0,0,0.3338,None,755,1.4652,2.16,4.71,1.83
company_01706,Shivam Foods 342 LLP,0,0,0,0.0662,None,720,1.698,5.87,4.52,2.26
company_01707,Delta Infotech 882 LLP,0,0,0,0.0526,None,754,1.6433,3.32,3.49,1.52
company_01708,Tejas Builders 547 Partnership Firm,0,0,0,0.2483,None,697,2.0646,3.69,3.45,2.73
company_01709,Apex Infotech 124 LLP,0,0,0,0.1038,None,746,2.4271,4.05,6.98,2.36
company_01710,Vidya Healthcare 207 Private Limited,0,0,0,0.3413,None,696,1.4383,6.32,4.65,3.25
company_01711,Vanguard Logistics 909 LLP,1,0,1,0.864,evergreening,685,0.5558,18.16,10.89,15.27
company_01712,Vanguard Power 842 LLP,0,0,0,0.1962,None,757,1.0904,1.97,3.95,1.43
company_01713,Zenith Automotive 585 Partnership Firm,0,0,0,0.1574,None,804,1.6407,5.54,4.87,1.35
company_01714,Matrix Industries 624 LLP,0,0,0,0.2229,None,781,1.3608,4.73,4.24,6.0
company_01715,Ganesh Energy 175 Private Limited,0,0,0,0.0551,None,771,1.4968,3.8,3.01,1.8
company_01716,Ambika Logistics 995 Partnership Firm,0,1,1,0.7064,shell_company,735,1.0446,4.81,4.11,5.31
company_01717,Bhaskar Foods Private Limited,0,0,0,0.0519,None,810,1.4009,3.15,4.34,1.05
company_01718,Vanguard Retail Private Limited,0,0,0,0.0259,None,768,1.0068,5.04,4.53,5.28
company_01719,Navrachana Energy 280 Partnership Firm,0,0,0,0.2443,None,804,1.4537,4.67,5.57,1.3
company_01720,Bharat Chemicals Partnership Firm,0,0,0,0.102,None,697,0.9526,10.58,3.59,3.64
company_01721,Hindustan Infotech 255 LLP,1,0,1,0.9745,revenue_inflation,704,0.9302,31.22,28.82,13.8
company_01722,Infinity Energy Private Limited,0,0,0,0.1292,None,734,1.8662,4.29,3.21,2.66
company_01723,Apex Infrastructure Private Limited,0,0,0,0.0247,None,674,1.9278,3.17,4.89,2.38
company_01724,Sterling Metals Partnership Firm,1,0,1,0.5415,circular_trading,648,0.6323,26.99,24.4,4.48
company_01725,Hindustan Textiles 560 Private Limited,1,0,1,0.9164,evergreening,678,0.8115,25.98,14.02,11.75
company_01726,Bhaskar Automotive 317 Private Limited,0,0,0,0.1247,None,685,1.4233,6.49,6.24,3.65
company_01727,Surya Automotive 538 Private Limited,0,0,0,0.2184,None,679,1.4027,5.02,3.16,2.25
company_01728,Radhe Metals 495 Private Limited,1,0,1,0.9422,circular_trading,745,1.0662,26.11,26.19,5.15
company_01729,Urja Textiles 505 Private Limited,1,0,1,0.9169,benami_siphoning,694,0.9302,20.05,32.26,9.43
company_01730,Karan Solutions 295 Partnership Firm,0,0,0,0.086,None,688,1.1496,3.43,3.59,6.45
company_01731,Shivam Builders Private Limited,0,0,0,0.1936,None,745,0.2945,1.95,3.29,2.29
company_01732,Urja Industries 731 LLP,0,0,0,0.1904,None,722,1.5961,3.6,3.74,1.5
company_01733,Apex Textiles 759 Private Limited,0,0,0,0.3489,None,763,1.7075,2.72,3.39,3.73
company_01734,Ambika Pharma 557 LLP,0,0,0,0.023,None,755,1.3388,4.83,6.0,2.57
company_01735,Surya Power 654 Partnership Firm,0,0,0,0.1651,None,656,2.2293,4.06,6.45,5.12
company_01736,Zenith Retail 858 Private Limited,0,0,0,0.2083,None,678,0.9405,5.12,2.81,2.43
company_01737,Kalyani Builders 473 Private Limited,0,0,0,0.1355,None,709,1.9959,4.58,3.52,3.27
company_01738,Sterling Healthcare 834 LLP,0,0,0,0.1332,None,775,1.444,3.5,3.3,2.79
company_01739,Urja Solutions 441 LLP,0,1,1,0.5158,circular_trading,748,1.3303,10.51,3.88,1.21
company_01740,Karan Infotech 143 LLP,0,0,0,0.2622,None,788,1.1312,4.21,3.7,1.34
company_01741,Tejas Builders 300 Partnership Firm,0,0,0,0.1678,None,741,0.9705,3.54,3.56,2.06
company_01742,Vidya Chemicals LLP,0,0,0,0.0606,None,777,2.1918,7.86,3.09,2.14
company_01743,Ambika Infotech 157 LLP,0,0,0,0.0997,None,735,2.1351,5.62,6.08,2.19
company_01744,Navrachana Industries 423 Partnership Firm,0,0,0,0.115,None,789,1.4014,3.56,3.62,2.89
company_01745,Radhe Industries 555 LLP,0,0,0,0.1574,None,710,1.1905,7.25,4.97,2.33
company_01746,Shivam Retail Private Limited,1,0,1,0.902,revenue_inflation,628,1.0809,36.89,22.35,7.48
company_01747,Zenith Metals 565 Partnership Firm,1,0,1,0.9154,benami_siphoning,663,1.9023,19.76,30.66,6.31
company_01748,Delta Infrastructure 666 Partnership Firm,0,0,0,0.1768,None,761,1.0352,10.35,6.59,1.08
company_01749,Matrix Retail 606 Private Limited,1,0,1,0.9866,circular_trading,640,0.609,29.64,23.78,10.42
company_01750,Navrachana Industries 759 Partnership Firm,0,0,0,0.2055,None,762,1.4988,3.54,3.25,2.78
company_01751,Ambika Textiles 398 Private Limited,0,0,0,0.2885,None,787,1.0374,4.24,3.26,2.11
company_01752,Matrix Automotive 570 Partnership Firm,0,0,0,0.072,None,746,1.1253,2.79,3.81,1.46
company_01753,Infinity Infrastructure 184 Private Limited,0,0,0,0.2794,None,705,1.378,5.14,4.74,5.47
company_01754,Navrachana Energy LLP,1,0,1,0.86,revenue_inflation,610,1.1426,20.72,44.91,11.31
company_01755,Matrix Industries 795 LLP,1,0,1,0.9274,circular_trading,693,0.4369,59.81,21.89,11.95
company_01756,Surya Chemicals 679 Partnership Firm,0,0,0,0.1086,None,712,2.0196,4.35,2.93,3.34
company_01757,Ganesh Builders 714 Private Limited,0,0,0,0.2178,None,740,1.3588,4.21,5.36,3.35
company_01758,Navrachana Textiles 233 Partnership Firm,1,0,1,0.9446,benami_siphoning,633,1.6938,35.98,27.6,7.65
company_01759,Vidya Infotech 109 Private Limited,0,0,0,0.3405,None,771,1.2845,5.97,3.57,1.68
company_01760,Apex Textiles 297 LLP,1,0,1,0.6158,revenue_inflation,669,0.9522,26.85,24.97,4.33
company_01761,Navrachana Logistics 228 Partnership Firm,1,0,1,0.9175,benami_siphoning,646,1.1332,15.96,29.96,9.21
company_01762,Urja Builders 259 Private Limited,0,0,0,0.0495,None,700,1.5163,4.09,3.71,4.96
company_01763,Arogya Healthcare 636 LLP,0,0,0,0.1768,None,775,1.2913,5.47,7.6,2.34
company_01764,Apex Metals 275 Partnership Firm,0,0,0,0.1767,None,703,1.9248,3.46,5.41,8.14
company_01765,Zenith Solutions 384 Private Limited,0,0,0,0.2159,None,748,1.8366,6.58,3.33,1.22
company_01766,Arogya Solutions Partnership Firm,1,0,1,0.9081,revenue_inflation,692,0.9406,46.23,35.61,6.32
company_01767,Surya Power 599 LLP,0,0,0,0.2964,None,699,1.4887,4.4,3.5,2.14
company_01768,Matrix Automotive 463 LLP,0,0,0,0.247,None,766,0.9669,4.92,4.64,3.26
company_01769,Hindustan Textiles 633 Partnership Firm,0,1,1,0.6724,benami_siphoning,796,1.3632,3.61,5.01,2.61
company_01770,Kalyani Industries 215 Partnership Firm,0,0,0,0.321,None,695,1.4981,3.49,4.04,2.08
company_01771,Surya Textiles 407 Private Limited,0,0,0,0.2638,None,742,1.2425,4.17,6.48,1.76
company_01772,Ganesh Enterprises 138 Private Limited,0,0,0,0.3365,None,723,1.6138,3.0,2.56,1.09
company_01773,Apex Metals 436 LLP,1,0,1,0.988,circular_trading,672,0.7813,35.23,19.35,19.6
company_01774,Zenith Logistics Private Limited,0,0,0,0.221,None,779,0.9526,5.53,3.55,2.36
company_01775,Sterling Pharma 445 LLP,1,0,1,0.8815,revenue_inflation,656,0.842,25.62,41.87,10.03
company_01776,Radhe Infotech 160 Private Limited,1,0,1,0.8138,benami_siphoning,693,0.9567,10.42,27.16,5.69
company_01777,Ambika Foods 483 Private Limited,0,0,0,0.1634,None,725,1.2183,4.49,3.55,2.19
company_01778,Shivam Healthcare 705 Private Limited,0,0,0,0.1625,None,764,1.2906,4.98,3.12,2.45
company_01779,Ganesh Builders 458 Private Limited,0,0,0,0.1391,None,772,1.2457,5.46,3.78,2.39
company_01780,Surya Automotive 551 Private Limited,0,0,0,0.0357,None,728,1.0687,3.83,2.98,3.64
company_01781,Hindustan Automotive Partnership Firm,1,0,1,0.9055,circular_trading,654,1.3272,32.91,30.14,9.01
company_01782,Vidya Metals 583 Partnership Firm,1,0,1,0.7813,evergreening,711,0.7557,8.64,6.23,12.98
company_01783,Vidya Retail 651 Partnership Firm,1,0,1,0.6761,seasonal_manipulation,642,0.818,22.19,8.23,12.0
company_01784,Radhe Builders 740 Partnership Firm,1,0,1,0.9591,circular_trading,600,1.3785,24.96,26.48,7.56
company_01785,Vidya Industries 486 LLP,1,0,1,0.966,revenue_inflation,622,0.9059,36.54,33.33,8.93
company_01786,Radhe Infotech 182 Private Limited,0,0,0,0.2029,None,790,1.1059,5.75,3.43,1.88
company_01787,Radhe Healthcare 283 Partnership Firm,0,0,0,0.0452,None,711,1.5252,4.49,4.04,4.3
company_01788,Bhaskar Chemicals 750 LLP,1,0,1,0.9001,evergreening,682,0.7958,22.51,19.66,15.18
company_01789,Surya Logistics 221 Partnership Firm,0,0,0,0.1227,None,728,1.4807,2.69,4.09,2.04
company_01790,Zenith Pharma LLP,0,0,0,0.3196,None,740,1.442,4.12,2.94,1.4
company_01791,Navrachana Automotive 207 LLP,1,0,1,0.9233,revenue_inflation,640,1.3637,25.43,22.28,13.05
company_01792,Apex Textiles 825 LLP,0,0,0,0.1175,None,784,1.4948,4.79,4.28,4.81
company_01793,Urja Power 945 Partnership Firm,0,0,0,0.3091,None,787,1.6846,7.62,3.47,2.86
company_01794,Surya Solutions LLP,0,0,0,0.0646,None,805,1.1867,2.54,3.51,2.61
company_01795,Delta Pharma 493 LLP,0,1,1,0.5765,circular_trading,709,1.5811,10.41,3.63,3.82
company_01796,Surya Textiles Partnership Firm,0,0,0,0.0676,None,762,1.4806,3.52,5.57,1.48
company_01797,Tejas Metals 849 LLP,0,0,0,0.2661,None,745,1.7435,3.37,2.62,2.08
company_01798,Delta Metals 414 Partnership Firm,0,0,0,0.1012,None,768,1.1651,3.39,2.89,1.81
company_01799,Apex Builders 684 Partnership Firm,0,0,0,0.217,None,703,1.2451,12.9,5.66,2.38
company_01800,Radhe Foods 784 Private Limited,0,0,0,0.0683,None,807,1.5406,4.35,4.21,0.86
company_01801,Matrix Infotech 949 Partnership Firm,1,0,1,0.8889,revenue_inflation,627,1.1513,41.64,34.99,8.65
company_01802,Karan Power 647 Partnership Firm,0,0,0,0.3148,None,696,0.9628,3.48,3.87,4.27
company_01803,Karan Chemicals 839 LLP,0,0,0,0.0471,None,652,1.423,8.48,2.69,3.17
company_01804,Navrachana Infrastructure 973 Partnership Firm,0,0,0,0.137,None,776,1.3603,6.15,2.85,1.25
company_01805,Bhaskar Healthcare 598 Partnership Firm,0,0,0,0.281,None,768,2.401,2.89,2.77,1.69
company_01806,Radhe Textiles 629 LLP,0,0,0,0.0941,None,767,1.5067,8.6,2.65,2.04
company_01807,Kalyani Renewables LLP,0,0,0,0.2725,None,841,1.5372,5.02,4.26,1.0
company_01808,Aditya Power 371 Partnership Firm,0,0,0,0.1519,None,721,1.4899,4.43,4.53,4.19
company_01809,Radhe Power Partnership Firm,0,0,0,0.0621,None,697,1.4495,6.96,3.63,1.56
company_01810,Arogya Retail 191 LLP,0,0,0,0.0226,None,772,1.3106,4.12,5.37,0.7
company_01811,Matrix Energy 799 LLP,0,0,0,0.0524,None,719,2.5231,4.77,4.49,2.16
company_01812,Radhe Infrastructure 307 Partnership Firm,0,0,0,0.0952,None,702,2.3333,5.54,3.38,2.51
company_01813,Bhaskar Healthcare 485 LLP,0,0,0,0.1225,None,726,1.3031,4.78,6.08,4.29
company_01814,Ganesh Retail 221 LLP,0,0,0,0.3073,None,764,2.0138,2.95,6.12,2.1
company_01815,Shivam Metals 624 Partnership Firm,0,0,0,0.3198,None,725,2.054,3.22,6.75,2.48
company_01816,Karan Logistics 996 Partnership Firm,0,1,1,0.4866,evergreening,821,1.299,2.89,3.7,2.0
company_01817,Bharat Logistics 312 Private Limited,0,0,0,0.2873,None,827,1.4393,6.69,4.31,1.62
company_01818,Surya Metals Private Limited,0,0,0,0.1016,None,796,1.6499,3.35,3.15,1.93
company_01819,Kalyani Enterprises 703 Private Limited,0,0,0,0.1679,None,698,1.3583,4.29,4.58,2.75
company_01820,Aditya Foods 113 Private Limited,0,0,0,0.3207,None,730,1.4293,1.58,5.4,2.24
company_01821,Infinity Automotive 461 Partnership Firm,0,0,0,0.0873,None,790,1.0029,7.12,3.88,2.27
company_01822,Navrachana Retail 819 Private Limited,0,0,0,0.2696,None,712,1.3383,2.58,3.86,2.32
company_01823,Tejas Industries 737 Private Limited,1,0,1,0.9086,benami_siphoning,652,0.8996,15.36,27.83,8.91
company_01824,Matrix Energy Partnership Firm,0,0,0,0.1465,None,767,1.1365,4.5,3.93,1.85
company_01825,Vanguard Automotive 572 Private Limited,0,0,0,0.1944,None,699,1.6261,3.57,4.47,3.02
company_01826,Shivam Builders 491 LLP,0,0,0,0.0905,None,770,1.521,6.17,3.56,0.92
company_01827,Kalyani Retail LLP,0,0,0,0.3428,None,751,1.7452,5.63,4.04,0.98
company_01828,Matrix Infrastructure 293 LLP,0,0,0,0.0139,None,757,1.5921,3.78,4.05,1.16
company_01829,Kalyani Power Private Limited,0,0,0,0.1898,None,705,1.428,5.33,4.22,1.9
company_01830,Kalyani Chemicals 101 LLP,1,0,1,0.9001,circular_trading,653,1.4818,30.8,27.83,7.16
company_01831,Vidya Industries 709 Private Limited,1,0,1,0.9136,benami_siphoning,667,0.8118,26.81,37.71,8.76
company_01832,Vanguard Renewables Partnership Firm,0,0,0,0.1904,None,677,1.9705,4.44,4.95,2.52
company_01833,Shivam Enterprises 415 LLP,0,0,0,0.0131,None,728,1.0979,3.62,4.33,2.91
company_01834,Arogya Healthcare 388 Private Limited,0,0,0,0.3251,None,748,2.0129,1.9,2.75,2.05
company_01835,Urja Infrastructure 930 Private Limited,1,0,1,0.9142,revenue_inflation,731,0.7376,34.4,42.55,10.04
company_01836,Zenith Chemicals 720 Private Limited,1,0,1,0.9732,circular_trading,701,1.1774,32.03,30.31,7.14
company_01837,Urja Pharma 137 Partnership Firm,0,0,0,0.2117,None,770,1.6437,7.01,4.65,3.82
company_01838,Bhaskar Infotech 693 LLP,0,0,0,0.2328,None,661,1.2339,3.04,2.94,2.7
company_01839,Arogya Logistics 761 Private Limited,0,0,0,0.2437,None,683,1.8954,3.82,3.05,3.12
company_01840,Bharat Infrastructure 494 LLP,1,0,1,0.9166,evergreening,660,0.9542,16.42,11.46,18.36
company_01841,Vanguard Logistics 850 Private Limited,0,0,0,0.3211,None,719,1.5603,3.26,3.36,1.64
company_01842,Zenith Textiles 870 Partnership Firm,0,1,1,0.5845,shell_company,742,1.1651,2.81,9.21,2.07
company_01843,Infinity Solutions LLP,0,0,0,0.1797,None,704,1.6758,5.32,4.2,3.22
company_01844,Sterling Foods 704 Partnership Firm,0,0,0,0.3358,None,729,2.2078,2.71,6.45,2.41
company_01845,Tejas Chemicals 173 Private Limited,0,0,0,0.0393,None,711,1.11,7.32,2.99,6.05
company_01846,Matrix Foods 372 LLP,0,0,0,0.049,None,757,1.1865,4.45,4.42,1.87
company_01847,Zenith Energy Private Limited,0,0,0,0.1247,None,683,1.9071,3.91,4.1,2.25
company_01848,Sterling Textiles 501 Partnership Firm,0,0,0,0.1018,None,695,1.4915,5.02,2.86,5.14
company_01849,Sterling Builders 700 Partnership Firm,0,0,0,0.1798,None,723,1.2323,3.34,4.15,2.93
company_01850,Bharat Textiles 245 Partnership Firm,0,0,0,0.3423,None,744,1.6203,6.51,3.43,2.87
company_01851,Hindustan Foods 784 Private Limited,1,0,1,0.8638,evergreening,642,0.8219,17.81,11.18,17.93
company_01852,Vidya Solutions 951 LLP,0,0,0,0.2109,None,736,1.8013,4.35,3.18,1.63
company_01853,Bharat Infrastructure 402 Partnership Firm,0,0,0,0.2472,None,722,1.2995,2.26,4.55,1.32
company_01854,Radhe Automotive 292 LLP,1,0,1,0.8927,benami_siphoning,660,0.437,22.35,34.8,9.3
company_01855,Navrachana Power 516 Partnership Firm,0,0,0,0.2664,None,757,1.847,3.74,3.27,2.16
company_01856,Sterling Solutions Private Limited,0,0,0,0.3346,None,782,1.5064,1.89,4.7,1.26
company_01857,Vidya Infotech LLP,0,0,0,0.0133,None,685,2.3959,4.77,4.76,2.14
company_01858,Karan Builders 925 LLP,0,0,0,0.3264,None,725,1.0779,8.35,7.76,3.95
company_01859,Ganesh Metals Private Limited,0,0,0,0.0944,None,723,1.1728,7.22,3.37,2.52
company_01860,Arogya Logistics 605 LLP,0,0,0,0.2619,None,783,1.4313,3.66,3.76,1.4
company_01861,Vanguard Automotive 344 LLP,0,0,0,0.1501,None,717,1.7702,2.07,7.48,1.73
company_01862,Ambika Retail 671 Private Limited,1,0,1,0.8975,revenue_inflation,695,1.6917,24.3,29.51,8.64
company_01863,Navrachana Enterprises 692 Private Limited,1,0,1,0.9476,shell_company,583,1.2263,50.58,27.23,7.57
company_01864,Vidya Metals 794 LLP,0,0,0,0.1843,None,725,1.9407,6.89,3.86,1.53
company_01865,Karan Solutions 632 Private Limited,1,0,1,0.9215,revenue_inflation,634,1.7533,38.68,33.68,6.9
company_01866,Vanguard Enterprises 568 Private Limited,0,0,0,0.2095,None,699,1.1775,2.69,4.17,3.69
company_01867,Delta Solutions 982 Private Limited,1,0,1,0.7437,revenue_inflation,674,0.333,21.14,20.18,6.01
company_01868,Apex Builders LLP,0,0,0,0.199,None,722,1.2142,6.42,5.28,2.73
company_01869,Matrix Energy 594 LLP,0,1,1,0.6105,shell_company,742,0.9199,3.13,4.24,8.24
company_01870,Apex Renewables Partnership Firm,0,0,0,0.1031,None,777,1.3319,3.59,7.62,2.28
company_01871,Karan Metals 339 Partnership Firm,0,0,0,0.2155,None,727,1.7208,6.15,4.2,1.61
company_01872,Apex Energy 381 Private Limited,0,0,0,0.0746,None,739,1.1719,3.82,4.6,2.12
company_01873,Infinity Renewables 284 Private Limited,0,0,0,0.2961,None,728,1.5083,7.31,4.4,2.12
company_01874,Sterling Energy 822 LLP,0,0,0,0.3292,None,751,0.7751,3.19,3.14,2.72
company_01875,Ambika Energy 651 Private Limited,0,0,0,0.2759,None,824,1.4164,4.09,3.76,3.55
company_01876,Ganesh Automotive 192 LLP,0,0,0,0.2727,None,726,1.4429,6.62,5.35,3.33
company_01877,Vanguard Energy 272 Partnership Firm,0,0,0,0.1449,None,680,1.043,2.39,4.0,2.36
company_01878,Navrachana Renewables 929 Private Limited,1,0,1,0.9067,evergreening,604,0.8661,50.0,11.68,11.99
company_01879,Apex Solutions Partnership Firm,0,0,0,0.0965,None,773,0.843,4.48,2.87,4.92
company_01880,Hindustan Automotive 631 LLP,0,0,0,0.3174,None,765,1.2079,7.36,4.32,0.65
company_01881,Radhe Power 704 LLP,1,0,1,0.8908,revenue_inflation,684,1.5172,39.2,30.09,6.65
company_01882,Matrix Retail 846 Private Limited,0,0,0,0.1039,None,834,1.6221,4.26,3.72,4.61
company_01883,Delta Metals 536 Private Limited,0,0,0,0.0506,None,758,1.5309,3.47,4.15,1.75
company_01884,Zenith Infrastructure 925 Partnership Firm,0,0,0,0.0305,None,713,1.6818,5.56,3.26,3.35
company_01885,Ambika Foods LLP,1,0,1,0.618,benami_siphoning,690,1.2138,13.1,39.3,5.19
company_01886,Aditya Logistics Partnership Firm,1,0,1,0.8896,evergreening,665,0.4316,19.51,45.0,12.14
company_01887,Sterling Renewables 135 Private Limited,0,0,0,0.2687,None,781,2.1131,9.67,3.49,1.9
company_01888,Bharat Chemicals 301 Private Limited,0,0,0,0.0805,None,825,1.3274,2.77,2.37,0.14
company_01889,Apex Retail 283 Partnership Firm,0,0,0,0.0154,None,737,1.6416,3.56,8.67,2.55
company_01890,Karan Infrastructure Private Limited,0,0,0,0.0574,None,729,1.588,6.84,3.12,6.34
company_01891,Kalyani Textiles 308 Partnership Firm,0,0,0,0.2512,None,778,1.5577,4.25,3.85,2.4
company_01892,Bharat Infrastructure 878 Partnership Firm,0,0,0,0.3053,None,773,1.7202,5.59,4.51,1.13
company_01893,Vanguard Retail LLP,0,0,0,0.0679,None,748,1.2885,5.32,4.28,1.47
company_01894,Infinity Infotech 480 LLP,0,0,0,0.0464,None,738,2.301,11.57,4.05,2.07
company_01895,Matrix Infotech 311 LLP,0,0,0,0.0107,None,710,1.9872,2.43,3.49,2.34
company_01896,Delta Healthcare 841 Partnership Firm,0,0,0,0.254,None,677,1.804,3.26,2.82,2.01
company_01897,Ganesh Infrastructure 202 LLP,0,0,0,0.2901,None,698,0.9981,3.93,3.4,1.84
company_01898,Zenith Builders Private Limited,0,0,0,0.0518,None,764,1.5594,3.83,3.2,1.04
company_01899,Aditya Textiles LLP,0,0,0,0.0878,None,755,1.2474,8.5,4.88,1.09
company_01900,Karan Power 684 Private Limited,0,0,0,0.2723,None,742,1.198,4.65,4.12,3.26
company_01901,Sterling Textiles 641 Private Limited,0,0,0,0.1884,None,669,1.9809,4.24,3.6,7.07
company_01902,Bhaskar Infotech 841 LLP,0,0,0,0.1617,None,791,1.7607,5.56,3.8,1.8
company_01903,Navrachana Textiles 809 LLP,0,0,0,0.3004,None,713,1.5369,3.81,9.32,1.69
company_01904,Infinity Builders 576 LLP,0,0,0,0.3075,None,761,1.3427,3.09,9.08,4.22
company_01905,Tejas Builders LLP,1,0,1,0.9321,shell_company,478,1.3753,52.47,52.28,8.19
company_01906,Navrachana Logistics 221 Private Limited,0,0,0,0.3435,None,822,1.3447,3.35,3.12,0.0
company_01907,Vanguard Power 644 Partnership Firm,0,0,0,0.1126,None,723,1.6034,4.96,4.01,2.83
company_01908,Apex Energy 170 LLP,0,0,0,0.2025,None,692,1.2987,5.36,4.95,2.16
company_01909,Shivam Metals Private Limited,0,0,0,0.2536,None,690,1.6821,5.74,3.05,2.76
company_01910,Radhe Renewables LLP,0,0,0,0.2091,None,663,0.8272,4.95,2.82,4.74
company_01911,Vidya Solutions 119 Partnership Firm,0,0,0,0.0154,None,692,1.9112,4.75,4.26,4.49
company_01912,Bharat Enterprises 134 Private Limited,1,0,1,0.958,circular_trading,664,1.0141,34.11,24.85,7.63
company_01913,Navrachana Healthcare 670 LLP,0,0,0,0.2783,None,776,1.5502,3.76,3.52,1.37
company_01914,Aditya Infrastructure 636 LLP,0,0,0,0.0331,None,698,1.7482,4.2,4.17,3.34
company_01915,Infinity Energy 701 Partnership Firm,0,1,1,0.7092,shell_company,770,1.2722,9.34,2.37,2.0
company_01916,Apex Textiles 737 Partnership Firm,0,0,0,0.1938,None,691,1.3724,3.38,2.65,1.58
company_01917,Apex Solutions 427 Private Limited,0,0,0,0.3364,None,784,0.5384,3.97,3.56,1.37
company_01918,Zenith Chemicals 858 Private Limited,1,0,1,0.8795,benami_siphoning,681,0.5177,20.39,51.45,6.32
company_01919,Surya Foods Private Limited,0,0,0,0.1511,None,716,1.3801,3.53,4.38,2.75
company_01920,Arogya Logistics Partnership Firm,1,0,1,0.9226,revenue_inflation,681,0.6122,30.98,39.83,6.22
company_01921,Karan Builders Partnership Firm,0,0,0,0.1695,None,762,1.3112,3.84,6.97,2.62
company_01922,Bhaskar Enterprises 616 LLP,0,0,0,0.0181,None,764,1.4994,4.76,5.56,1.56
company_01923,Aditya Industries 337 Partnership Firm,0,1,1,0.621,revenue_inflation,734,1.1809,4.38,2.99,1.58
company_01924,Radhe Infotech 127 Partnership Firm,0,0,0,0.1909,None,775,1.6148,5.89,4.17,3.83
company_01925,Apex Textiles 760 LLP,1,0,1,0.8629,shell_company,588,0.8449,45.7,47.13,6.37
company_01926,Hindustan Energy 795 Private Limited,0,0,0,0.2424,None,721,1.6271,4.29,4.79,2.09
company_01927,Shivam Energy 206 LLP,0,0,0,0.2333,None,716,2.6456,5.0,8.64,1.8
company_01928,Surya Industries 705 LLP,1,0,1,0.8718,revenue_inflation,610,1.1304,42.7,27.58,7.2
company_01929,Karan Retail 112 LLP,0,0,0,0.1295,None,694,1.0577,3.18,5.02,1.97
company_01930,Ganesh Infrastructure Private Limited,0,0,0,0.0468,None,784,1.7718,3.19,5.6,1.13
company_01931,Infinity Infrastructure 979 LLP,0,1,1,0.639,shell_company,773,2.2158,6.33,3.81,1.66
company_01932,Urja Power 988 Private Limited,0,0,0,0.2275,None,799,2.1108,6.41,4.47,1.79
company_01933,Infinity Power 137 LLP,0,0,0,0.1959,None,729,1.3885,8.4,3.59,1.82
company_01934,Bharat Infotech 832 LLP,0,0,0,0.1559,None,739,1.9738,1.97,2.49,1.96
company_01935,Ganesh Power 297 LLP,0,0,0,0.0249,None,710,1.7581,2.97,4.0,1.79
company_01936,Vanguard Energy 841 LLP,0,0,0,0.1627,None,721,1.2805,3.03,4.0,3.62
company_01937,Zenith Renewables 507 Partnership Firm,1,0,1,0.9235,revenue_inflation,665,0.7248,30.75,54.6,12.23
company_01938,Vidya Textiles 558 Private Limited,0,0,0,0.2018,None,727,1.1412,5.46,3.19,2.15
company_01939,Vidya Infrastructure 481 LLP,0,0,0,0.1327,None,689,1.7698,3.14,2.79,2.81
company_01940,Vanguard Builders 533 Private Limited,0,0,0,0.1595,None,784,1.4819,4.91,4.24,2.92
company_01941,Sterling Energy 442 LLP,0,0,0,0.2486,None,737,1.4176,2.94,4.23,3.17
company_01942,Hindustan Automotive 419 Partnership Firm,1,0,1,0.9238,benami_siphoning,736,1.8962,17.61,28.97,15.68
company_01943,Ganesh Solutions 481 LLP,0,0,0,0.3189,None,774,1.1635,3.73,3.44,2.06
company_01944,Shivam Enterprises 547 Private Limited,0,0,0,0.0756,None,761,0.9247,2.19,3.16,2.22
company_01945,Arogya Solutions 748 Private Limited,0,1,1,0.6336,evergreening,750,1.2548,4.15,3.33,1.15
company_01946,Sterling Infotech 122 Partnership Firm,0,0,0,0.2624,None,752,0.9137,6.28,4.38,2.06
company_01947,Shivam Infrastructure 416 LLP,0,0,0,0.2478,None,771,0.733,4.37,4.13,2.2
company_01948,Arogya Builders Private Limited,1,0,1,0.9482,shell_company,523,0.4166,43.29,36.38,13.95
company_01949,Apex Pharma Private Limited,0,0,0,0.3182,None,671,1.5094,3.2,6.2,5.48
company_01950,Ambika Chemicals 221 LLP,0,0,0,0.1951,None,743,1.6,4.64,6.54,1.46
company_01951,Bhaskar Infotech 385 LLP,0,0,0,0.0121,None,757,1.8881,6.83,3.76,1.49
company_01952,Zenith Solutions 670 Private Limited,0,0,0,0.2454,None,770,1.5456,6.78,6.55,0.98
company_01953,Kalyani Enterprises 203 LLP,0,1,1,0.5599,shell_company,800,1.4746,5.08,6.44,0.89
company_01954,Vanguard Chemicals 447 Partnership Firm,0,0,0,0.0356,None,774,1.8754,4.14,7.41,1.31
company_01955,Tejas Infotech LLP,0,0,0,0.1076,None,766,1.1989,8.67,8.5,2.09
company_01956,Delta Energy 944 LLP,0,0,0,0.134,None,675,1.3426,3.44,4.82,4.39
company_01957,Bhaskar Enterprises 118 LLP,0,0,0,0.075,None,718,1.5794,4.44,7.42,2.5
company_01958,Vidya Foods 280 Partnership Firm,0,0,0,0.0463,None,795,1.9742,4.97,3.79,1.01
company_01959,Infinity Solutions 101 LLP,0,0,0,0.1524,None,708,1.6218,2.91,2.8,2.09
company_01960,Bhaskar Renewables 645 Partnership Firm,0,0,0,0.2876,None,813,1.4237,3.5,4.55,0.42
company_01961,Vidya Energy 681 Private Limited,0,0,0,0.1051,None,669,0.8918,5.59,3.72,2.25
company_01962,Bhaskar Infrastructure 321 Partnership Firm,0,0,0,0.0984,None,774,1.5458,5.85,2.75,1.85
company_01963,Vidya Healthcare 617 Private Limited,0,0,0,0.0136,None,728,1.1063,5.7,3.85,1.85
company_01964,Karan Retail 767 LLP,0,0,0,0.2547,None,700,1.4455,7.71,3.44,3.03
company_01965,Bharat Enterprises 644 LLP,0,0,0,0.2283,None,759,1.5974,4.43,5.56,1.15
company_01966,Arogya Automotive 157 LLP,0,0,0,0.3232,None,739,0.4752,2.42,8.16,1.45
company_01967,Infinity Power 156 LLP,0,1,1,0.6249,shell_company,725,1.3448,4.67,3.3,1.79
company_01968,Infinity Enterprises 248 Private Limited,0,0,0,0.2029,None,762,2.5247,3.63,4.6,3.38
company_01969,Karan Foods 553 Partnership Firm,0,0,0,0.2041,None,694,1.7667,3.44,4.0,4.83
company_01970,Bhaskar Industries 751 Private Limited,1,0,1,0.8794,evergreening,645,0.7519,19.04,14.59,13.8
company_01971,Kalyani Chemicals 826 Private Limited,0,0,0,0.2716,None,859,1.2963,5.94,5.41,0.94
company_01972,Aditya Metals 354 Private Limited,1,0,1,0.9768,shell_company,545,0.7733,57.58,58.62,7.49
company_01973,Apex Retail 361 Private Limited,0,0,0,0.0772,None,763,1.5407,5.36,8.58,1.7
company_01974,Radhe Builders 169 Partnership Firm,0,0,0,0.171,None,823,2.421,6.41,4.06,1.03
company_01975,Apex Energy 983 Partnership Firm,0,0,0,0.3012,None,732,1.071,3.15,3.84,2.69
company_01976,Bharat Renewables Private Limited,1,0,1,0.9142,revenue_inflation,618,0.9977,38.77,38.83,14.65
company_01977,Vanguard Healthcare 463 LLP,0,0,0,0.1646,None,728,1.9103,9.81,8.12,3.16
company_01978,Apex Solutions 548 Private Limited,0,0,0,0.3432,None,787,1.1666,4.36,4.86,4.22
company_01979,Zenith Chemicals 379 Partnership Firm,0,0,0,0.2845,None,743,1.4459,11.07,4.02,3.79
company_01980,Matrix Industries 475 Partnership Firm,0,0,0,0.0804,None,720,1.5883,5.22,3.9,4.62
company_01981,Surya Energy 164 Partnership Firm,0,0,0,0.0898,None,756,0.9545,5.79,3.86,1.7
company_01982,Aditya Chemicals Private Limited,0,0,0,0.3166,None,710,1.3619,4.16,4.95,2.97
company_01983,Navrachana Metals 195 LLP,1,0,1,0.5461,circular_trading,693,0.9904,22.77,18.06,3.8
company_01984,Matrix Solutions 629 Partnership Firm,0,0,0,0.0909,None,694,1.677,4.43,4.8,3.74
company_01985,Surya Energy 566 Partnership Firm,0,0,0,0.2342,None,693,1.3326,3.23,3.89,2.06
company_01986,Hindustan Power 594 Private Limited,0,0,0,0.2343,None,730,1.6315,3.42,2.81,1.34
company_01987,Apex Textiles 844 LLP,1,0,1,0.9097,circular_trading,691,0.5321,37.27,29.74,6.65
company_01988,Arogya Power 239 Private Limited,0,0,0,0.2117,None,719,1.1171,3.67,4.39,1.96
company_01989,Aditya Foods 258 LLP,0,0,0,0.2589,None,802,1.9246,7.51,3.2,1.91
company_01990,Aditya Textiles 333 LLP,0,0,0,0.2718,None,779,1.0934,4.76,7.08,3.77
company_01991,Shivam Infrastructure 933 Partnership Firm,1,0,1,0.9632,circular_trading,582,0.6107,29.41,19.83,9.45
company_01992,Bharat Textiles 602 Private Limited,0,0,0,0.0227,None,806,1.7702,2.91,3.91,2.05
company_01993,Vidya Industries 321 Private Limited,1,0,1,0.9458,revenue_inflation,607,0.8421,62.07,44.02,7.47
company_01994,Arogya Infotech Private Limited,0,0,0,0.2427,None,771,1.1487,4.95,3.96,1.6
company_01995,Vidya Enterprises 930 Private Limited,0,0,0,0.2268,None,777,1.4092,4.75,3.23,0.94
company_01996,Bharat Foods 770 Private Limited,0,0,0,0.2796,None,833,1.7391,4.7,3.38,2.14
company_01997,Bharat Metals 651 Private Limited,0,0,0,0.2793,None,739,1.6891,4.67,3.84,2.69
company_01998,Kalyani Enterprises 186 Private Limited,1,0,1,0.9185,shell_company,588,1.4382,39.83,39.13,6.73
company_01999,Karan Pharma 245 LLP,0,0,0,0.3169,None,799,1.3294,3.96,3.94,2.53
company_02000,Shivam Automotive 720 Private Limited,0,0,0,0.1176,None,701,1.954,3.96,3.21,1.67
company_02001,Shivam Enterprises 596 LLP,0,0,0,0.3108,None,775,1.6616,5.72,3.38,3.19
company_02002,Karan Metals 594 Partnership Firm,0,0,0,0.1054,None,778,1.3139,5.82,3.74,1.38
company_02003,Hindustan Infrastructure 232 Private Limited,0,0,0,0.2655,None,733,1.7101,6.0,2.85,5.76
company_02004,Urja Pharma Private Limited,0,0,0,0.2819,None,763,1.6988,2.8,3.84,1.97
company_02005,Ganesh Retail Private Limited,0,1,1,0.6215,seasonal_manipulation,747,1.8469,10.45,3.39,2.85
company_02006,Bharat Textiles 218 LLP,0,0,0,0.1435,None,640,1.5293,6.17,3.48,4.64
company_02007,Delta Textiles 795 LLP,0,0,0,0.0361,None,727,1.7838,4.49,4.5,1.91
company_02008,Vidya Logistics 827 LLP,0,0,0,0.3325,None,748,1.2408,3.08,10.53,2.43
company_02009,Tejas Industries 655 Partnership Firm,0,0,0,0.1424,None,717,1.4267,4.96,3.86,3.01
company_02010,Bhaskar Metals 149 Partnership Firm,0,0,0,0.1205,None,715,1.6674,6.31,5.52,2.62
company_02011,Karan Infotech Private Limited,0,1,1,0.5655,benami_siphoning,764,1.1932,4.59,4.14,1.64
company_02012,Ambika Renewables 624 Partnership Firm,0,0,0,0.1358,None,731,1.5624,5.14,3.95,4.39
company_02013,Ambika Metals Partnership Firm,0,0,0,0.0269,None,771,1.4789,2.83,2.92,3.48
company_02014,Vanguard Metals 200 Private Limited,0,0,0,0.2839,None,745,1.4478,2.28,7.91,2.42
company_02015,Arogya Logistics 274 Partnership Firm,0,0,0,0.2291,None,782,1.6032,7.44,3.8,1.28
company_02016,Hindustan Textiles 222 LLP,0,0,0,0.1151,None,750,2.0847,11.63,2.45,2.41
company_02017,Bharat Infotech 230 Partnership Firm,0,0,0,0.2621,None,740,2.7637,6.38,2.52,2.6
company_02018,Shivam Logistics Private Limited,0,0,0,0.0963,None,743,0.8488,3.56,3.55,2.99
company_02019,Kalyani Infotech 926 Private Limited,0,0,0,0.056,None,808,1.1898,2.03,2.38,1.07
company_02020,Surya Renewables 890 Partnership Firm,0,0,0,0.143,None,737,1.6785,3.54,5.35,2.15
company_02021,Vidya Power 823 LLP,0,0,0,0.218,None,776,1.3309,9.14,5.53,2.62
company_02022,Radhe Textiles 992 Private Limited,0,0,0,0.1785,None,744,1.5596,6.54,2.6,2.18
company_02023,Kalyani Chemicals 642 Private Limited,0,0,0,0.0626,None,802,1.3492,2.22,4.58,5.64
company_02024,Zenith Enterprises Partnership Firm,0,0,0,0.2679,None,724,1.4589,3.02,4.89,1.82
company_02025,Arogya Solutions 404 Partnership Firm,1,0,1,0.9808,evergreening,684,0.7549,20.91,15.36,19.03
company_02026,Matrix Chemicals 118 LLP,0,0,0,0.1515,None,758,1.0796,4.51,3.89,1.6
company_02027,Shivam Infrastructure 990 LLP,0,0,0,0.1255,None,745,1.4436,5.65,4.52,2.71
company_02028,Vidya Healthcare 404 Partnership Firm,0,0,0,0.1428,None,776,1.5612,5.63,4.1,1.09
company_02029,Vanguard Infrastructure LLP,0,0,0,0.2551,None,808,0.6231,5.12,7.37,2.81
company_02030,Surya Infrastructure 907 Private Limited,0,1,1,0.465,seasonal_manipulation,756,1.621,5.78,3.85,1.26
company_02031,Zenith Power 839 LLP,0,0,0,0.1805,None,725,1.0709,4.04,5.57,1.9
company_02032,Vidya Power Private Limited,0,0,0,0.2471,None,801,1.21,5.96,5.21,1.59
company_02033,Surya Automotive 518 Partnership Firm,0,0,0,0.0364,None,812,1.3778,2.73,2.03,0.86
company_02034,Navrachana Logistics 269 Partnership Firm,0,0,0,0.3092,None,635,1.8939,2.9,3.31,4.98
company_02035,Bharat Metals 631 Private Limited,0,0,0,0.34,None,753,1.3963,5.36,3.67,1.9
company_02036,Delta Metals 831 Partnership Firm,0,0,0,0.233,None,747,1.2177,2.69,3.07,2.3
company_02037,Sterling Healthcare 313 Private Limited,0,0,0,0.0532,None,749,1.1866,9.33,2.9,1.84
company_02038,Aditya Energy 941 LLP,0,0,0,0.2391,None,673,1.0448,4.15,3.58,4.68
company_02039,Matrix Infotech 610 Private Limited,0,0,0,0.1088,None,776,1.3746,9.02,4.16,1.28
company_02040,Infinity Pharma Private Limited,0,0,0,0.2359,None,694,1.3657,5.09,3.99,3.15
company_02041,Delta Logistics Private Limited,0,0,0,0.0665,None,740,1.0219,3.79,4.25,5.14
company_02042,Karan Industries 852 LLP,1,0,1,0.9397,revenue_inflation,758,0.9189,34.33,32.56,7.84
company_02043,Hindustan Solutions Private Limited,0,0,0,0.2657,None,689,1.8289,2.28,4.84,2.09
company_02044,Apex Energy 158 Partnership Firm,1,0,1,0.893,benami_siphoning,600,0.9082,28.65,28.01,8.69
company_02045,Urja Energy 308 Partnership Firm,0,0,0,0.3172,None,684,0.5982,2.49,3.01,4.93
company_02046,Shivam Metals 392 Private Limited,0,0,0,0.1523,None,768,1.2212,7.53,4.89,1.27
company_02047,Tejas Builders 520 Private Limited,0,0,0,0.0736,None,755,2.1569,1.9,2.56,1.7
company_02048,Arogya Automotive Private Limited,0,0,0,0.3234,None,738,0.9586,3.69,4.5,1.77
company_02049,Urja Pharma 291 Private Limited,0,0,0,0.3483,None,780,0.975,10.0,6.47,1.27
company_02050,Kalyani Logistics 143 LLP,0,0,0,0.3003,None,762,1.364,4.11,3.68,2.3
company_02051,Hindustan Pharma 547 Partnership Firm,0,1,1,0.7493,shell_company,713,1.2696,4.45,3.67,2.15
company_02052,Navrachana Healthcare 826 LLP,0,0,0,0.3238,None,705,1.7003,7.5,3.23,4.46
company_02053,Zenith Textiles 911 Partnership Firm,0,0,0,0.1912,None,742,1.3542,5.3,4.16,5.95
company_02054,Tejas Automotive 914 Private Limited,0,0,0,0.1689,None,742,1.2415,4.73,4.05,3.04
company_02055,Apex Infotech Private Limited,0,0,0,0.3437,None,656,2.0764,2.95,4.32,2.95
company_02056,Zenith Logistics 961 LLP,0,0,0,0.0986,None,794,1.9363,6.68,3.57,1.52
company_02057,Aditya Builders 268 Private Limited,0,0,0,0.2391,None,748,1.8103,3.04,5.0,4.05
company_02058,Karan Renewables 423 Private Limited,1,0,1,0.8667,circular_trading,657,0.8819,25.41,23.4,8.16
company_02059,Sterling Renewables 617 Partnership Firm,0,0,0,0.2412,None,719,1.7123,2.86,4.05,2.77
company_02060,Surya Metals 839 LLP,0,0,0,0.084,None,739,1.3203,3.61,3.84,2.28
company_02061,Delta Solutions 895 Partnership Firm,1,0,1,0.9047,evergreening,651,0.3633,17.87,13.71,19.06
company_02062,Arogya Pharma 802 Private Limited,0,0,0,0.0319,None,777,1.6664,2.42,4.53,1.34
company_02063,Bharat Industries 638 LLP,0,0,0,0.2109,None,741,1.757,2.67,3.85,1.67
company_02064,Delta Infrastructure 827 Partnership Firm,0,0,0,0.2246,None,684,1.4466,5.73,3.31,2.56
company_02065,Kalyani Infrastructure 898 Partnership Firm,0,0,0,0.2605,None,730,1.0701,6.67,4.48,4.81
company_02066,Navrachana Infotech Partnership Firm,1,0,1,0.9612,evergreening,669,1.0809,17.69,14.6,14.5
company_02067,Delta Metals 908 Partnership Firm,0,0,0,0.2351,None,781,1.0431,5.3,7.21,2.05
company_02068,Hindustan Energy 873 Private Limited,1,0,1,0.8835,circular_trading,689,0.6001,28.84,18.22,6.9
company_02069,Bharat Metals 907 LLP,0,0,0,0.3274,None,744,2.1416,3.21,5.58,2.3
company_02070,Surya Textiles 821 Private Limited,0,0,0,0.0315,None,724,1.6679,1.69,2.73,2.89
company_02071,Urja Industries 721 Partnership Firm,0,0,0,0.3069,None,731,2.3524,5.49,5.48,1.88
company_02072,Delta Pharma 869 LLP,0,0,0,0.2156,None,802,1.4863,5.63,3.74,1.34
company_02073,Bhaskar Industries Partnership Firm,0,0,0,0.2289,None,701,1.6849,4.25,5.4,3.07
company_02074,Surya Infrastructure 951 LLP,0,0,0,0.192,None,725,1.2108,9.83,7.49,8.23
company_02075,Ganesh Energy 602 Private Limited,0,0,0,0.3061,None,753,1.2813,9.14,3.2,1.58
company_02076,Surya Textiles 923 Private Limited,0,0,0,0.3345,None,734,1.3422,6.72,3.11,2.01
company_02077,Sterling Renewables 233 Partnership Firm,0,0,0,0.0597,None,677,1.4066,5.3,5.53,2.69
company_02078,Vanguard Industries LLP,0,0,0,0.1378,None,764,2.0855,3.98,3.29,3.46
company_02079,Radhe Automotive 522 LLP,0,0,0,0.3454,None,683,1.441,4.76,3.63,2.54
company_02080,Ganesh Chemicals 795 Partnership Firm,0,0,0,0.1557,None,644,2.1668,4.75,3.4,2.77
company_02081,Vidya Builders 702 LLP,0,0,0,0.2225,None,780,1.5784,5.37,4.31,2.75
company_02082,Delta Infotech Partnership Firm,0,1,1,0.747,benami_siphoning,787,1.8222,1.98,2.82,6.71
company_02083,Aditya Chemicals 662 LLP,0,0,0,0.0255,None,766,1.5438,6.27,3.94,2.7
company_02084,Ambika Chemicals 682 LLP,0,0,0,0.2106,None,726,1.8462,5.23,3.56,3.03
company_02085,Apex Builders 569 Private Limited,0,0,0,0.1185,None,726,1.0303,3.44,5.6,1.75
company_02086,Apex Automotive 394 Partnership Firm,0,0,0,0.2673,None,742,1.8405,3.57,3.96,1.15
company_02087,Infinity Textiles 907 Partnership Firm,0,0,0,0.1939,None,813,1.1744,7.6,5.42,1.21
company_02088,Tejas Energy 703 Private Limited,0,0,0,0.2558,None,724,0.9449,10.76,4.54,5.46
company_02089,Navrachana Enterprises 697 Private Limited,0,0,0,0.0553,None,701,1.0298,3.61,2.64,2.2
company_02090,Kalyani Builders 241 Private Limited,0,0,0,0.1229,None,819,1.2468,4.72,4.56,1.13
company_02091,Vidya Logistics 410 LLP,0,0,0,0.2108,None,789,1.3405,5.85,3.79,2.43
company_02092,Infinity Industries 980 Partnership Firm,0,0,0,0.2832,None,797,1.4303,8.28,2.11,2.22
company_02093,Infinity Power 950 Partnership Firm,0,0,0,0.2394,None,766,0.976,3.5,3.19,2.06
company_02094,Navrachana Solutions 467 Partnership Firm,0,0,0,0.0171,None,657,1.9173,3.51,4.27,3.99
company_02095,Vanguard Foods 531 Private Limited,0,1,1,0.4922,evergreening,730,1.1195,5.71,2.81,2.83
company_02096,Matrix Retail 851 Partnership Firm,1,0,1,0.9188,evergreening,730,0.6702,36.74,17.94,27.96
company_02097,Hindustan Healthcare 441 Partnership Firm,0,0,0,0.2635,None,735,1.2161,3.82,6.86,2.06
company_02098,Radhe Solutions 227 LLP,0,0,0,0.2666,None,759,1.6208,12.81,7.93,2.31
company_02099,Ambika Infrastructure 919 Private Limited,0,0,0,0.1988,None,702,1.3322,2.86,6.34,3.5
company_02100,Shivam Solutions Partnership Firm,1,0,1,0.8035,shell_company,470,1.2786,34.65,22.68,4.29
company_02101,Surya Logistics 937 Private Limited,0,0,0,0.2399,None,756,0.7328,6.38,4.07,1.1
company_02102,Ganesh Textiles 145 Partnership Firm,0,0,0,0.1836,None,766,1.0762,2.35,2.74,1.14
company_02103,Ambika Infrastructure 943 LLP,0,0,0,0.1825,None,710,1.3262,4.16,4.19,2.53
company_02104,Hindustan Renewables 528 Private Limited,0,0,0,0.3354,None,719,1.3891,4.04,3.27,4.91
company_02105,Ganesh Power 294 Private Limited,1,0,1,0.9159,evergreening,664,1.0402,18.65,20.14,19.82
company_02106,Zenith Automotive 823 Private Limited,1,0,1,0.8838,revenue_inflation,626,1.069,62.74,33.58,10.15
company_02107,Zenith Pharma 199 Private Limited,0,0,0,0.2389,None,724,1.8984,4.63,4.79,2.68
company_02108,Ganesh Foods 657 LLP,0,0,0,0.2162,None,797,1.1412,3.73,3.44,0.92
company_02109,Zenith Industries 703 Private Limited,1,0,1,0.9186,evergreening,666,0.5474,25.35,45.0,17.68
company_02110,Karan Power 834 LLP,0,0,0,0.0333,None,746,1.0112,3.39,4.25,1.3
company_02111,Delta Automotive 799 Private Limited,0,0,0,0.1771,None,720,1.4055,8.57,5.23,4.91
company_02112,Bhaskar Solutions 483 Partnership Firm,0,0,0,0.0248,None,783,1.7188,4.19,3.77,1.57
company_02113,Tejas Foods 843 Partnership Firm,1,0,1,0.91,benami_siphoning,675,1.1639,50.0,21.76,11.95
company_02114,Bharat Logistics 854 Private Limited,0,0,0,0.1962,None,728,1.6979,8.36,4.0,1.65
company_02115,Zenith Logistics 202 LLP,0,0,0,0.1575,None,699,1.4324,6.93,2.85,2.09
company_02116,Tejas Foods 881 LLP,0,0,0,0.0849,None,765,0.8693,4.02,3.8,1.41
company_02117,Shivam Builders 576 Private Limited,0,0,0,0.1952,None,771,2.5236,3.57,5.71,0.58
company_02118,Bhaskar Builders 840 LLP,0,0,0,0.2777,None,755,1.3824,3.33,4.48,0.79
company_02119,Tejas Infrastructure 814 LLP,0,0,0,0.1868,None,763,1.351,3.24,3.26,1.77
company_02120,Navrachana Automotive 120 Private Limited,0,0,0,0.2411,None,713,1.5721,3.41,4.39,2.87
company_02121,Bharat Power 252 Private Limited,0,0,0,0.1783,None,827,1.167,5.5,4.96,1.34
company_02122,Arogya Automotive 520 Partnership Firm,0,0,0,0.244,None,736,1.6588,8.35,4.36,1.41
company_02123,Tejas Pharma Private Limited,0,0,0,0.098,None,762,0.7845,3.01,3.63,1.78
company_02124,Matrix Textiles 381 Private Limited,0,0,0,0.2019,None,804,1.4514,6.87,5.58,3.06
company_02125,Karan Energy Partnership Firm,0,0,0,0.2758,None,702,1.0216,5.64,3.63,2.33
company_02126,Vidya Builders 702 Partnership Firm,1,0,1,0.8754,revenue_inflation,662,1.2452,36.18,31.28,8.53
company_02127,Bharat Enterprises 656 Partnership Firm,0,0,0,0.0366,None,816,1.4233,7.43,5.71,2.2
company_02128,Matrix Builders LLP,0,0,0,0.3331,None,783,1.2306,7.17,5.06,2.94
company_02129,Aditya Builders Partnership Firm,0,0,0,0.2796,None,685,1.3617,5.03,4.73,2.51
company_02130,Aditya Retail 233 LLP,0,0,0,0.1394,None,748,1.7245,5.75,4.77,1.86
company_02131,Kalyani Healthcare 418 Private Limited,0,0,0,0.1591,None,754,1.4184,4.99,9.2,3.74
company_02132,Vidya Builders 490 Partnership Firm,0,0,0,0.349,None,789,1.9618,3.96,3.3,1.08
company_02133,Delta Enterprises LLP,1,0,1,0.8681,shell_company,535,0.3945,52.5,28.93,9.05
company_02134,Shivam Industries Private Limited,0,0,0,0.0323,None,828,1.8124,3.9,6.28,0.59
company_02135,Zenith Retail 955 Private Limited,0,0,0,0.2173,None,714,1.376,3.22,7.49,3.77
company_02136,Apex Textiles 626 LLP,0,0,0,0.0181,None,767,2.0676,3.52,3.32,6.94
company_02137,Urja Healthcare 422 Partnership Firm,0,0,0,0.2244,None,729,1.3102,12.47,4.53,2.08
company_02138,Aditya Energy 759 Partnership Firm,0,0,0,0.3491,None,736,1.0764,5.72,3.74,3.87
company_02139,Surya Pharma 655 Private Limited,1,0,1,0.9429,benami_siphoning,709,1.4337,17.59,33.32,8.99
company_02140,Tejas Textiles 636 Partnership Firm,0,0,0,0.2683,None,714,1.4826,7.7,3.5,3.07
company_02141,Vanguard Power 401 Partnership Firm,0,0,0,0.3101,None,778,0.8136,5.0,4.99,1.42
company_02142,Bharat Renewables 699 Partnership Firm,0,0,0,0.1005,None,713,1.5234,2.87,3.52,2.3
company_02143,Infinity Pharma 339 Partnership Firm,0,0,0,0.0488,None,721,1.8171,6.15,2.66,1.97
company_02144,Matrix Textiles LLP,0,0,0,0.3011,None,726,1.8395,6.13,2.76,3.38
company_02145,Delta Pharma 496 LLP,0,0,0,0.03,None,764,1.4451,3.99,5.41,1.01
company_02146,Tejas Builders 937 Partnership Firm,1,0,1,0.9806,benami_siphoning,641,0.8067,16.4,35.81,8.72
company_02147,Karan Infotech 451 Partnership Firm,0,0,0,0.1427,None,785,1.6198,4.36,4.32,1.77
company_02148,Zenith Pharma 756 Partnership Firm,0,0,0,0.3071,None,780,1.5155,5.87,3.38,1.2
company_02149,Radhe Industries 992 LLP,0,0,0,0.2307,None,774,1.588,4.71,3.36,2.33
company_02150,Shivam Renewables 869 LLP,0,0,0,0.2126,None,797,1.715,5.18,5.25,2.04
company_02151,Sterling Power 576 Private Limited,0,0,0,0.0751,None,755,0.8611,5.28,6.32,1.84
company_02152,Kalyani Enterprises 702 LLP,0,0,0,0.1846,None,813,1.3798,5.41,3.49,1.38
company_02153,Radhe Solutions 156 Partnership Firm,1,0,1,0.9803,revenue_inflation,690,1.3167,31.25,34.18,10.74
company_02154,Infinity Solutions 334 LLP,1,0,1,0.8576,shell_company,560,0.6097,48.61,40.04,7.07
company_02155,Kalyani Builders LLP,0,0,0,0.2372,None,773,1.2163,7.49,3.93,1.41
company_02156,Ganesh Foods 462 LLP,1,0,1,0.5682,benami_siphoning,621,1.6582,22.95,26.35,6.42
company_02157,Vanguard Energy 154 LLP,1,0,1,0.9259,seasonal_manipulation,673,1.0983,33.18,10.82,11.77
company_02158,Delta Metals 882 LLP,1,0,1,0.9518,circular_trading,650,1.1389,26.83,33.94,16.29
company_02159,Matrix Infotech 400 Private Limited,0,0,0,0.219,None,771,1.6804,6.51,3.69,1.57
company_02160,Vidya Foods 659 LLP,0,0,0,0.1919,None,744,1.642,3.98,3.62,2.6
company_02161,Kalyani Retail 656 Partnership Firm,1,0,1,0.6257,circular_trading,652,0.6533,23.66,14.46,6.1
company_02162,Surya Healthcare 279 Private Limited,0,0,0,0.27,None,660,1.1493,2.75,2.99,2.6
company_02163,Infinity Infrastructure Partnership Firm,1,0,1,0.9348,benami_siphoning,678,1.1908,19.04,45.29,8.75
company_02164,Shivam Foods Partnership Firm,0,0,0,0.271,None,779,1.6666,3.33,2.97,2.75
company_02165,Hindustan Automotive 960 Partnership Firm,0,0,0,0.0358,None,711,1.4492,3.68,3.62,2.51
company_02166,Infinity Energy LLP,0,0,0,0.2489,None,723,2.2149,4.63,4.45,1.42
company_02167,Apex Enterprises 677 Private Limited,0,0,0,0.2834,None,768,0.9666,2.77,2.38,3.12
company_02168,Bhaskar Metals 446 Private Limited,0,0,0,0.056,None,710,1.14,4.77,5.43,2.52
company_02169,Bhaskar Chemicals 593 LLP,1,0,1,0.6766,shell_company,456,1.2422,37.37,32.09,5.17
company_02170,Sterling Infotech 764 Partnership Firm,0,0,0,0.3485,None,736,1.7028,4.24,3.53,1.82
company_02171,Bhaskar Infotech 348 Private Limited,0,0,0,0.1711,None,762,1.7345,4.0,3.67,0.57
company_02172,Vanguard Chemicals 770 Partnership Firm,0,0,0,0.2505,None,816,1.1934,2.85,3.41,1.49
company_02173,Tejas Enterprises 120 Partnership Firm,1,0,1,0.9399,revenue_inflation,674,1.8785,28.53,34.11,9.31
company_02174,Arogya Builders 695 Partnership Firm,1,0,1,0.5007,revenue_inflation,695,0.9107,27.11,41.44,10.47
company_02175,Tejas Builders 145 Private Limited,1,0,1,0.8788,circular_trading,678,1.2375,21.47,26.17,12.97
company_02176,Ambika Retail 359 LLP,0,0,0,0.0956,None,686,1.1214,3.7,3.99,2.75
company_02177,Surya Power 403 LLP,0,0,0,0.049,None,703,1.5837,3.24,7.87,3.23
company_02178,Kalyani Textiles 757 LLP,0,0,0,0.2523,None,774,1.2997,4.07,7.66,3.11
company_02179,Vanguard Energy 741 LLP,1,0,1,0.9537,benami_siphoning,576,0.8897,23.78,30.77,16.34
company_02180,Surya Logistics 381 Private Limited,0,0,0,0.3185,None,709,1.5176,3.11,3.64,3.37
company_02181,Shivam Industries 811 Partnership Firm,0,0,0,0.3247,None,771,1.1914,4.18,3.1,1.84
company_02182,Kalyani Infrastructure 518 LLP,0,0,0,0.2495,None,762,1.0234,4.53,6.73,2.28
company_02183,Bharat Enterprises 916 Partnership Firm,0,0,0,0.0562,None,855,1.3208,4.4,2.63,1.81
company_02184,Apex Industries 974 LLP,0,0,0,0.0385,None,767,1.7045,6.84,4.2,1.73
company_02185,Vidya Builders 515 LLP,1,0,1,0.9067,revenue_inflation,657,0.3293,31.02,42.29,11.02
company_02186,Arogya Automotive 794 Private Limited,1,0,1,0.935,benami_siphoning,628,1.0549,15.69,30.64,8.31
company_02187,Zenith Power 348 Partnership Firm,0,0,0,0.0488,None,711,1.3872,8.1,4.33,2.94
company_02188,Apex Energy 167 LLP,0,0,0,0.2613,None,741,1.0601,4.25,3.86,3.15
company_02189,Sterling Chemicals 376 Partnership Firm,0,1,1,0.5118,evergreening,776,1.5082,4.31,4.2,3.11
company_02190,Matrix Retail 572 LLP,0,1,1,0.6764,evergreening,671,1.7615,3.9,5.37,2.89
company_02191,Ambika Automotive 640 LLP,0,0,0,0.2116,None,725,2.1313,8.46,8.12,2.7
company_02192,Bhaskar Infotech Partnership Firm,0,0,0,0.1862,None,762,1.9955,5.41,4.19,2.29
company_02193,Vanguard Textiles 246 Partnership Firm,0,0,0,0.129,None,753,1.7869,8.57,4.24,1.72
company_02194,Apex Logistics 109 Partnership Firm,0,0,0,0.0875,None,745,1.591,3.02,4.58,2.68
company_02195,Vidya Renewables Private Limited,0,0,0,0.1388,None,756,1.3854,11.2,4.9,6.05
company_02196,Matrix Infotech 327 LLP,0,0,0,0.1985,None,739,1.3311,3.21,4.86,1.7
company_02197,Matrix Healthcare 733 Private Limited,0,0,0,0.1119,None,724,2.0036,6.79,9.09,2.93
company_02198,Matrix Renewables Private Limited,0,0,0,0.0476,None,733,1.1432,6.22,6.03,1.56
company_02199,Ambika Healthcare 568 LLP,0,0,0,0.1534,None,725,1.307,4.88,9.69,2.42
company_02200,Ambika Textiles 902 Private Limited,0,0,0,0.2664,None,814,1.3475,7.57,5.78,1.77
company_02201,Radhe Textiles 118 Partnership Firm,0,0,0,0.1486,None,783,1.2248,2.96,2.74,2.65
company_02202,Zenith Pharma 749 Partnership Firm,0,0,0,0.202,None,760,1.636,10.74,4.58,1.94
company_02203,Tejas Energy 960 Partnership Firm,0,0,0,0.0942,None,805,1.2105,6.24,3.62,1.29
company_02204,Arogya Industries 702 Partnership Firm,0,0,0,0.0796,None,791,1.5908,7.7,5.33,1.99
company_02205,Urja Foods 279 Private Limited,0,1,1,0.5187,revenue_inflation,816,1.4665,6.1,4.73,1.79
company_02206,Sterling Energy Private Limited,0,0,0,0.1482,None,788,1.6675,4.24,7.92,3.65
company_02207,Tejas Builders 451 Partnership Firm,1,0,1,0.8958,circular_trading,621,0.775,63.65,18.62,8.02
company_02208,Kalyani Textiles 207 Private Limited,0,0,0,0.2232,None,773,1.3346,9.25,4.84,3.29
company_02209,Sterling Logistics 233 Partnership Firm,0,1,1,0.5036,evergreening,776,0.7858,3.65,5.85,1.84
company_02210,Infinity Infotech 890 Private Limited,0,0,0,0.2479,None,745,1.292,5.16,5.11,1.67
company_02211,Apex Automotive 981 LLP,0,0,0,0.0633,None,790,1.8328,5.95,4.08,1.03
company_02212,Apex Energy 850 LLP,0,0,0,0.2112,None,690,1.4258,3.1,2.71,2.23
company_02213,Tejas Builders 805 Private Limited,0,0,0,0.1289,None,762,2.1326,2.68,3.14,3.47
company_02214,Delta Industries 949 Private Limited,0,1,1,0.4017,evergreening,790,1.3226,5.28,3.52,1.14
company_02215,Urja Foods 750 Private Limited,1,0,1,0.8895,seasonal_manipulation,679,0.8502,28.87,10.55,9.51
company_02216,Hindustan Power LLP,0,0,0,0.1004,None,693,2.3957,2.54,4.01,3.12
company_02217,Vidya Chemicals 936 Private Limited,0,0,0,0.0705,None,726,1.7578,4.29,6.5,1.68
company_02218,Urja Automotive 442 Partnership Firm,0,0,0,0.2135,None,725,1.8537,8.11,3.77,2.12
company_02219,Surya Foods LLP,0,1,1,0.7138,seasonal_manipulation,750,1.6615,1.8,6.37,1.52
company_02220,Navrachana Foods 163 Private Limited,1,0,1,0.9389,revenue_inflation,697,0.6212,44.78,40.08,13.93
company_02221,Ganesh Textiles 866 Partnership Firm,0,0,0,0.3034,None,787,1.6889,3.53,5.02,1.27
company_02222,Hindustan Infotech 527 Private Limited,0,0,0,0.2429,None,692,2.0804,6.67,3.73,2.37
company_02223,Zenith Healthcare Partnership Firm,0,0,0,0.0375,None,744,1.7662,3.04,5.44,2.31
company_02224,Ambika Chemicals 256 LLP,0,0,0,0.2073,None,727,1.9217,3.52,3.82,3.12
company_02225,Vanguard Chemicals 640 LLP,0,0,0,0.0345,None,790,0.9059,4.8,4.17,1.2
company_02226,Matrix Logistics 681 Private Limited,0,0,0,0.2253,None,672,1.6375,4.91,4.59,6.43
company_02227,Apex Renewables Private Limited,0,0,0,0.0974,None,776,1.2903,4.44,3.23,1.55
company_02228,Karan Pharma 922 Partnership Firm,0,0,0,0.2069,None,735,1.4205,7.22,3.71,2.81
company_02229,Bhaskar Power 320 Partnership Firm,0,0,0,0.3057,None,740,1.1367,4.77,4.21,4.11
company_02230,Zenith Industries Partnership Firm,0,0,0,0.3241,None,747,1.5496,3.04,3.89,1.98
company_02231,Aditya Healthcare Private Limited,0,0,0,0.0539,None,738,1.581,2.62,3.0,1.23
company_02232,Ambika Foods 642 Private Limited,0,0,0,0.1505,None,774,1.1814,3.93,5.37,2.38
company_02233,Tejas Textiles 458 LLP,0,0,0,0.2468,None,691,1.4934,10.53,3.47,2.26
company_02234,Zenith Infotech 159 Partnership Firm,0,0,0,0.2918,None,787,1.6217,1.76,4.11,3.1
company_02235,Delta Solutions 133 LLP,0,0,0,0.2741,None,764,0.8774,7.12,3.74,2.81
company_02236,Navrachana Pharma 774 Private Limited,0,0,0,0.1169,None,790,1.5236,6.62,3.53,1.9
company_02237,Matrix Builders Partnership Firm,0,0,0,0.0985,None,708,1.3058,5.92,5.77,5.0
company_02238,Shivam Foods 804 Partnership Firm,0,0,0,0.0915,None,718,1.2669,3.9,3.43,2.0
company_02239,Delta Power 203 Partnership Firm,0,0,0,0.2453,None,741,2.2232,11.41,6.44,1.67
company_02240,Urja Industries 177 Partnership Firm,0,0,0,0.1695,None,808,1.4782,2.19,4.11,1.06
company_02241,Radhe Enterprises 326 LLP,0,0,0,0.0686,None,722,1.5043,4.2,5.72,1.53
company_02242,Infinity Enterprises 511 Partnership Firm,0,0,0,0.0532,None,715,1.1813,3.86,4.02,2.97
company_02243,Sterling Textiles 793 Private Limited,1,0,1,0.8465,evergreening,644,1.0194,8.42,8.64,11.57
company_02244,Sterling Industries 963 LLP,1,0,1,0.5785,circular_trading,609,0.6749,21.51,18.3,7.22
company_02245,Hindustan Metals 941 LLP,0,0,0,0.1423,None,747,1.9408,5.6,6.43,2.57
company_02246,Hindustan Power 287 Private Limited,0,0,0,0.1811,None,821,1.1501,5.65,3.81,1.61
company_02247,Vanguard Builders 672 Private Limited,0,0,0,0.1246,None,762,1.3216,4.64,4.11,2.47
company_02248,Delta Automotive 347 Partnership Firm,0,0,0,0.1666,None,750,1.0081,5.65,3.99,1.73
company_02249,Vidya Logistics 407 LLP,0,0,0,0.1349,None,636,1.5635,7.67,4.22,3.49
company_02250,Shivam Solutions Private Limited,0,0,0,0.1949,None,799,1.5269,4.97,4.8,1.19
company_02251,Delta Industries 446 LLP,0,0,0,0.0623,None,767,2.116,7.1,5.36,2.37
company_02252,Urja Energy 398 LLP,0,0,0,0.1913,None,797,1.2778,7.44,4.74,1.56
company_02253,Bharat Foods 454 Private Limited,0,0,0,0.0776,None,736,0.8782,2.87,2.99,2.59
company_02254,Karan Chemicals 566 Private Limited,0,1,1,0.7035,revenue_inflation,748,1.8135,3.31,5.67,5.36
company_02255,Vanguard Infotech 613 Private Limited,0,0,0,0.2749,None,803,1.3846,4.83,3.77,0.74
company_02256,Vanguard Infrastructure 774 Partnership Firm,0,0,0,0.1232,None,735,1.7204,8.75,5.07,2.25
company_02257,Arogya Metals 715 Private Limited,0,0,0,0.0836,None,752,2.2171,3.11,3.18,2.3
company_02258,Shivam Industries 282 Partnership Firm,0,0,0,0.3475,None,705,1.9442,4.65,3.59,1.93
company_02259,Vanguard Chemicals 866 Partnership Firm,0,0,0,0.3456,None,803,1.8479,3.75,3.26,0.99
company_02260,Bhaskar Automotive 258 Private Limited,0,0,0,0.2473,None,721,1.3244,3.52,5.33,4.15
company_02261,Navrachana Retail 739 Partnership Firm,0,0,0,0.28,None,802,1.6379,4.59,3.67,2.9
company_02262,Hindustan Logistics 235 LLP,1,0,1,0.9199,revenue_inflation,704,0.7779,64.22,36.57,6.32
company_02263,Kalyani Renewables 983 LLP,0,0,0,0.1264,None,689,1.1955,6.16,2.87,4.59
company_02264,Delta Automotive 434 Partnership Firm,0,0,0,0.2086,None,656,1.2345,7.44,5.48,2.01
company_02265,Matrix Automotive 933 LLP,0,0,0,0.1248,None,792,1.5936,2.57,3.48,1.69
company_02266,Infinity Automotive 650 Partnership Firm,0,0,0,0.2813,None,808,1.0986,5.21,4.54,1.53
company_02267,Bhaskar Builders 236 Private Limited,0,0,0,0.2948,None,760,0.7052,6.71,4.26,1.88
company_02268,Zenith Enterprises LLP,0,0,0,0.1271,None,747,1.7592,4.07,5.72,2.82
company_02269,Delta Infotech 391 LLP,0,0,0,0.302,None,804,1.4814,4.01,5.76,1.56
company_02270,Ambika Renewables 949 LLP,0,0,0,0.1055,None,755,1.0648,2.62,2.91,2.77
company_02271,Sterling Textiles 954 Private Limited,1,0,1,0.9727,revenue_inflation,676,1.0555,55.14,28.83,11.21
company_02272,Infinity Textiles 742 Private Limited,0,0,0,0.0376,None,726,1.8939,3.68,3.14,2.4
company_02273,Karan Logistics 243 Private Limited,0,1,1,0.7495,circular_trading,720,1.0386,5.58,10.44,2.02
company_02274,Apex Infotech 977 LLP,0,0,0,0.0971,None,723,2.2968,3.63,4.53,3.81
company_02275,Apex Chemicals 126 Partnership Firm,0,0,0,0.1209,None,790,1.6679,11.83,3.24,2.36
company_02276,Ambika Automotive 795 Partnership Firm,0,0,0,0.1962,None,772,1.1406,4.18,5.74,1.53
company_02277,Ambika Energy 282 LLP,0,0,0,0.2044,None,737,1.1645,4.48,3.18,3.02
company_02278,Delta Retail 721 LLP,1,0,1,0.5342,shell_company,604,1.3826,27.22,21.7,7.99
company_02279,Hindustan Solutions 484 LLP,0,1,1,0.4983,seasonal_manipulation,698,1.5252,5.93,4.48,3.4
company_02280,Urja Automotive 687 Private Limited,0,0,0,0.2149,None,733,1.4,4.05,3.91,1.67
company_02281,Zenith Infotech 339 Partnership Firm,0,0,0,0.1643,None,746,1.6757,2.74,3.14,1.92
company_02282,Vidya Infotech 708 LLP,0,0,0,0.1906,None,725,1.7165,4.06,4.33,1.79
company_02283,Bhaskar Builders 688 Private Limited,0,0,0,0.0803,None,773,1.4461,5.41,8.09,2.45
company_02284,Shivam Metals 728 Partnership Firm,1,0,1,0.9802,shell_company,469,1.57,55.81,26.71,6.79
company_02285,Radhe Chemicals 800 Private Limited,0,0,0,0.1291,None,755,1.3284,3.83,4.75,1.2
company_02286,Shivam Power 310 LLP,0,0,0,0.0631,None,714,1.3336,1.03,2.67,2.44
company_02287,Surya Retail 142 Partnership Firm,0,1,1,0.6675,circular_trading,729,1.247,4.3,3.01,2.6
company_02288,Vanguard Energy 130 LLP,0,0,0,0.1219,None,784,1.3242,4.36,4.59,1.0
company_02289,Urja Retail 609 Partnership Firm,0,0,0,0.0691,None,719,1.6719,10.45,2.81,1.51
company_02290,Arogya Enterprises 554 Partnership Firm,1,0,1,0.9246,evergreening,579,0.3753,25.98,12.6,16.69
company_02291,Radhe Builders Private Limited,1,0,1,0.9784,shell_company,594,1.6071,52.83,31.7,6.07
company_02292,Karan Textiles 141 LLP,0,0,0,0.1173,None,726,1.7147,4.96,2.75,1.29
company_02293,Kalyani Infotech 844 LLP,0,0,0,0.095,None,728,2.0052,4.7,2.91,2.85
company_02294,Surya Foods 553 Private Limited,0,0,0,0.1662,None,741,1.0703,3.75,2.81,2.76
company_02295,Karan Energy 513 LLP,1,0,1,0.9789,evergreening,673,0.2,20.43,16.02,13.68
company_02296,Tejas Infotech 311 LLP,0,0,0,0.1508,None,775,0.6845,4.37,3.35,1.34
company_02297,Ambika Healthcare 368 Partnership Firm,0,0,0,0.1528,None,726,1.5183,3.69,7.83,3.16
company_02298,Aditya Automotive 590 Partnership Firm,0,1,1,0.6392,benami_siphoning,756,1.8027,3.37,3.5,2.0
company_02299,Hindustan Foods 249 LLP,1,0,1,0.8718,seasonal_manipulation,685,1.0615,36.12,10.05,12.76
company_02300,Urja Power 725 LLP,0,0,0,0.2381,None,751,1.977,3.85,3.64,2.98
company_02301,Aditya Retail 444 LLP,0,1,1,0.4804,evergreening,777,1.559,3.16,3.66,4.21
company_02302,Shivam Retail 206 Partnership Firm,0,0,0,0.2399,None,779,2.1384,7.23,3.95,1.88
company_02303,Radhe Infotech 439 Partnership Firm,1,0,1,0.9096,revenue_inflation,729,1.2365,39.06,28.22,15.79
company_02304,Vanguard Renewables 101 Partnership Firm,0,0,0,0.1958,None,676,1.1178,3.85,12.5,3.95
company_02305,Bharat Retail LLP,0,0,0,0.0786,None,743,1.4098,2.77,5.64,3.11
company_02306,Karan Logistics 473 Private Limited,0,0,0,0.2468,None,737,1.842,5.0,2.97,3.18
company_02307,Bharat Power 667 LLP,0,0,0,0.1117,None,742,1.7688,2.38,3.76,1.43
company_02308,Shivam Logistics Partnership Firm,0,0,0,0.0466,None,751,1.3757,4.08,3.81,2.21
company_02309,Surya Pharma 727 LLP,1,0,1,0.7906,circular_trading,675,1.0983,31.2,16.58,7.12
company_02310,Kalyani Metals 445 Partnership Firm,0,0,0,0.314,None,765,1.809,6.18,4.3,2.47
company_02311,Navrachana Foods 561 Private Limited,1,0,1,0.9531,seasonal_manipulation,651,0.4156,39.14,10.26,12.22
company_02312,Vidya Power 629 LLP,0,0,0,0.2492,None,695,1.6088,4.79,3.4,2.1
company_02313,Arogya Builders 881 LLP,0,0,0,0.092,None,778,1.5404,5.46,4.4,0.36
company_02314,Kalyani Retail 735 Private Limited,0,0,0,0.3146,None,722,1.7963,3.77,5.1,3.02
company_02315,Ganesh Textiles 559 Partnership Firm,0,0,0,0.2981,None,735,1.1612,4.7,3.97,2.16
company_02316,Radhe Textiles 666 Private Limited,0,0,0,0.2391,None,745,1.2403,3.31,4.38,2.85
company_02317,Tejas Textiles 882 Partnership Firm,0,0,0,0.3067,None,740,1.5738,4.15,4.15,2.75
company_02318,Shivam Metals 141 Partnership Firm,0,0,0,0.2254,None,790,1.3241,4.05,3.57,1.4
company_02319,Delta Enterprises 668 LLP,0,0,0,0.0781,None,786,1.6416,2.22,4.84,0.84
company_02320,Matrix Textiles 953 Private Limited,1,0,1,0.6694,shell_company,615,0.3089,48.26,32.23,4.04
company_02321,Urja Healthcare 133 Private Limited,0,0,0,0.3096,None,775,1.6552,3.31,3.53,1.6
company_02322,Ambika Renewables 890 LLP,0,0,0,0.2329,None,699,1.371,5.03,3.89,2.64
company_02323,Bhaskar Healthcare 363 LLP,0,0,0,0.1574,None,739,1.9608,4.78,3.09,2.15
company_02324,Delta Solutions 796 Partnership Firm,0,0,0,0.1716,None,733,1.5917,4.19,5.52,1.41
company_02325,Zenith Builders 390 Partnership Firm,0,0,0,0.2255,None,803,2.0374,3.46,6.97,1.21
company_02326,Vanguard Automotive Partnership Firm,0,0,0,0.3454,None,714,1.4095,4.17,6.89,4.87
company_02327,Zenith Builders LLP,1,0,1,0.9305,evergreening,670,0.2,30.24,24.57,19.0
company_02328,Infinity Healthcare Private Limited,0,0,0,0.0657,None,719,1.1121,3.05,4.77,2.4
company_02329,Bharat Industries 325 Partnership Firm,0,0,0,0.2451,None,766,2.5487,3.76,4.75,4.01
company_02330,Surya Foods 820 Partnership Firm,0,0,0,0.2287,None,780,1.2396,3.86,4.47,1.54
company_02331,Ambika Automotive 738 Partnership Firm,0,0,0,0.1111,None,763,1.3918,3.76,3.83,2.18
company_02332,Aditya Chemicals 427 LLP,0,0,0,0.168,None,743,1.2827,1.89,4.39,2.36
company_02333,Surya Healthcare 463 Partnership Firm,0,0,0,0.1694,None,706,1.5395,6.77,6.54,2.64
company_02334,Aditya Metals 815 LLP,0,0,0,0.2336,None,801,1.897,3.0,3.3,1.3
company_02335,Apex Renewables 676 Private Limited,0,0,0,0.1354,None,740,1.1382,2.34,3.11,1.74
company_02336,Aditya Infrastructure 101 LLP,1,0,1,0.9108,revenue_inflation,680,0.1,25.7,47.71,6.32
company_02337,Surya Industries 843 Private Limited,0,0,0,0.1733,None,728,0.9003,6.34,4.52,1.85
company_02338,Matrix Automotive 164 Partnership Firm,0,0,0,0.0961,None,747,1.7355,2.5,3.81,2.85
company_02339,Matrix Renewables 856 LLP,0,0,0,0.1143,None,748,1.0879,3.89,3.33,9.1
company_02340,Aditya Automotive 176 LLP,0,0,0,0.0722,None,729,1.3647,4.58,8.42,1.58
company_02341,Sterling Solutions Partnership Firm,0,0,0,0.1845,None,770,1.6714,6.61,3.6,0.51
company_02342,Urja Infrastructure LLP,0,0,0,0.0653,None,667,1.2209,5.34,3.45,3.11
company_02343,Bhaskar Builders 463 LLP,0,0,0,0.3269,None,687,2.3963,3.59,3.31,3.17
company_02344,Bharat Pharma 539 Partnership Firm,0,0,0,0.059,None,766,1.4069,2.68,2.68,1.61
company_02345,Tejas Renewables 601 Partnership Firm,1,0,1,0.5378,shell_company,598,1.1719,31.35,26.71,5.79
company_02346,Zenith Metals 859 Private Limited,0,0,0,0.1681,None,777,1.3192,5.2,4.92,2.69
company_02347,Apex Infotech 985 LLP,0,1,1,0.4664,circular_trading,727,1.6078,3.83,4.69,2.17
company_02348,Karan Energy 426 Private Limited,0,0,0,0.1577,None,748,1.3325,3.6,4.1,2.15
company_02349,Infinity Pharma 811 Private Limited,0,0,0,0.1785,None,723,2.4041,4.2,4.26,2.31
company_02350,Bharat Energy 423 Private Limited,0,0,0,0.0264,None,766,1.6323,3.85,5.04,3.43
company_02351,Surya Energy Private Limited,0,0,0,0.0418,None,761,2.3129,3.94,3.32,2.01
company_02352,Zenith Retail 961 Partnership Firm,0,0,0,0.0118,None,760,1.3322,2.87,3.72,1.72
company_02353,Sterling Industries 178 Partnership Firm,0,0,0,0.3436,None,753,0.9647,3.31,4.53,1.97
company_02354,Bharat Pharma 618 Partnership Firm,0,0,0,0.3178,None,760,1.0346,3.96,5.12,1.81
company_02355,Apex Builders 774 LLP,1,0,1,0.8758,benami_siphoning,640,3.2034,18.14,22.07,6.02
company_02356,Vanguard Healthcare 211 Partnership Firm,0,0,0,0.0605,None,728,1.7317,4.38,4.75,3.66
company_02357,Bhaskar Industries 774 LLP,0,0,0,0.072,None,716,2.722,4.65,2.9,1.86
company_02358,Urja Healthcare 149 LLP,0,0,0,0.272,None,666,1.4998,3.48,5.25,2.52
company_02359,Ganesh Power 931 Partnership Firm,1,0,1,0.9304,shell_company,618,0.8554,43.94,26.13,7.74
company_02360,Vanguard Builders LLP,0,0,0,0.1074,None,734,1.262,10.08,6.24,2.35
company_02361,Tejas Textiles 595 Partnership Firm,0,0,0,0.1515,None,798,1.6854,3.76,3.17,1.43
company_02362,Bharat Textiles 234 LLP,0,0,0,0.185,None,715,1.4612,4.89,4.47,1.64
company_02363,Radhe Enterprises 810 Partnership Firm,0,0,0,0.1776,None,693,1.5609,2.2,2.91,4.93
company_02364,Vidya Pharma LLP,0,0,0,0.0489,None,750,2.3097,3.91,5.85,5.31
company_02365,Urja Foods 340 LLP,0,0,0,0.0594,None,713,0.86,4.04,3.9,2.44
company_02366,Shivam Automotive 859 Partnership Firm,0,0,0,0.1613,None,730,1.882,5.16,5.15,1.62
company_02367,Zenith Enterprises 433 Partnership Firm,0,0,0,0.3473,None,702,0.9613,3.77,3.41,4.57
company_02368,Zenith Industries 281 Partnership Firm,1,0,1,0.967,benami_siphoning,685,0.7204,16.19,33.12,11.51
company_02369,Karan Energy 240 LLP,0,0,0,0.3004,None,728,0.932,6.98,3.99,2.15
company_02370,Infinity Foods Partnership Firm,0,0,0,0.2776,None,701,1.3804,2.44,2.9,3.19
company_02371,Surya Energy 166 Partnership Firm,0,0,0,0.0955,None,662,1.8729,4.28,4.8,3.17
company_02372,Sterling Automotive 434 Partnership Firm,0,0,0,0.0235,None,737,1.3877,4.26,3.52,3.03
company_02373,Infinity Automotive 727 Partnership Firm,0,0,0,0.1346,None,779,1.4695,3.59,4.63,2.4
company_02374,Delta Metals 626 Private Limited,1,0,1,0.8717,revenue_inflation,660,0.7554,50.5,27.23,10.19
company_02375,Arogya Foods 785 Private Limited,0,1,1,0.6516,circular_trading,715,1.915,2.76,2.37,4.04
company_02376,Sterling Foods 432 LLP,0,0,0,0.1165,None,837,1.8392,6.19,5.4,1.46
company_02377,Apex Infotech Partnership Firm,1,0,1,0.7622,benami_siphoning,609,0.778,23.27,37.81,5.19
company_02378,Karan Automotive 880 Partnership Firm,0,0,0,0.0524,None,711,1.1957,5.24,4.11,2.22
company_02379,Aditya Healthcare 570 Private Limited,0,0,0,0.2026,None,731,1.7431,3.36,3.75,2.98
company_02380,Aditya Foods 154 LLP,0,0,0,0.2131,None,729,1.6012,3.82,4.14,2.92
company_02381,Ambika Infrastructure 723 Partnership Firm,0,0,0,0.1335,None,755,1.2458,6.13,5.2,2.15
company_02382,Shivam Metals 920 Private Limited,0,0,0,0.0431,None,765,0.7223,2.9,3.03,3.81
company_02383,Delta Foods 896 Private Limited,0,0,0,0.2323,None,763,1.5814,5.34,3.67,1.63
company_02384,Urja Solutions Private Limited,0,0,0,0.2453,None,728,1.459,3.82,4.05,2.57
company_02385,Zenith Automotive 593 LLP,0,0,0,0.3339,None,772,1.6871,3.1,3.22,2.81
company_02386,Apex Renewables 863 Partnership Firm,1,0,1,0.6183,seasonal_manipulation,660,0.3595,25.57,8.36,4.6
company_02387,Arogya Solutions 352 Private Limited,0,0,0,0.0525,None,739,1.17,3.53,2.66,3.48
company_02388,Apex Infotech 562 Private Limited,0,0,0,0.339,None,694,2.1901,7.93,3.27,2.3
company_02389,Bhaskar Foods Partnership Firm,0,0,0,0.1359,None,702,1.7298,6.75,6.32,2.17
company_02390,Shivam Industries 190 LLP,1,0,1,0.8715,benami_siphoning,600,0.4017,29.62,29.67,8.75
company_02391,Matrix Automotive Private Limited,0,0,0,0.1443,None,755,1.4833,1.75,4.23,1.79
company_02392,Ambika Infotech 741 Partnership Firm,0,0,0,0.0517,None,822,1.6199,5.45,2.88,2.29
company_02393,Bhaskar Renewables 832 Partnership Firm,0,0,0,0.1119,None,809,1.2206,9.8,4.44,1.44
company_02394,Bharat Automotive 567 Private Limited,0,1,1,0.6374,circular_trading,785,1.3119,3.33,2.83,4.14
company_02395,Ambika Healthcare 885 Private Limited,0,0,0,0.1166,None,738,1.2035,2.93,3.98,2.58
company_02396,Radhe Infrastructure 476 Partnership Firm,0,0,0,0.0654,None,694,1.2724,3.54,3.57,3.07
company_02397,Tejas Energy 563 LLP,0,0,0,0.0852,None,833,1.73,5.97,4.91,0.46
company_02398,Vidya Energy 418 Private Limited,0,0,0,0.0662,None,779,1.1227,3.02,5.56,1.92
company_02399,Infinity Industries 862 Private Limited,0,0,0,0.0686,None,675,1.8374,7.76,5.6,3.01
company_02400,Navrachana Logistics 983 Private Limited,0,0,0,0.2865,None,681,1.4562,5.0,4.49,3.7
company_02401,Navrachana Textiles 669 Private Limited,1,0,1,0.9198,revenue_inflation,641,0.4646,39.43,40.82,10.82
company_02402,Ganesh Retail 275 Partnership Firm,0,0,0,0.282,None,731,1.2954,4.34,2.27,2.19
company_02403,Vanguard Logistics 463 LLP,0,0,0,0.2045,None,706,0.9929,2.4,2.75,2.28
company_02404,Vanguard Solutions 710 Private Limited,0,0,0,0.08,None,761,1.1309,3.19,3.62,1.51
company_02405,Karan Logistics 281 Private Limited,0,0,0,0.1182,None,717,1.5938,6.62,3.95,1.33
company_02406,Vidya Infrastructure 991 Private Limited,0,0,0,0.3272,None,684,1.6211,4.53,4.24,4.55
company_02407,Karan Logistics 192 LLP,0,0,0,0.3482,None,734,1.4238,7.01,3.73,1.47
company_02408,Karan Logistics 308 Private Limited,0,0,0,0.1795,None,744,0.9004,4.12,5.08,1.57
company_02409,Radhe Metals 671 LLP,0,0,0,0.021,None,710,1.1628,4.08,5.77,2.84
company_02410,Aditya Infotech 779 LLP,0,0,0,0.0524,None,679,0.7019,3.54,3.2,3.83
company_02411,Karan Industries Private Limited,0,0,0,0.2988,None,755,1.5583,4.19,3.3,2.19
company_02412,Shivam Automotive 691 Partnership Firm,0,0,0,0.3357,None,805,0.9738,5.13,4.08,4.14
company_02413,Zenith Healthcare 529 Partnership Firm,0,0,0,0.1154,None,830,1.9525,3.5,6.54,2.93
company_02414,Zenith Retail 474 Private Limited,0,0,0,0.2692,None,781,1.1302,4.01,3.0,3.25
company_02415,Radhe Industries 922 LLP,0,0,0,0.3265,None,798,1.1364,3.63,4.19,1.77
company_02416,Shivam Pharma Partnership Firm,0,0,0,0.2026,None,706,0.9882,7.96,6.35,2.44
company_02417,Aditya Builders 764 Private Limited,0,1,1,0.4352,shell_company,800,1.1825,3.13,4.18,0.8
company_02418,Vanguard Textiles 502 Partnership Firm,0,0,0,0.26,None,794,1.5356,4.04,4.08,0.92
company_02419,Navrachana Retail 942 Private Limited,0,0,0,0.2008,None,762,1.1835,3.1,7.25,2.17
company_02420,Radhe Industries 981 Private Limited,0,0,0,0.0688,None,737,0.8272,5.43,3.71,2.26
company_02421,Ambika Energy 908 Partnership Firm,0,0,0,0.1432,None,772,1.3803,2.86,3.89,2.19
company_02422,Ganesh Automotive 630 Private Limited,0,0,0,0.0421,None,775,1.5162,2.14,3.22,1.69
company_02423,Vanguard Enterprises LLP,0,0,0,0.011,None,783,1.8338,3.38,4.49,1.33
company_02424,Urja Chemicals 100 Partnership Firm,0,0,0,0.1895,None,714,2.2303,5.46,7.33,3.31
company_02425,Surya Builders 127 Partnership Firm,0,1,1,0.6238,shell_company,781,2.459,3.04,3.12,1.27
company_02426,Ganesh Automotive 826 Private Limited,0,1,1,0.6899,seasonal_manipulation,775,1.8164,2.57,4.29,1.43
company_02427,Zenith Power Private Limited,0,0,0,0.186,None,817,1.724,5.84,6.62,0.71
company_02428,Infinity Infrastructure 164 Private Limited,1,0,1,0.9303,evergreening,753,2.0764,30.23,21.15,13.57
company_02429,Radhe Renewables Private Limited,0,0,0,0.2167,None,780,1.0025,3.6,8.13,1.95
company_02430,Bharat Pharma 768 LLP,0,0,0,0.2498,None,719,1.3307,3.81,2.68,2.52
company_02431,Radhe Solutions 671 Partnership Firm,0,0,0,0.1099,None,767,2.2339,2.97,7.09,0.99
company_02432,Shivam Retail 985 LLP,0,0,0,0.2327,None,752,2.2322,3.24,5.59,2.34
company_02433,Bharat Infrastructure 849 LLP,1,0,1,0.9186,seasonal_manipulation,664,0.9946,28.25,12.37,9.84
company_02434,Radhe Builders 568 LLP,0,0,0,0.1405,None,727,1.4284,4.95,3.77,2.23
company_02435,Sterling Retail LLP,0,0,0,0.136,None,781,0.9893,4.86,3.62,2.55
company_02436,Matrix Pharma 219 LLP,0,0,0,0.1168,None,743,2.5948,6.86,3.66,1.52
company_02437,Matrix Chemicals 285 LLP,0,0,0,0.2761,None,645,1.5671,4.91,3.11,4.21
company_02438,Karan Solutions 205 Private Limited,0,0,0,0.0922,None,676,1.938,5.33,3.12,2.92
company_02439,Matrix Infrastructure 851 Private Limited,0,0,0,0.3364,None,715,1.4315,5.41,6.79,1.68
company_02440,Bharat Pharma 898 LLP,0,1,1,0.7287,evergreening,776,1.1965,3.84,3.43,0.68
company_02441,Aditya Industries 191 Partnership Firm,0,0,0,0.3271,None,753,1.1421,3.3,2.86,1.89
company_02442,Bharat Power 378 Partnership Firm,0,0,0,0.0168,None,725,2.2876,5.17,3.72,4.67
company_02443,Arogya Logistics 166 LLP,0,0,0,0.0439,None,762,2.0771,4.24,3.11,2.11
company_02444,Tejas Pharma 252 Partnership Firm,0,0,0,0.1338,None,711,1.2635,3.32,3.26,3.12
company_02445,Radhe Builders 179 Private Limited,0,0,0,0.0669,None,708,1.0859,9.09,3.65,1.18
company_02446,Aditya Automotive 949 LLP,0,0,0,0.0206,None,791,0.9897,5.03,3.25,2.74
company_02447,Navrachana Healthcare Private Limited,0,0,0,0.3311,None,736,1.3158,3.46,3.6,4.15
company_02448,Vidya Builders 593 LLP,0,0,0,0.2881,None,768,1.7172,15.25,8.61,1.04
company_02449,Bhaskar Builders 104 LLP,1,0,1,0.9764,shell_company,521,1.0611,40.31,27.83,8.57
company_02450,Radhe Automotive 939 Private Limited,0,0,0,0.1242,None,697,1.6517,17.5,3.71,3.73
company_02451,Bhaskar Renewables LLP,0,0,0,0.2528,None,776,1.636,1.43,2.26,4.35
company_02452,Surya Infotech 519 Private Limited,0,0,0,0.2051,None,683,1.5326,7.07,3.43,3.0
company_02453,Bhaskar Enterprises 783 LLP,0,0,0,0.3289,None,751,1.685,3.55,3.2,2.5
company_02454,Tejas Logistics Partnership Firm,0,0,0,0.0148,None,768,1.4512,2.44,7.33,1.33
company_02455,Infinity Retail Partnership Firm,0,0,0,0.2587,None,738,1.7675,8.04,4.12,1.96
company_02456,Zenith Pharma 995 Private Limited,1,0,1,0.9107,benami_siphoning,659,0.399,26.04,21.43,8.16
company_02457,Apex Chemicals 551 Partnership Firm,0,0,0,0.0248,None,698,1.3456,5.22,2.56,3.56
company_02458,Vidya Renewables 561 LLP,1,0,1,0.6388,seasonal_manipulation,672,1.223,32.39,11.72,5.57
company_02459,Surya Enterprises 422 Private Limited,0,0,0,0.1564,None,745,1.6151,4.4,2.6,2.67
company_02460,Arogya Pharma 539 LLP,0,0,0,0.1812,None,729,1.3799,6.45,4.14,2.22
company_02461,Bhaskar Foods 834 Partnership Firm,1,0,1,0.9668,revenue_inflation,635,0.7499,33.32,36.28,9.33
company_02462,Vidya Solutions 774 LLP,0,0,0,0.256,None,783,1.8607,6.84,4.68,1.01
company_02463,Arogya Pharma 965 Partnership Firm,0,0,0,0.2958,None,769,1.4254,4.18,2.56,1.91
company_02464,Zenith Renewables 702 Partnership Firm,0,0,0,0.0427,None,715,1.8461,2.35,4.13,2.15
company_02465,Arogya Logistics 970 Private Limited,0,0,0,0.2766,None,732,1.4503,6.4,4.31,2.35
company_02466,Aditya Metals 485 LLP,1,0,1,0.7868,revenue_inflation,645,1.308,20.89,20.49,6.1
company_02467,Bharat Industries 910 Partnership Firm,0,0,0,0.178,None,744,1.4002,3.66,7.85,1.94
company_02468,Sterling Retail 803 Partnership Firm,0,0,0,0.2303,None,736,1.681,6.81,7.99,3.87
company_02469,Infinity Pharma 919 LLP,0,0,0,0.3009,None,776,1.4535,2.73,3.93,5.03
company_02470,Shivam Healthcare LLP,0,0,0,0.0242,None,725,1.5743,2.83,3.54,1.7
company_02471,Vanguard Logistics 292 LLP,0,0,0,0.3127,None,728,2.0436,4.29,3.63,1.34
company_02472,Matrix Pharma 673 Private Limited,0,0,0,0.2606,None,692,1.1987,3.82,6.63,3.5
company_02473,Ambika Builders 904 LLP,0,0,0,0.3424,None,842,1.4174,4.28,2.88,0.87
company_02474,Matrix Infotech 419 Partnership Firm,0,0,0,0.1526,None,817,1.7535,3.09,4.39,5.53
company_02475,Sterling Renewables 612 LLP,1,0,1,0.9894,circular_trading,662,1.0585,39.55,17.45,14.01
company_02476,Shivam Infrastructure 359 Partnership Firm,0,0,0,0.0678,None,811,0.9544,5.34,7.13,0.25
company_02477,Shivam Textiles 394 Partnership Firm,0,0,0,0.0578,None,679,1.5928,3.62,4.61,3.98
company_02478,Hindustan Automotive 562 Private Limited,0,1,1,0.4338,circular_trading,793,0.978,6.16,3.41,1.91
company_02479,Ambika Enterprises LLP,0,0,0,0.2479,None,701,2.1529,3.09,5.3,2.32
company_02480,Tejas Metals Private Limited,0,0,0,0.0932,None,715,0.5607,5.03,4.17,2.59
company_02481,Vanguard Renewables 355 Partnership Firm,0,0,0,0.0281,None,848,1.3187,3.64,6.5,0.49
company_02482,Bhaskar Power LLP,0,0,0,0.2261,None,767,1.9863,2.96,3.44,1.09
company_02483,Hindustan Enterprises LLP,0,0,0,0.3031,None,744,1.6241,4.63,5.11,3.38
company_02484,Infinity Solutions 378 Partnership Firm,0,0,0,0.0562,None,715,1.3185,2.8,4.9,4.03
company_02485,Karan Foods 621 Private Limited,0,0,0,0.1933,None,752,1.3398,3.3,2.99,3.08
company_02486,Vanguard Pharma 470 Partnership Firm,0,0,0,0.2991,None,818,0.9322,3.29,4.28,4.36
company_02487,Arogya Enterprises 625 Private Limited,0,0,0,0.1691,None,789,1.655,2.8,3.83,1.93
company_02488,Vanguard Industries 147 Private Limited,0,0,0,0.3015,None,811,1.3496,3.13,5.12,1.27
company_02489,Matrix Retail 175 Partnership Firm,1,0,1,0.6099,shell_company,515,0.4729,35.61,32.3,3.65
company_02490,Kalyani Pharma Partnership Firm,0,0,0,0.0116,None,730,1.3927,3.33,4.2,1.78
company_02491,Ambika Logistics 947 Partnership Firm,0,0,0,0.3165,None,849,1.591,4.65,5.36,0.65
company_02492,Matrix Healthcare 730 Private Limited,0,0,0,0.0949,None,734,1.262,6.05,3.0,2.65
company_02493,Zenith Pharma 260 Private Limited,0,0,0,0.1985,None,723,1.6576,4.16,5.45,1.67
company_02494,Surya Infotech LLP,0,0,0,0.0257,None,775,1.8312,5.99,4.48,1.71
company_02495,Surya Power 512 Private Limited,0,0,0,0.0769,None,804,0.9642,10.62,2.82,1.15
company_02496,Infinity Logistics 440 Private Limited,0,0,0,0.0463,None,744,1.3258,9.18,4.87,1.17
company_02497,Navrachana Textiles 265 Private Limited,0,0,0,0.0479,None,768,1.0249,4.79,5.11,1.01
company_02498,Shivam Chemicals 941 LLP,0,0,0,0.3099,None,744,1.6929,4.96,5.25,3.14
company_02499,Infinity Enterprises 565 Partnership Firm,0,0,0,0.3441,None,694,1.0673,5.11,3.41,3.38
company_02500,Navrachana Enterprises 436 Private Limited,0,0,0,0.103,None,746,0.9193,4.17,5.22,5.11
company_02501,Aditya Chemicals 981 Partnership Firm,0,0,0,0.1048,None,749,1.8833,3.31,3.32,2.77
company_02502,Urja Infotech 913 LLP,1,0,1,0.8563,evergreening,692,0.9107,32.86,17.04,12.97
company_02503,Tejas Infrastructure 611 LLP,0,0,0,0.0623,None,781,1.1662,7.42,4.98,2.29
company_02504,Urja Textiles 192 Private Limited,0,0,0,0.1197,None,758,1.3167,2.87,4.56,1.11
company_02505,Delta Solutions 318 LLP,0,0,0,0.169,None,719,1.1048,2.0,4.89,2.71
company_02506,Ganesh Builders 308 LLP,1,0,1,0.9472,shell_company,492,1.3989,41.87,37.43,7.42
company_02507,Vidya Metals 935 Partnership Firm,0,0,0,0.0336,None,696,1.4784,7.43,4.14,1.75
company_02508,Ambika Solutions 529 LLP,0,0,0,0.3182,None,794,1.3724,8.59,5.18,0.86
company_02509,Navrachana Chemicals 843 LLP,0,0,0,0.1555,None,748,1.6539,2.83,4.31,1.97
company_02510,Sterling Automotive 583 LLP,0,0,0,0.2031,None,796,0.8716,4.11,3.77,1.53
company_02511,Ganesh Automotive 270 Partnership Firm,1,0,1,0.9571,shell_company,490,0.1245,68.98,27.81,10.13
company_02512,Arogya Healthcare 315 LLP,0,0,0,0.0975,None,732,1.4879,3.53,2.98,2.0
company_02513,Urja Power 815 LLP,0,0,0,0.1664,None,722,1.3994,6.05,7.54,1.78
company_02514,Vidya Builders 657 LLP,0,0,0,0.2068,None,799,2.1798,2.5,5.02,4.71
company_02515,Ganesh Energy 288 Private Limited,0,0,0,0.031,None,691,1.2779,3.75,8.76,2.5
company_02516,Apex Logistics 869 Partnership Firm,0,0,0,0.2378,None,802,1.1992,4.57,3.91,1.52
company_02517,Vidya Retail 224 LLP,1,0,1,0.9179,revenue_inflation,703,0.2874,42.75,32.5,10.43
company_02518,Surya Energy 630 Private Limited,0,0,0,0.2189,None,668,2.1907,16.91,6.52,2.92
company_02519,Shivam Industries 519 Partnership Firm,0,0,0,0.3181,None,707,2.0804,4.04,5.8,3.53
company_02520,Radhe Solutions 195 LLP,0,0,0,0.0464,None,757,1.1207,8.07,3.77,2.59
company_02521,Arogya Chemicals 989 LLP,0,0,0,0.2867,None,722,1.046,2.06,4.59,2.57
company_02522,Bhaskar Solutions 986 Private Limited,0,0,0,0.0257,None,778,1.6349,2.61,3.1,2.26
company_02523,Surya Automotive 365 Partnership Firm,0,0,0,0.0732,None,717,1.4504,2.77,8.47,1.88
company_02524,Bharat Metals 557 LLP,0,0,0,0.2721,None,780,0.9653,3.01,3.9,1.76
company_02525,Bharat Chemicals 858 LLP,0,0,0,0.3098,None,740,1.5186,2.66,2.99,9.9
company_02526,Shivam Retail 356 LLP,0,0,0,0.0263,None,775,1.0669,5.29,5.84,1.59
company_02527,Tejas Power 473 LLP,0,0,0,0.1946,None,734,1.8409,6.77,3.76,2.59
company_02528,Arogya Foods 284 Private Limited,0,0,0,0.1415,None,711,1.4216,1.74,7.85,2.65
company_02529,Matrix Healthcare 324 Partnership Firm,0,0,0,0.1416,None,751,1.1098,5.79,6.21,1.26
company_02530,Vidya Builders 925 Partnership Firm,0,1,1,0.7404,evergreening,696,0.9836,8.45,3.18,5.75
company_02531,Vanguard Industries 932 Partnership Firm,0,0,0,0.2584,None,714,0.9437,2.17,3.01,2.17
company_02532,Navrachana Retail LLP,0,0,0,0.0956,None,774,1.4174,5.58,4.16,1.32
company_02533,Shivam Industries 751 LLP,0,0,0,0.1693,None,716,1.2011,4.34,2.48,2.88
company_02534,Ganesh Industries 518 LLP,0,0,0,0.0627,None,749,1.9313,3.1,5.12,1.35
company_02535,Vidya Healthcare 652 Private Limited,1,0,1,0.9163,shell_company,569,0.6629,52.69,23.89,7.76
company_02536,Matrix Retail 366 Partnership Firm,0,0,0,0.1658,None,715,1.8005,8.77,2.52,2.43
company_02537,Bhaskar Industries 115 Private Limited,0,0,0,0.1649,None,745,1.3966,5.02,4.58,2.22
company_02538,Apex Logistics 125 Private Limited,0,0,0,0.011,None,790,1.2097,3.23,3.58,1.67
company_02539,Radhe Automotive 941 LLP,0,0,0,0.0254,None,809,1.1365,3.53,3.9,0.59
company_02540,Zenith Builders 457 Private Limited,0,0,0,0.3242,None,710,1.3569,5.9,3.69,2.68
company_02541,Delta Infotech 519 Partnership Firm,1,0,1,0.5771,benami_siphoning,680,1.199,13.99,21.73,5.1
company_02542,Sterling Retail 160 LLP,1,0,1,0.9879,circular_trading,710,0.4827,28.08,26.05,13.52
company_02543,Aditya Chemicals 662 Partnership Firm,0,0,0,0.266,None,777,1.7166,4.18,3.57,2.45
company_02544,Vanguard Renewables Private Limited,0,0,0,0.2604,None,734,1.2835,5.01,5.29,3.15
company_02545,Apex Foods 368 Partnership Firm,0,0,0,0.0149,None,826,1.5953,4.8,2.79,0.65
company_02546,Hindustan Pharma 194 Private Limited,1,0,1,0.9005,circular_trading,708,0.838,28.33,51.58,15.45
company_02547,Vidya Foods 721 Partnership Firm,0,0,0,0.1557,None,736,2.056,7.33,5.4,2.09
company_02548,Bhaskar Pharma 924 Partnership Firm,0,0,0,0.1763,None,814,1.5715,4.64,3.31,2.84
company_02549,Vanguard Solutions LLP,0,1,1,0.4522,circular_trading,784,1.6553,6.38,3.17,0.77
company_02550,Vanguard Logistics 100 Partnership Firm,0,0,0,0.2225,None,755,1.5302,3.24,4.33,1.27
company_02551,Bharat Industries 849 LLP,0,0,0,0.1437,None,746,1.3885,5.98,3.65,2.4
company_02552,Surya Automotive 825 Partnership Firm,0,0,0,0.134,None,753,1.4019,3.46,2.86,1.45
company_02553,Infinity Infotech 551 Partnership Firm,0,0,0,0.2316,None,772,1.1805,6.77,3.61,1.96
company_02554,Navrachana Industries 623 Private Limited,0,0,0,0.275,None,845,1.1827,3.38,3.44,2.08
company_02555,Ganesh Pharma 881 LLP,0,0,0,0.17,None,750,1.3408,2.42,2.63,3.1
company_02556,Shivam Infrastructure 291 LLP,0,0,0,0.0293,None,792,1.2124,4.3,5.19,0.5
company_02557,Urja Power 104 LLP,0,0,0,0.0236,None,783,0.7704,3.57,2.37,3.19
company_02558,Vanguard Power 913 LLP,0,0,0,0.2441,None,804,1.8209,2.63,4.74,2.72
company_02559,Tejas Power Partnership Firm,0,0,0,0.0822,None,719,1.5283,6.31,3.1,3.23
company_02560,Bharat Foods 673 Private Limited,0,0,0,0.0106,None,782,1.4137,4.41,2.13,0.81
company_02561,Sterling Chemicals 178 LLP,0,0,0,0.0789,None,740,1.8088,4.52,5.6,3.67
company_02562,Zenith Textiles 115 Partnership Firm,0,0,0,0.2424,None,741,0.8989,5.61,3.66,1.87
company_02563,Aditya Chemicals 741 LLP,0,1,1,0.426,circular_trading,735,1.8929,3.43,2.81,1.97
company_02564,Navrachana Pharma 720 Private Limited,1,0,1,0.7364,benami_siphoning,655,0.9377,17.54,36.12,8.96
company_02565,Vanguard Logistics 815 Private Limited,0,1,1,0.501,seasonal_manipulation,714,1.705,11.35,3.96,3.79
company_02566,Navrachana Textiles 338 Partnership Firm,0,0,0,0.1231,None,738,1.0488,4.42,5.87,2.78
company_02567,Sterling Foods 335 LLP,0,0,0,0.1828,None,760,1.5204,3.73,3.04,1.35
company_02568,Hindustan Power 259 Partnership Firm,0,0,0,0.3358,None,788,1.6253,8.44,3.12,4.13
company_02569,Apex Industries 120 Private Limited,0,0,0,0.0157,None,747,1.0945,5.43,4.26,1.74
company_02570,Aditya Industries 163 Private Limited,1,0,1,0.8962,circular_trading,676,0.2,30.94,12.13,9.02
company_02571,Kalyani Builders 148 Partnership Firm,0,0,0,0.0965,None,759,1.3507,3.38,3.74,1.68
company_02572,Infinity Retail 953 Private Limited,0,0,0,0.1957,None,744,1.2666,8.28,6.29,2.64
company_02573,Ambika Chemicals 997 Partnership Firm,1,0,1,0.5623,circular_trading,620,0.8656,14.49,17.6,9.2
company_02574,Tejas Enterprises 627 Private Limited,0,0,0,0.2478,None,832,1.0255,5.99,3.37,2.59
company_02575,Radhe Energy Partnership Firm,0,0,0,0.262,None,797,1.4609,4.25,3.13,2.93
company_02576,Radhe Enterprises 324 LLP,0,0,0,0.0145,None,754,1.5614,10.32,4.26,4.01
company_02577,Shivam Solutions 866 Private Limited,1,0,1,0.9606,evergreening,687,0.713,33.14,22.8,11.23
company_02578,Matrix Chemicals 188 Private Limited,0,0,0,0.2462,None,762,1.0876,2.55,12.9,2.92
company_02579,Kalyani Healthcare 143 LLP,1,0,1,0.9341,revenue_inflation,655,0.3797,32.18,39.71,8.43
company_02580,Tejas Metals 249 Partnership Firm,0,0,0,0.0173,None,718,1.1074,2.44,2.84,2.27
company_02581,Infinity Metals 100 Partnership Firm,0,0,0,0.2432,None,735,1.7864,3.63,6.87,4.39
company_02582,Vanguard Power 440 Private Limited,0,0,0,0.1852,None,742,1.4473,5.43,2.84,1.4
company_02583,Kalyani Chemicals 859 Partnership Firm,0,0,0,0.2401,None,745,1.4376,9.88,3.77,1.12
company_02584,Surya Enterprises 652 Partnership Firm,0,0,0,0.0643,None,726,1.695,2.41,3.53,2.47
company_02585,Ganesh Foods Partnership Firm,0,0,0,0.2842,None,764,2.3268,4.34,5.24,1.91
company_02586,Navrachana Industries 472 LLP,1,0,1,0.9538,benami_siphoning,640,1.9512,30.65,20.81,17.29
company_02587,Vidya Infotech 129 Private Limited,0,0,0,0.1123,None,734,1.3706,4.62,7.92,2.83
company_02588,Infinity Retail 683 Partnership Firm,0,0,0,0.084,None,798,1.6046,4.43,4.03,1.18
company_02589,Radhe Retail 616 Partnership Firm,0,0,0,0.2231,None,774,1.3583,4.22,3.75,3.79
company_02590,Bharat Textiles 986 Private Limited,0,0,0,0.264,None,805,1.6267,7.4,6.19,1.8
company_02591,Vanguard Logistics 272 Private Limited,0,0,0,0.1533,None,763,1.3874,6.7,4.68,2.82
company_02592,Arogya Power 885 LLP,1,0,1,0.8556,benami_siphoning,656,1.5989,24.17,33.21,6.85
company_02593,Bhaskar Industries 910 LLP,0,0,0,0.1977,None,770,1.6894,6.85,3.8,1.31
company_02594,Infinity Textiles 703 Private Limited,1,0,1,0.6591,shell_company,477,1.1198,32.63,24.43,4.47
company_02595,Zenith Renewables 124 LLP,0,0,0,0.3031,None,820,0.808,2.06,3.28,2.08
company_02596,Navrachana Metals 919 LLP,0,0,0,0.1827,None,767,2.1161,6.65,2.69,1.92
company_02597,Vidya Metals 288 Private Limited,0,0,0,0.174,None,791,1.5148,5.96,4.23,1.37
company_02598,Hindustan Industries 810 Private Limited,0,0,0,0.1838,None,688,1.0274,4.77,3.72,2.92
company_02599,Kalyani Infrastructure 282 LLP,0,0,0,0.1616,None,758,1.8343,3.09,4.37,8.68
company_02600,Zenith Infrastructure 851 Private Limited,0,0,0,0.2485,None,709,2.0499,3.64,5.21,3.04
company_02601,Sterling Healthcare 202 Private Limited,0,0,0,0.2446,None,805,1.5588,4.46,4.15,1.38
company_02602,Ganesh Infotech 151 Partnership Firm,1,0,1,0.8783,revenue_inflation,699,0.9302,26.79,31.14,6.37
company_02603,Arogya Healthcare 415 Private Limited,1,0,1,0.8599,benami_siphoning,620,0.8785,15.47,21.79,10.69
company_02604,Hindustan Power 389 Partnership Firm,0,0,0,0.308,None,754,1.2677,2.94,4.37,1.74
company_02605,Delta Infotech 625 Partnership Firm,0,0,0,0.197,None,752,1.4995,3.06,5.0,3.35
company_02606,Shivam Power 884 Private Limited,0,0,0,0.1672,None,779,1.8051,5.68,7.54,0.91
company_02607,Bhaskar Solutions 102 Private Limited,0,0,0,0.301,None,785,1.4438,3.52,3.93,1.25
company_02608,Vidya Energy 674 Partnership Firm,0,0,0,0.0385,None,722,1.1998,4.67,4.43,9.31
company_02609,Hindustan Textiles 478 Partnership Firm,0,0,0,0.2485,None,754,1.4696,5.07,2.75,4.24
company_02610,Apex Retail 851 LLP,0,0,0,0.0995,None,752,1.2703,2.54,5.53,2.5
company_02611,Radhe Industries 478 Private Limited,0,0,0,0.2487,None,759,0.7257,8.14,4.63,1.86
company_02612,Aditya Chemicals 201 Private Limited,0,0,0,0.2198,None,758,0.9611,5.01,2.53,1.37
company_02613,Infinity Pharma 850 Private Limited,0,0,0,0.1573,None,759,1.1087,3.73,4.27,3.37
company_02614,Hindustan Infotech 100 Partnership Firm,0,0,0,0.0526,None,778,1.2902,2.45,3.49,2.09
company_02615,Kalyani Enterprises Partnership Firm,1,0,1,0.9351,circular_trading,644,0.6837,34.52,29.09,6.88
company_02616,Bhaskar Pharma 976 LLP,0,0,0,0.3095,None,711,1.1053,5.87,4.24,3.89
company_02617,Matrix Automotive 291 Partnership Firm,0,0,0,0.0606,None,713,1.3878,5.43,4.0,1.86
company_02618,Arogya Renewables 273 LLP,0,0,0,0.0487,None,761,1.2145,3.72,3.92,2.36
company_02619,Apex Foods 388 Partnership Firm,0,0,0,0.1739,None,730,1.7968,3.74,4.67,2.97
company_02620,Bhaskar Foods 420 Private Limited,0,0,0,0.2166,None,753,1.6329,1.97,2.65,2.62
company_02621,Surya Renewables 855 LLP,0,0,0,0.2315,None,787,1.203,3.57,13.07,1.22
company_02622,Sterling Metals 565 Partnership Firm,1,0,1,0.5991,revenue_inflation,668,0.1994,22.97,30.54,4.04
company_02623,Navrachana Infotech 302 LLP,0,0,0,0.2165,None,779,0.8135,3.83,4.45,1.84
company_02624,Apex Power 611 LLP,0,0,0,0.0617,None,705,1.6789,3.08,3.36,3.03
company_02625,Apex Solutions 204 Private Limited,1,0,1,0.5754,benami_siphoning,661,0.8086,9.63,38.27,5.83
company_02626,Kalyani Infrastructure 451 Private Limited,0,0,0,0.0974,None,750,1.907,5.76,8.47,2.78
company_02627,Shivam Builders 172 LLP,0,0,0,0.3243,None,752,1.4079,3.72,5.75,2.49
company_02628,Bharat Renewables 124 Private Limited,0,0,0,0.074,None,755,0.9123,5.38,7.52,1.61
company_02629,Bharat Enterprises 221 Private Limited,0,0,0,0.3006,None,828,1.6646,5.73,6.13,1.0
company_02630,Radhe Infotech 200 Private Limited,1,0,1,0.5252,seasonal_manipulation,672,1.1779,23.6,11.15,4.79
company_02631,Hindustan Automotive 330 Partnership Firm,0,0,0,0.014,None,806,1.5187,3.45,2.92,0.95
company_02632,Infinity Logistics 635 Partnership Firm,0,0,0,0.1448,None,748,1.0431,4.18,5.14,0.47
company_02633,Sterling Power 889 LLP,0,0,0,0.029,None,760,1.2378,3.13,2.96,2.31
company_02634,Aditya Foods 600 LLP,0,0,0,0.1825,None,765,1.7276,3.82,3.98,2.34
company_02635,Urja Healthcare 648 LLP,0,0,0,0.3041,None,777,0.8399,2.14,2.91,1.57
company_02636,Infinity Infrastructure 702 LLP,0,0,0,0.1484,None,742,1.4829,4.37,3.86,4.94
company_02637,Vidya Logistics 461 Private Limited,0,0,0,0.069,None,776,1.0853,3.22,3.61,4.73
company_02638,Vanguard Metals 514 LLP,0,0,0,0.1141,None,774,1.0897,3.08,2.74,4.57
company_02639,Sterling Foods 943 Private Limited,0,0,0,0.2558,None,721,1.0274,2.34,4.36,2.52
company_02640,Vidya Retail 224 Partnership Firm,0,0,0,0.1267,None,733,1.1639,4.37,6.68,2.06
company_02641,Kalyani Infrastructure 182 Private Limited,0,0,0,0.2909,None,699,1.419,3.91,4.38,2.71
company_02642,Vanguard Builders 905 LLP,1,0,1,0.6419,benami_siphoning,606,0.9138,9.56,32.62,5.08
company_02643,Kalyani Pharma LLP,0,0,0,0.2699,None,730,1.6034,5.1,3.74,3.12
company_02644,Sterling Enterprises 257 Partnership Firm,0,0,0,0.028,None,732,1.1149,1.42,4.26,2.06
company_02645,Radhe Logistics LLP,0,0,0,0.2532,None,822,1.0363,4.83,5.67,0.22
company_02646,Tejas Textiles 882 Private Limited,0,0,0,0.1446,None,765,0.9472,4.62,3.21,1.47
company_02647,Bharat Industries Private Limited,0,0,0,0.0973,None,742,1.4503,7.75,3.99,1.94
company_02648,Navrachana Infrastructure 140 LLP,0,0,0,0.3494,None,812,2.5028,2.66,4.58,5.05
company_02649,Zenith Textiles 651 LLP,0,0,0,0.1182,None,795,1.6047,3.67,3.04,1.88
company_02650,Zenith Pharma 650 Partnership Firm,0,0,0,0.2866,None,749,1.6183,5.78,3.49,1.88
company_02651,Shivam Energy Private Limited,0,0,0,0.127,None,793,1.1434,4.41,4.85,0.93
company_02652,Shivam Energy 363 LLP,0,0,0,0.0482,None,838,1.6733,6.91,2.8,0.35
company_02653,Delta Renewables 943 Private Limited,1,0,1,0.9515,revenue_inflation,705,1.0142,37.01,27.29,15.22
company_02654,Ambika Logistics 127 Private Limited,1,0,1,0.9573,benami_siphoning,696,1.3709,17.32,29.37,12.64
company_02655,Ambika Foods 603 LLP,0,0,0,0.1066,None,784,1.8252,3.36,3.79,3.16
company_02656,Bharat Logistics 122 LLP,0,0,0,0.1821,None,796,0.7373,2.49,2.65,4.85
company_02657,Kalyani Automotive 238 Private Limited,1,0,1,0.5911,revenue_inflation,631,0.7236,22.98,32.62,5.18
company_02658,Karan Foods 792 Private Limited,0,0,0,0.0539,None,740,1.3846,1.66,2.95,1.84
company_02659,Tejas Foods 648 Partnership Firm,0,0,0,0.1664,None,766,1.1387,3.79,4.44,2.04
company_02660,Tejas Pharma 121 Private Limited,0,0,0,0.0119,None,738,0.8128,4.78,4.4,2.26
company_02661,Vanguard Retail 764 Partnership Firm,0,0,0,0.1701,None,696,2.6234,4.32,4.61,2.84
company_02662,Urja Industries 559 Partnership Firm,0,0,0,0.0371,None,807,1.7068,4.67,4.26,0.82
company_02663,Matrix Retail 169 Partnership Firm,1,0,1,0.978,seasonal_manipulation,665,1.4329,36.75,11.67,17.69
company_02664,Sterling Chemicals 260 Private Limited,0,0,0,0.2727,None,696,1.1068,4.03,8.2,3.12
company_02665,Urja Logistics Private Limited,1,0,1,0.9534,seasonal_manipulation,670,0.9472,30.55,10.92,7.81
company_02666,Arogya Enterprises LLP,0,0,0,0.0798,None,758,1.142,7.29,5.01,1.3
company_02667,Vanguard Healthcare 837 LLP,0,0,0,0.2403,None,739,1.0406,2.58,3.8,2.28
company_02668,Ganesh Renewables 450 LLP,0,0,0,0.2241,None,788,1.7021,7.94,4.69,1.67
company_02669,Vanguard Pharma Private Limited,0,1,1,0.4267,revenue_inflation,736,1.2456,10.14,2.92,1.33
company_02670,Aditya Enterprises 721 LLP,0,0,0,0.285,None,687,1.7441,3.9,3.47,4.44
company_02671,Hindustan Textiles 671 LLP,0,0,0,0.3085,None,745,2.0502,3.37,5.9,2.32
company_02672,Bharat Automotive 564 LLP,0,0,0,0.0801,None,760,1.2193,1.9,4.64,1.42
company_02673,Aditya Foods 349 Partnership Firm,0,0,0,0.2864,None,793,1.2217,1.87,8.39,3.51
company_02674,Surya Retail 882 Private Limited,0,0,0,0.1175,None,710,1.465,3.34,5.23,1.71
company_02675,Tejas Textiles 721 LLP,0,0,0,0.0291,None,747,1.4624,8.54,3.06,2.78
company_02676,Aditya Automotive 825 Partnership Firm,0,0,0,0.0347,None,748,1.3557,3.37,2.92,1.44
company_02677,Aditya Healthcare 481 Partnership Firm,0,0,0,0.1025,None,675,1.1168,5.41,4.55,2.31
company_02678,Surya Logistics 987 Private Limited,0,0,0,0.0629,None,797,1.3568,6.67,7.17,1.38
company_02679,Matrix Infotech 443 LLP,0,0,0,0.2791,None,701,1.5459,3.53,3.65,3.59
company_02680,Surya Energy 501 Partnership Firm,0,0,0,0.2149,None,790,1.2282,4.0,3.78,0.96
company_02681,Karan Logistics 801 Partnership Firm,0,0,0,0.1878,None,838,1.5242,7.84,4.1,0.12
company_02682,Infinity Metals 873 Private Limited,0,0,0,0.0244,None,766,1.958,3.5,11.52,2.64
company_02683,Sterling Energy 637 Private Limited,0,0,0,0.3332,None,811,1.342,4.43,3.95,1.27
company_02684,Navrachana Solutions 247 Private Limited,0,0,0,0.0913,None,695,2.354,3.89,3.93,2.13
company_02685,Delta Energy Private Limited,0,0,0,0.1736,None,760,0.9861,4.26,7.24,1.55
company_02686,Ambika Retail 727 LLP,0,1,1,0.5183,circular_trading,783,1.2348,3.14,5.63,2.91
company_02687,Zenith Textiles 276 Partnership Firm,0,0,0,0.0884,None,797,1.4365,4.95,2.74,1.88
company_02688,Navrachana Solutions LLP,0,0,0,0.2415,None,729,1.2573,2.43,4.25,2.28
company_02689,Kalyani Chemicals 762 Private Limited,1,0,1,0.8845,evergreening,698,1.183,31.62,10.78,14.23
company_02690,Matrix Chemicals 854 Partnership Firm,0,0,0,0.0366,None,758,0.9874,5.95,3.18,1.69
company_02691,Bhaskar Builders 197 Partnership Firm,0,0,0,0.1428,None,727,2.0804,2.7,8.15,3.08
company_02692,Kalyani Healthcare 223 LLP,0,0,0,0.0694,None,723,1.0899,9.34,2.79,2.07
company_02693,Apex Logistics LLP,0,0,0,0.2972,None,768,1.3395,6.92,3.63,5.0
company_02694,Radhe Industries 900 LLP,1,0,1,0.95,revenue_inflation,635,0.9331,24.21,28.76,14.1
company_02695,Vanguard Builders 324 Partnership Firm,0,0,0,0.2198,None,744,1.8355,4.89,3.83,2.97
company_02696,Zenith Logistics 718 LLP,0,0,0,0.1124,None,831,1.1499,4.05,4.04,0.86
company_02697,Ambika Builders Partnership Firm,0,0,0,0.0643,None,739,1.8741,7.04,4.11,1.95
company_02698,Arogya Pharma 335 LLP,0,0,0,0.2919,None,702,0.6646,4.22,3.73,1.81
company_02699,Radhe Chemicals 450 Partnership Firm,0,0,0,0.2961,None,679,1.7138,3.41,2.72,3.27
company_02700,Tejas Infrastructure 115 LLP,1,0,1,0.9818,shell_company,502,1.1935,65.6,36.88,11.02
company_02701,Ganesh Healthcare 773 Private Limited,0,0,0,0.1281,None,747,2.3566,5.27,3.74,2.32
company_02702,Sterling Industries 137 LLP,0,0,0,0.1169,None,763,1.5577,3.21,5.38,2.88
company_02703,Navrachana Healthcare 141 LLP,0,0,0,0.03,None,746,1.479,2.45,4.21,1.7
company_02704,Hindustan Enterprises 954 LLP,0,0,0,0.2124,None,816,1.6421,5.69,4.72,0.58
company_02705,Zenith Power 792 LLP,0,0,0,0.0585,None,660,0.8633,7.57,3.16,2.75
company_02706,Bhaskar Solutions 881 LLP,0,0,0,0.3036,None,815,3.0995,4.88,8.29,4.06
company_02707,Bharat Chemicals 617 Private Limited,0,0,0,0.3397,None,731,1.4437,1.56,2.4,1.82
company_02708,Zenith Metals 571 LLP,0,0,0,0.0227,None,736,2.0416,3.85,2.89,5.55
company_02709,Bharat Chemicals 258 Partnership Firm,0,0,0,0.0265,None,762,2.2464,6.74,7.39,2.3
company_02710,Infinity Renewables 368 LLP,0,0,0,0.0414,None,720,1.7292,3.04,2.45,1.22
company_02711,Vidya Logistics 518 LLP,0,0,0,0.2004,None,766,1.5463,8.73,3.81,1.95
company_02712,Delta Foods 565 Private Limited,0,0,0,0.3157,None,754,1.4983,4.12,4.91,3.99
company_02713,Urja Industries 180 LLP,0,0,0,0.3056,None,754,1.2781,12.81,4.82,2.4
company_02714,Delta Logistics 288 Partnership Firm,0,0,0,0.0262,None,767,0.9235,7.1,3.76,1.71
company_02715,Ambika Energy 427 LLP,0,0,0,0.2303,None,760,1.1576,2.15,3.02,5.27
company_02716,Ganesh Retail 778 Partnership Firm,0,0,0,0.0309,None,765,1.2584,9.86,3.13,1.31
company_02717,Sterling Enterprises 340 Private Limited,1,0,1,0.9483,circular_trading,651,0.714,23.58,25.05,7.91
company_02718,Delta Builders Private Limited,1,0,1,0.7438,circular_trading,613,1.0265,19.96,19.0,6.57
company_02719,Hindustan Industries 636 LLP,0,0,0,0.1744,None,771,1.4699,3.13,3.59,2.55
company_02720,Shivam Infrastructure 560 LLP,0,0,0,0.255,None,716,1.9322,7.65,3.11,1.42
company_02721,Navrachana Industries 302 Private Limited,0,0,0,0.3301,None,760,1.4825,4.2,2.79,2.83
company_02722,Sterling Solutions 366 LLP,0,0,0,0.2844,None,761,1.4874,7.24,6.83,3.23
company_02723,Navrachana Retail 362 Partnership Firm,0,0,0,0.1775,None,755,2.4513,2.75,3.8,2.75
company_02724,Zenith Pharma 786 Partnership Firm,0,0,0,0.0235,None,716,0.4921,3.25,7.63,3.81
company_02725,Vidya Infrastructure 283 LLP,0,1,1,0.7279,circular_trading,734,1.1714,8.15,4.76,1.44
company_02726,Bharat Logistics 877 LLP,0,0,0,0.0974,None,716,1.6338,7.1,4.09,2.63
company_02727,Radhe Builders 155 LLP,0,0,0,0.3263,None,701,1.4357,4.58,3.06,2.34
company_02728,Tejas Healthcare 782 LLP,0,0,0,0.327,None,752,1.2449,10.35,6.14,0.99
company_02729,Surya Energy 775 LLP,0,0,0,0.0546,None,806,1.3889,2.41,2.55,0.78
company_02730,Radhe Renewables 787 LLP,0,0,0,0.2454,None,779,1.7055,6.29,5.42,0.86
company_02731,Arogya Renewables 369 LLP,0,0,0,0.2194,None,726,1.8182,3.53,3.57,2.86
company_02732,Karan Healthcare Partnership Firm,0,0,0,0.0553,None,750,0.8242,4.03,3.89,2.49
company_02733,Urja Enterprises 321 Partnership Firm,0,0,0,0.1466,None,674,1.6369,3.14,3.18,3.35
company_02734,Zenith Builders 338 Private Limited,0,0,0,0.1304,None,806,1.8738,2.06,3.65,1.44
company_02735,Vanguard Retail 193 LLP,0,0,0,0.0532,None,732,1.6747,2.66,2.72,2.23
company_02736,Aditya Automotive 607 LLP,0,0,0,0.2026,None,774,1.3019,5.06,3.97,2.77
company_02737,Vanguard Enterprises Partnership Firm,0,0,0,0.0702,None,766,1.7043,2.24,3.0,1.62
company_02738,Bharat Builders 285 Private Limited,0,0,0,0.1986,None,707,1.6711,11.66,5.14,3.07
company_02739,Shivam Renewables 684 Partnership Firm,1,0,1,0.5339,benami_siphoning,679,1.055,21.83,32.23,4.05
company_02740,Hindustan Industries 479 Private Limited,0,0,0,0.0598,None,717,1.7539,2.64,3.78,1.92
company_02741,Bharat Logistics 377 LLP,0,0,0,0.0885,None,790,0.9949,9.02,4.49,0.91
company_02742,Arogya Power 752 Partnership Firm,0,0,0,0.0441,None,787,1.354,5.4,3.34,0.96
company_02743,Karan Retail 169 Partnership Firm,0,0,0,0.158,None,722,1.7302,3.69,8.47,1.84
company_02744,Bhaskar Logistics 112 Partnership Firm,1,0,1,0.5356,evergreening,709,1.017,13.43,9.66,12.19
company_02745,Urja Solutions 524 Private Limited,0,0,0,0.0678,None,799,2.082,4.55,4.25,2.52
company_02746,Arogya Metals LLP,0,0,0,0.1286,None,712,1.6761,4.86,8.17,2.63
company_02747,Tejas Infrastructure 423 LLP,0,0,0,0.2996,None,743,1.9425,1.98,3.72,1.96
company_02748,Matrix Metals 556 Private Limited,0,0,0,0.1028,None,773,1.4332,4.1,6.0,1.65
company_02749,Vidya Solutions 155 LLP,1,0,1,0.542,shell_company,485,1.4828,36.02,26.59,5.75
company_02750,Ambika Logistics 718 Partnership Firm,0,1,1,0.4503,circular_trading,744,1.5012,6.37,3.16,2.66
company_02751,Hindustan Pharma LLP,0,0,0,0.2589,None,704,0.8417,5.79,4.84,2.58
company_02752,Ambika Infrastructure 860 LLP,0,0,0,0.2951,None,793,1.7044,3.04,7.1,0.47
company_02753,Bhaskar Solutions 637 Private Limited,0,0,0,0.0377,None,771,1.37,2.82,2.56,2.6
company_02754,Tejas Infrastructure 974 LLP,0,0,0,0.2982,None,749,1.0184,3.23,3.45,3.03
company_02755,Urja Healthcare 716 Partnership Firm,0,0,0,0.2822,None,780,2.5617,3.93,3.0,3.16
company_02756,Surya Solutions 757 Private Limited,0,0,0,0.2188,None,727,1.6515,2.54,4.78,2.97
company_02757,Zenith Chemicals 843 Private Limited,0,0,0,0.1815,None,684,1.2241,1.81,2.67,2.64
company_02758,Radhe Infotech 670 Private Limited,0,0,0,0.3438,None,741,1.5438,3.58,3.68,2.88
company_02759,Ambika Logistics LLP,0,0,0,0.2844,None,769,1.4376,9.61,4.36,1.78
company_02760,Sterling Energy 391 Partnership Firm,0,0,0,0.0985,None,715,1.9685,4.01,3.85,3.23
company_02761,Matrix Healthcare 154 Private Limited,0,0,0,0.3041,None,741,1.4199,12.69,5.03,3.75
company_02762,Vanguard Logistics 793 LLP,0,0,0,0.2322,None,762,1.9921,2.79,5.03,2.99
company_02763,Sterling Metals 600 LLP,0,0,0,0.2927,None,687,0.81,4.52,5.78,3.41
company_02764,Karan Healthcare 909 Private Limited,0,0,0,0.1512,None,798,1.2897,4.41,4.65,1.9
company_02765,Ganesh Logistics 536 LLP,0,0,0,0.197,None,744,1.9844,6.42,5.53,2.67
company_02766,Kalyani Logistics 534 Partnership Firm,0,0,0,0.0772,None,709,1.3282,6.24,3.77,2.83
company_02767,Matrix Foods 240 LLP,0,0,0,0.0811,None,738,1.6199,3.87,8.87,3.92
company_02768,Karan Solutions 899 Partnership Firm,1,0,1,0.5694,benami_siphoning,661,1.1632,8.03,30.15,7.03
company_02769,Ganesh Textiles 393 Partnership Firm,0,0,0,0.129,None,797,1.423,7.83,3.46,0.0
company_02770,Kalyani Energy 161 LLP,0,0,0,0.108,None,831,1.5091,10.0,3.34,0.47
company_02771,Matrix Foods 988 LLP,0,0,0,0.1957,None,783,1.656,5.21,3.03,2.37
company_02772,Arogya Solutions 659 Private Limited,0,0,0,0.0619,None,744,1.1534,11.22,3.77,1.34
company_02773,Zenith Builders 342 LLP,0,0,0,0.1566,None,765,1.6295,6.67,5.44,0.83
company_02774,Arogya Retail 242 Private Limited,0,1,1,0.7112,benami_siphoning,769,2.1217,7.49,3.03,3.25
company_02775,Kalyani Builders 860 Partnership Firm,0,0,0,0.0601,None,748,1.0933,5.46,3.17,4.19
company_02776,Surya Renewables 841 Partnership Firm,0,0,0,0.2752,None,759,1.7395,5.35,3.95,2.49
company_02777,Ambika Renewables 698 LLP,1,0,1,0.9021,circular_trading,732,0.3688,46.47,26.0,6.41
company_02778,Karan Infotech 400 LLP,0,0,0,0.3077,None,757,1.4741,4.37,4.52,2.12
company_02779,Aditya Retail 248 Private Limited,0,0,0,0.0929,None,740,1.3981,5.98,6.43,4.37
company_02780,Delta Infotech 980 Partnership Firm,0,0,0,0.3357,None,717,1.9179,6.04,6.13,3.22
company_02781,Hindustan Builders Private Limited,0,0,0,0.0314,None,635,1.6486,6.7,5.99,4.94
company_02782,Sterling Solutions 806 LLP,0,0,0,0.1747,None,747,1.2979,1.02,1.98,2.14
company_02783,Kalyani Builders 714 Private Limited,0,0,0,0.0327,None,783,1.2454,3.63,4.26,3.46
company_02784,Radhe Infotech 249 Partnership Firm,0,0,0,0.2031,None,756,1.3383,2.4,3.48,2.39
company_02785,Zenith Textiles 332 Partnership Firm,0,0,0,0.149,None,785,1.2536,8.0,3.5,2.43
company_02786,Infinity Energy 552 LLP,0,0,0,0.0147,None,709,1.6634,4.34,3.61,6.27
company_02787,Radhe Healthcare 906 Partnership Firm,0,0,0,0.1808,None,778,1.0096,7.65,3.04,1.14
company_02788,Infinity Automotive 344 Partnership Firm,1,0,1,0.8738,benami_siphoning,681,1.649,26.96,23.41,8.19
company_02789,Karan Logistics 560 LLP,0,0,0,0.0179,None,763,0.8105,7.32,2.75,1.91
company_02790,Surya Power 193 LLP,0,0,0,0.2698,None,751,0.9284,3.57,3.6,3.39
company_02791,Shivam Automotive 247 LLP,0,0,0,0.1175,None,717,1.4883,6.55,6.27,2.18
company_02792,Sterling Textiles 962 Private Limited,0,0,0,0.1818,None,847,2.0476,4.0,4.15,2.25
company_02793,Urja Infrastructure Partnership Firm,1,0,1,0.932,benami_siphoning,587,1.1851,22.96,32.39,7.2
company_02794,Zenith Solutions 607 Private Limited,0,0,0,0.0855,None,709,1.503,6.38,3.8,2.36
company_02795,Matrix Pharma 638 Private Limited,0,0,0,0.1063,None,720,2.2621,7.48,4.47,1.36
company_02796,Navrachana Automotive 824 Private Limited,0,0,0,0.1996,None,780,1.4508,4.48,4.15,1.62
company_02797,Shivam Solutions 538 Partnership Firm,0,0,0,0.2891,None,718,1.8942,6.06,5.21,2.21
company_02798,Apex Healthcare 540 Private Limited,1,0,1,0.9388,shell_company,470,1.2851,67.38,31.03,7.65
company_02799,Delta Solutions 858 LLP,0,0,0,0.1409,None,761,1.0738,6.54,3.24,1.57
company_02800,Tejas Energy 636 Private Limited,1,0,1,0.8539,shell_company,537,1.5074,41.85,32.74,9.78
company_02801,Ganesh Retail 562 Private Limited,0,0,0,0.11,None,791,0.8477,4.65,3.33,1.55
company_02802,Apex Infotech 985 LLP,0,0,0,0.32,None,793,2.6128,4.15,5.91,1.2
company_02803,Surya Energy 655 Partnership Firm,0,0,0,0.1571,None,731,1.4602,8.58,2.77,3.2
company_02804,Surya Infotech 258 LLP,0,0,0,0.1985,None,679,0.7894,4.87,3.28,3.65
company_02805,Tejas Infotech 496 LLP,0,0,0,0.3252,None,740,1.4975,7.06,6.74,1.8
company_02806,Kalyani Builders 648 LLP,0,0,0,0.3261,None,790,1.5688,3.99,3.44,0.96
company_02807,Radhe Healthcare 952 LLP,0,0,0,0.0388,None,785,1.3041,2.16,5.27,2.89
company_02808,Delta Solutions 966 LLP,0,0,0,0.0972,None,710,2.2341,9.17,5.09,4.27
company_02809,Tejas Metals 942 LLP,0,0,0,0.1812,None,752,1.5933,8.48,4.78,1.62
company_02810,Radhe Textiles 779 LLP,0,0,0,0.1614,None,794,1.0922,4.73,5.2,0.3
company_02811,Delta Power 635 Private Limited,0,0,0,0.1744,None,808,1.1343,2.67,2.89,3.56
company_02812,Vidya Logistics 941 Private Limited,0,0,0,0.1147,None,778,1.1108,8.03,5.71,2.23
company_02813,Matrix Infotech 460 LLP,0,1,1,0.5888,shell_company,767,1.3853,2.89,5.77,2.31
company_02814,Arogya Solutions 290 Private Limited,0,0,0,0.2741,None,742,1.3246,6.45,4.23,4.97
company_02815,Tejas Infrastructure Partnership Firm,1,0,1,0.5093,shell_company,598,1.2256,37.47,19.37,4.14
company_02816,Arogya Pharma 132 Private Limited,0,0,0,0.2335,None,633,1.2473,2.28,5.74,2.88
company_02817,Zenith Power 766 Private Limited,0,0,0,0.1672,None,715,1.561,8.67,5.81,1.83
company_02818,Apex Metals 892 Private Limited,1,0,1,0.9216,revenue_inflation,685,1.4996,67.74,40.92,7.85
company_02819,Karan Builders 204 Partnership Firm,0,0,0,0.3499,None,766,1.3079,6.86,6.49,1.17
company_02820,Shivam Enterprises 457 Partnership Firm,0,0,0,0.0234,None,769,1.5208,3.69,5.08,0.88
company_02821,Matrix Logistics 507 Partnership Firm,1,0,1,0.8005,circular_trading,691,0.2,30.36,15.78,5.15
company_02822,Vidya Logistics 242 Private Limited,1,0,1,0.8643,benami_siphoning,631,0.7926,25.84,22.41,10.55
company_02823,Sterling Healthcare 893 LLP,0,1,1,0.6946,evergreening,751,1.5029,5.31,5.21,2.86
company_02824,Zenith Renewables 605 Partnership Firm,0,0,0,0.2962,None,822,1.5463,4.19,6.84,1.55
company_02825,Tejas Solutions Private Limited,1,0,1,0.9569,evergreening,677,0.2715,20.27,25.13,13.51
company_02826,Vidya Enterprises 831 LLP,0,0,0,0.3042,None,806,1.4915,5.38,6.29,0.45
company_02827,Delta Retail 777 LLP,0,0,0,0.3214,None,630,1.3568,4.45,4.16,3.02
company_02828,Matrix Chemicals 605 Private Limited,0,0,0,0.1209,None,724,1.4153,2.74,5.07,2.01
company_02829,Hindustan Infotech 279 Partnership Firm,0,0,0,0.27,None,731,1.2128,2.76,3.03,1.58
company_02830,Karan Foods 774 LLP,0,0,0,0.3309,None,742,1.6217,3.47,3.17,2.18
company_02831,Kalyani Infotech 988 LLP,0,0,0,0.1253,None,809,1.8015,4.08,4.23,1.33
company_02832,Hindustan Builders LLP,0,0,0,0.1037,None,738,1.3826,6.98,4.35,2.81
company_02833,Arogya Builders 253 Partnership Firm,1,0,1,0.8656,shell_company,514,0.672,40.37,40.61,12.5
company_02834,Urja Industries 356 LLP,0,0,0,0.253,None,790,1.3771,7.13,3.63,3.35
company_02835,Tejas Chemicals 246 Partnership Firm,0,0,0,0.149,None,699,1.3856,8.06,4.55,3.78
company_02836,Vanguard Pharma 731 Private Limited,0,0,0,0.1802,None,706,1.6977,7.97,2.56,3.06
company_02837,Hindustan Textiles 948 Private Limited,0,0,0,0.3172,None,739,1.3699,6.59,2.99,1.59
company_02838,Vanguard Enterprises 771 Private Limited,0,0,0,0.2313,None,696,1.619,4.67,7.94,2.22
company_02839,Navrachana Logistics 512 Partnership Firm,0,0,0,0.0833,None,740,1.3162,7.04,3.75,2.4
company_02840,Shivam Enterprises 861 Private Limited,0,0,0,0.3424,None,788,2.042,5.69,8.33,1.57
company_02841,Apex Logistics 851 Private Limited,0,0,0,0.1117,None,772,1.2841,5.36,3.78,1.69
company_02842,Shivam Healthcare 338 LLP,1,0,1,0.8897,evergreening,688,0.6355,16.25,10.37,15.03
company_02843,Ambika Foods 505 LLP,1,0,1,0.7882,seasonal_manipulation,689,0.6974,31.96,6.26,4.19
company_02844,Sterling Foods 990 Partnership Firm,0,0,0,0.2435,None,766,1.7248,2.44,2.88,2.83
company_02845,Ganesh Builders 216 Partnership Firm,0,0,0,0.2854,None,739,1.4865,3.55,7.35,0.78
company_02846,Urja Energy 583 Private Limited,1,0,1,0.6692,revenue_inflation,705,1.3903,17.8,26.33,3.45
company_02847,Ganesh Automotive 618 Partnership Firm,0,0,0,0.1484,None,709,1.2411,7.53,6.26,2.07
company_02848,Surya Enterprises 207 LLP,0,0,0,0.3182,None,747,1.9664,4.68,4.67,4.85
company_02849,Aditya Renewables 327 Partnership Firm,1,0,1,0.9198,circular_trading,584,1.4791,38.27,25.03,7.13
company_02850,Urja Textiles 357 Partnership Firm,0,0,0,0.032,None,823,1.739,9.57,3.98,1.68
company_02851,Kalyani Infotech Partnership Firm,0,1,1,0.6902,benami_siphoning,743,2.043,4.08,3.91,1.61
company_02852,Vanguard Chemicals 299 LLP,0,0,0,0.1248,None,720,0.9419,3.25,3.2,2.66
company_02853,Karan Solutions 579 Private Limited,0,0,0,0.0847,None,772,1.8723,1.95,4.64,6.33
company_02854,Shivam Infotech 897 LLP,0,0,0,0.176,None,702,1.2059,4.48,5.71,3.01
company_02855,Shivam Logistics LLP,0,0,0,0.2166,None,746,1.2318,3.99,2.82,2.3
company_02856,Matrix Foods 452 LLP,1,0,1,0.9309,circular_trading,624,1.0707,21.18,32.87,7.86
company_02857,Sterling Industries Private Limited,0,0,0,0.3138,None,766,1.1249,3.87,3.28,0.84
company_02858,Urja Metals 627 LLP,0,0,0,0.2702,None,706,2.1097,1.76,4.14,2.53
company_02859,Matrix Retail 744 LLP,1,0,1,0.9018,circular_trading,696,1.0904,29.94,22.96,7.81
company_02860,Navrachana Power 793 LLP,0,0,0,0.3091,None,794,1.0961,4.87,4.57,0.7
company_02861,Aditya Renewables 606 Partnership Firm,0,0,0,0.3303,None,729,0.9666,4.94,4.45,1.64
company_02862,Zenith Energy 441 Partnership Firm,1,0,1,0.5061,shell_company,474,1.1248,41.93,31.03,5.23
company_02863,Hindustan Builders 111 LLP,0,1,1,0.4684,revenue_inflation,807,1.5798,8.11,2.5,1.91
company_02864,Delta Builders 500 Partnership Firm,0,0,0,0.2946,None,760,1.1537,4.21,2.88,2.52
company_02865,Sterling Solutions 366 Private Limited,0,0,0,0.1556,None,747,1.8013,3.87,3.12,1.0
company_02866,Vidya Pharma 639 Partnership Firm,0,0,0,0.2051,None,725,1.3397,4.38,4.86,2.52
company_02867,Vanguard Chemicals 799 Partnership Firm,0,1,1,0.5478,revenue_inflation,733,1.3944,3.26,3.76,2.58
company_02868,Shivam Builders 709 Partnership Firm,0,0,0,0.1722,None,713,1.2951,5.69,3.51,2.2
company_02869,Vanguard Infrastructure 241 LLP,0,1,1,0.5748,benami_siphoning,760,1.7319,2.65,5.82,2.26
company_02870,Ambika Pharma 960 LLP,0,0,0,0.2745,None,758,1.3695,4.93,8.64,9.62
company_02871,Infinity Automotive 314 Private Limited,0,0,0,0.2319,None,713,1.6047,7.5,3.53,2.91
company_02872,Vanguard Enterprises 195 Partnership Firm,0,0,0,0.1573,None,728,1.8115,3.0,9.84,3.07
company_02873,Bharat Renewables 794 LLP,1,0,1,0.5423,evergreening,622,1.0363,12.15,13.41,14.26
company_02874,Bhaskar Renewables 160 Partnership Firm,0,0,0,0.3473,None,774,1.5383,5.37,3.35,1.83
company_02875,Karan Solutions 147 Private Limited,0,0,0,0.2256,None,694,1.011,6.9,3.5,4.84
company_02876,Infinity Builders Private Limited,0,0,0,0.2214,None,710,1.8599,4.27,4.85,5.57
company_02877,Urja Metals 967 Private Limited,0,0,0,0.0465,None,778,0.905,2.63,3.66,2.76
company_02878,Apex Renewables 906 LLP,1,0,1,0.8529,revenue_inflation,709,1.0777,23.68,28.53,8.01
company_02879,Kalyani Metals 483 Private Limited,0,0,0,0.089,None,830,1.0681,4.23,5.45,1.58
company_02880,Matrix Foods 406 LLP,0,0,0,0.1726,None,747,2.2081,5.72,4.33,2.74
company_02881,Ganesh Pharma Partnership Firm,0,0,0,0.3127,None,772,0.642,6.71,3.83,2.72
company_02882,Kalyani Infrastructure 905 Private Limited,1,0,1,0.9766,seasonal_manipulation,695,1.4084,23.44,17.97,7.59
company_02883,Hindustan Pharma 806 LLP,1,0,1,0.776,benami_siphoning,642,0.9832,13.94,23.53,5.21
company_02884,Zenith Textiles 338 Partnership Firm,0,0,0,0.1379,None,719,1.6115,5.88,3.37,1.77
company_02885,Shivam Logistics 515 Private Limited,0,0,0,0.1397,None,727,1.7543,3.0,6.54,1.97
company_02886,Tejas Infrastructure 709 Partnership Firm,0,0,0,0.075,None,688,1.754,3.58,6.54,2.38
company_02887,Tejas Builders 475 Partnership Firm,0,0,0,0.2183,None,769,2.1946,4.48,6.81,4.57
company_02888,Shivam Automotive 223 Partnership Firm,0,0,0,0.2596,None,731,1.6759,9.15,4.06,2.83
company_02889,Tejas Enterprises 355 LLP,0,0,0,0.254,None,773,1.5058,1.16,3.32,2.11
company_02890,Surya Energy 205 Private Limited,0,0,0,0.3238,None,814,2.5914,3.07,3.04,0.83
company_02891,Urja Builders 643 Private Limited,0,0,0,0.2266,None,756,1.2576,4.36,3.3,3.18
company_02892,Ambika Enterprises 970 Private Limited,0,0,0,0.1568,None,731,1.5048,2.52,2.88,2.4
company_02893,Shivam Automotive 989 Partnership Firm,0,0,0,0.2999,None,708,1.4219,7.28,3.54,2.73
company_02894,Arogya Infotech 185 Partnership Firm,0,0,0,0.328,None,815,1.1599,5.9,5.57,2.41
company_02895,Shivam Energy 744 LLP,0,0,0,0.042,None,819,1.8234,2.36,2.72,2.82
company_02896,Shivam Industries 887 LLP,0,0,0,0.0467,None,731,1.4565,4.08,2.28,2.16
company_02897,Tejas Industries 504 LLP,0,1,1,0.43,circular_trading,776,1.4375,3.72,3.46,2.01
company_02898,Radhe Textiles 337 Partnership Firm,1,0,1,0.9772,revenue_inflation,640,1.3823,29.24,40.16,14.52
company_02899,Apex Infotech 278 Private Limited,0,0,0,0.1152,None,849,1.5557,4.39,2.53,0.6
company_02900,Apex Infotech 301 Private Limited,0,0,0,0.1443,None,814,1.1882,4.57,2.87,2.15
company_02901,Vidya Energy 813 Private Limited,0,0,0,0.1475,None,733,1.4068,5.4,4.12,3.54
company_02902,Ganesh Retail 336 LLP,0,0,0,0.3037,None,728,1.3244,8.3,3.29,1.38
company_02903,Vidya Automotive 954 LLP,0,0,0,0.1855,None,755,1.7244,3.98,4.39,1.44
company_02904,Shivam Industries 410 LLP,0,0,0,0.1709,None,819,1.3383,2.88,3.73,3.19
company_02905,Ambika Retail 898 LLP,1,0,1,0.941,benami_siphoning,624,1.0093,20.72,33.34,10.54
company_02906,Bhaskar Energy Private Limited,0,0,0,0.1551,None,733,1.5544,6.72,2.7,4.27
company_02907,Navrachana Industries 721 LLP,0,0,0,0.2303,None,731,1.6203,3.55,6.04,1.75
company_02908,Ambika Metals 440 LLP,0,0,0,0.3133,None,796,1.4522,4.55,5.07,0.62
company_02909,Tejas Enterprises 493 LLP,0,0,0,0.1276,None,794,2.4431,4.45,3.5,1.4
company_02910,Bharat Builders 677 LLP,1,0,1,0.9559,circular_trading,707,0.6246,27.26,17.37,6.86
company_02911,Bharat Healthcare 560 Private Limited,1,0,1,0.8617,shell_company,598,0.4485,62.67,26.78,9.82
company_02912,Tejas Infotech 756 LLP,0,0,0,0.24,None,790,1.1332,3.25,3.12,1.62
company_02913,Ambika Builders 105 Private Limited,0,0,0,0.1998,None,738,1.2258,3.85,3.08,3.07
company_02914,Zenith Industries 455 Partnership Firm,0,0,0,0.3145,None,717,0.7963,3.14,6.44,4.51
company_02915,Tejas Solutions Partnership Firm,0,0,0,0.0766,None,723,1.2799,4.32,6.35,2.1
company_02916,Bharat Infotech 935 Partnership Firm,1,0,1,0.8967,seasonal_manipulation,734,1.8632,50.81,14.23,9.41
company_02917,Arogya Pharma 583 Private Limited,0,0,0,0.0693,None,726,1.8466,3.96,4.69,4.19
company_02918,Tejas Industries 896 Partnership Firm,0,0,0,0.2393,None,718,1.375,2.75,2.96,4.35
company_02919,Radhe Solutions 613 Partnership Firm,0,0,0,0.3246,None,754,1.6176,4.24,3.97,2.9
company_02920,Delta Textiles 865 LLP,0,0,0,0.2351,None,750,0.7364,3.93,5.5,1.42
company_02921,Surya Builders 899 Private Limited,0,0,0,0.1026,None,686,0.8781,5.04,3.41,2.65
company_02922,Arogya Solutions 119 Partnership Firm,1,0,1,0.8696,benami_siphoning,655,1.4083,22.23,19.67,17.46
company_02923,Matrix Power Partnership Firm,0,0,0,0.0883,None,705,1.4865,3.49,5.63,2.33
company_02924,Ambika Infotech 899 Partnership Firm,0,0,0,0.037,None,786,1.9277,9.08,3.37,1.47
company_02925,Ganesh Industries 245 Private Limited,0,0,0,0.0716,None,722,1.4937,4.35,4.0,2.14
company_02926,Surya Pharma 906 Partnership Firm,0,0,0,0.0488,None,798,2.0075,16.39,5.4,0.96
company_02927,Vidya Infrastructure 600 LLP,0,0,0,0.1587,None,712,2.0956,10.54,6.96,1.72
company_02928,Zenith Industries 731 Partnership Firm,0,0,0,0.0384,None,659,1.605,3.22,12.62,2.79
company_02929,Matrix Chemicals 803 LLP,0,0,0,0.1557,None,774,1.5358,6.97,5.38,2.35
company_02930,Bharat Pharma 556 Partnership Firm,0,0,0,0.3468,None,784,1.5439,4.06,6.87,3.08
company_02931,Urja Industries 820 Private Limited,0,0,0,0.0119,None,690,1.5611,9.92,4.05,2.67
company_02932,Kalyani Metals 202 Private Limited,0,0,0,0.1343,None,724,1.7773,6.98,5.95,2.58
company_02933,Matrix Enterprises LLP,0,0,0,0.2242,None,805,1.4261,5.11,4.54,3.41
company_02934,Apex Chemicals 111 LLP,0,0,0,0.3276,None,735,1.7738,4.23,7.48,1.98
company_02935,Zenith Foods Partnership Firm,0,0,0,0.0129,None,727,2.3444,4.87,3.47,2.57
company_02936,Bharat Logistics Partnership Firm,0,0,0,0.2166,None,735,2.2619,8.78,5.88,3.64
company_02937,Radhe Pharma 664 Private Limited,0,0,0,0.235,None,743,1.6455,6.37,3.78,3.25
company_02938,Matrix Energy Private Limited,0,0,0,0.0391,None,702,0.8004,4.43,3.44,1.84
company_02939,Arogya Solutions LLP,1,0,1,0.8727,revenue_inflation,640,0.7158,25.06,33.85,8.81
company_02940,Tejas Foods 817 Partnership Firm,0,0,0,0.3256,None,786,1.1171,4.53,3.22,2.21
company_02941,Vanguard Pharma 980 LLP,0,0,0,0.2205,None,745,1.6927,5.97,4.83,2.67
company_02942,Bhaskar Infrastructure Private Limited,0,0,0,0.1431,None,701,1.0791,6.46,4.04,2.48
company_02943,Vanguard Retail 694 LLP,0,0,0,0.2302,None,796,1.5183,2.22,5.97,2.56
company_02944,Bharat Logistics 231 Partnership Firm,1,0,1,0.5894,benami_siphoning,697,0.9318,12.78,17.07,4.11
company_02945,Navrachana Infotech 179 Private Limited,0,0,0,0.259,None,765,1.5474,5.18,3.99,1.27
company_02946,Tejas Chemicals 430 Partnership Firm,0,0,0,0.2632,None,753,0.8182,4.56,3.98,1.84
company_02947,Radhe Builders 509 LLP,1,0,1,0.9455,circular_trading,667,0.9395,38.91,42.67,7.46
company_02948,Bhaskar Energy 391 LLP,0,0,0,0.1863,None,771,1.971,3.51,3.01,4.1
company_02949,Bhaskar Metals LLP,0,0,0,0.2709,None,777,1.5035,4.46,3.69,2.43
company_02950,Ganesh Logistics Partnership Firm,0,0,0,0.269,None,672,0.8789,7.98,5.27,2.58
company_02951,Shivam Logistics 794 Partnership Firm,0,0,0,0.1576,None,771,1.3659,5.03,3.81,1.34
company_02952,Surya Solutions 721 Private Limited,0,0,0,0.0287,None,781,1.7481,3.11,2.93,3.43
company_02953,Matrix Chemicals 501 Partnership Firm,0,0,0,0.2028,None,695,1.1365,1.9,2.49,2.02
company_02954,Matrix Foods 891 Partnership Firm,1,0,1,0.5042,evergreening,695,0.4216,17.09,6.88,10.26
company_02955,Delta Foods 875 Private Limited,0,0,0,0.3252,None,790,1.4359,2.85,5.63,1.51
company_02956,Hindustan Chemicals 618 Private Limited,1,0,1,0.6907,circular_trading,614,0.8696,21.18,11.91,9.6
company_02957,Arogya Solutions 565 Partnership Firm,0,0,0,0.2616,None,730,0.9778,2.35,2.84,2.51
company_02958,Surya Pharma 694 Private Limited,0,0,0,0.1394,None,795,1.6403,10.26,3.29,1.49
company_02959,Vidya Foods 675 Partnership Firm,0,0,0,0.1157,None,794,1.3537,4.74,4.42,1.95
company_02960,Shivam Automotive 986 Partnership Firm,0,0,0,0.194,None,780,1.4334,2.73,4.51,2.25
company_02961,Sterling Enterprises 410 Partnership Firm,0,0,0,0.0603,None,770,1.0328,6.5,3.79,1.62
company_02962,Tejas Infotech Partnership Firm,1,0,1,0.7548,evergreening,670,0.8467,9.98,6.19,11.21
company_02963,Sterling Solutions 434 Partnership Firm,0,0,0,0.2845,None,746,1.2597,12.98,3.75,1.48
company_02964,Shivam Builders 804 Partnership Firm,0,0,0,0.262,None,783,1.1114,4.41,6.54,0.87
company_02965,Arogya Textiles 210 LLP,0,0,0,0.2558,None,733,1.233,1.97,3.29,7.39
company_02966,Vanguard Textiles 559 Private Limited,0,0,0,0.1651,None,769,1.7345,2.68,2.73,2.77
company_02967,Infinity Foods 955 Partnership Firm,0,0,0,0.1561,None,715,1.2455,6.98,3.78,1.61
company_02968,Bharat Retail 742 Partnership Firm,0,0,0,0.3233,None,791,1.022,3.48,3.02,0.99
company_02969,Apex Automotive 604 Partnership Firm,0,0,0,0.1909,None,721,1.3223,4.04,3.21,5.04
company_02970,Bharat Metals 975 Partnership Firm,0,0,0,0.2987,None,726,1.6752,7.76,9.48,2.29
company_02971,Apex Solutions 738 Private Limited,0,0,0,0.0658,None,760,1.44,5.11,2.93,1.16
company_02972,Infinity Enterprises LLP,0,0,0,0.2195,None,822,1.2411,4.69,3.79,1.03
company_02973,Tejas Builders 909 Partnership Firm,0,0,0,0.3432,None,746,2.9204,1.33,3.81,2.31
company_02974,Radhe Pharma 356 Private Limited,0,0,0,0.2286,None,803,0.9802,5.21,7.81,1.28
company_02975,Hindustan Textiles 817 Private Limited,0,0,0,0.1921,None,748,1.3618,4.28,5.3,1.3
company_02976,Delta Healthcare 578 Partnership Firm,1,0,1,0.9585,revenue_inflation,654,0.5497,34.77,50.35,7.56
company_02977,Kalyani Builders 477 LLP,1,0,1,0.935,evergreening,627,0.4414,32.31,10.13,13.62
company_02978,Ganesh Logistics 641 LLP,0,0,0,0.2216,None,700,1.5678,9.15,3.92,3.36
company_02979,Arogya Infotech 652 Private Limited,0,0,0,0.0643,None,706,2.1298,4.2,4.53,1.96
company_02980,Tejas Builders 475 LLP,0,1,1,0.4599,revenue_inflation,678,0.9856,4.64,4.19,2.9
company_02981,Karan Pharma 383 LLP,0,0,0,0.1625,None,734,1.4128,4.34,4.98,2.04
company_02982,Matrix Textiles 874 Private Limited,0,0,0,0.1115,None,784,1.4103,3.26,3.17,1.54
company_02983,Shivam Chemicals 100 Partnership Firm,0,0,0,0.1327,None,767,1.7942,2.2,3.23,1.82
company_02984,Aditya Enterprises 454 Partnership Firm,0,0,0,0.1763,None,809,1.2394,3.34,5.21,2.57
company_02985,Hindustan Power 334 LLP,0,0,0,0.3036,None,782,1.0476,1.97,4.74,1.58
company_02986,Aditya Pharma 606 Partnership Firm,0,0,0,0.2525,None,691,1.7004,2.62,3.33,2.81
company_02987,Sterling Energy 879 LLP,0,0,0,0.3209,None,821,0.935,2.21,6.72,0.77
company_02988,Delta Infrastructure 222 Partnership Firm,0,0,0,0.1611,None,757,2.0038,6.03,2.78,2.76
company_02989,Bharat Textiles 423 LLP,0,0,0,0.0967,None,766,1.6177,4.0,5.5,1.76
company_02990,Surya Power 259 Partnership Firm,0,0,0,0.2713,None,773,1.6459,2.92,2.95,2.74
company_02991,Zenith Builders 227 LLP,0,0,0,0.326,None,811,1.9721,4.76,3.72,3.59
company_02992,Bhaskar Infotech 874 LLP,0,0,0,0.2504,None,757,0.7192,7.87,3.85,3.75
company_02993,Kalyani Pharma 264 Partnership Firm,0,0,0,0.2848,None,800,1.8036,2.02,2.41,1.78
company_02994,Arogya Retail 814 Private Limited,0,0,0,0.0268,None,716,1.313,7.85,5.18,2.05
company_02995,Vidya Infotech 183 LLP,0,0,0,0.1166,None,729,1.6797,2.07,5.74,1.89
company_02996,Urja Industries 771 Partnership Firm,0,0,0,0.125,None,744,1.7086,4.95,3.86,2.41
company_02997,Aditya Solutions 922 Private Limited,0,1,1,0.4468,shell_company,788,1.4089,2.58,3.56,1.03
company_02998,Urja Retail LLP,0,0,0,0.1717,None,770,1.5813,3.3,3.33,2.0
company_02999,Bharat Renewables 540 LLP,0,0,0,0.1191,None,767,1.381,5.28,4.92,1.9
company_03000,Karan Infotech 945 Partnership Firm,1,0,1,0.6431,revenue_inflation,673,1.6001,32.4,25.65,4.28
company_03001,Kalyani Healthcare 917 Private Limited,0,0,0,0.3301,None,767,1.7047,3.85,4.88,0.82
company_03002,Radhe Pharma 735 Private Limited,0,0,0,0.0411,None,790,1.8879,6.2,5.4,0.96
company_03003,Apex Enterprises 535 LLP,0,0,0,0.0413,None,761,1.8278,4.68,2.95,3.18
company_03004,Infinity Metals LLP,0,0,0,0.1966,None,718,1.6208,4.79,5.02,3.28
company_03005,Shivam Infrastructure 781 Partnership Firm,1,0,1,0.9086,shell_company,494,0.5016,52.58,29.25,9.76
company_03006,Vanguard Retail 101 Partnership Firm,1,0,1,0.892,shell_company,505,0.8141,40.77,42.47,8.71
company_03007,Bhaskar Healthcare 482 LLP,0,0,0,0.1554,None,827,1.2336,5.65,8.5,4.71
company_03008,Navrachana Enterprises 396 Partnership Firm,0,0,0,0.1624,None,739,1.3582,4.41,7.56,1.84
company_03009,Delta Energy 783 LLP,0,0,0,0.3003,None,712,1.5981,9.67,3.77,4.74
company_03010,Shivam Healthcare 500 Partnership Firm,0,1,1,0.4032,revenue_inflation,736,1.6401,3.01,3.63,1.45
company_03011,Radhe Logistics 248 Private Limited,0,0,0,0.3395,None,802,1.0595,3.99,4.11,3.44
company_03012,Infinity Infrastructure 400 LLP,0,0,0,0.0474,None,721,2.0788,3.3,4.89,2.44
company_03013,Urja Logistics 837 LLP,1,0,1,0.8644,evergreening,683,0.4703,22.46,22.66,19.75
company_03014,Ganesh Builders 218 LLP,0,0,0,0.1795,None,787,1.8278,7.87,5.37,1.16
company_03015,Shivam Healthcare 782 LLP,0,0,0,0.1554,None,779,1.1601,6.5,5.37,2.89
company_03016,Urja Energy 535 LLP,0,0,0,0.0653,None,750,1.2147,2.18,2.56,1.71
company_03017,Bhaskar Solutions 995 Partnership Firm,0,0,0,0.2327,None,701,1.5537,4.74,4.71,1.84
company_03018,Karan Foods 398 LLP,0,0,0,0.2091,None,688,0.6526,1.79,3.08,2.19
company_03019,Ambika Logistics 669 Partnership Firm,1,0,1,0.9079,revenue_inflation,698,0.9841,34.35,38.03,8.35
company_03020,Vanguard Industries 761 Private Limited,0,0,0,0.3173,None,755,1.7324,9.04,8.58,2.73
company_03021,Aditya Power 629 Partnership Firm,0,0,0,0.2018,None,796,1.4056,2.47,3.06,0.47
company_03022,Matrix Power 861 LLP,0,0,0,0.1398,None,782,1.4498,2.32,2.74,2.08
company_03023,Zenith Builders 170 Private Limited,0,0,0,0.1846,None,723,0.6712,7.36,3.22,2.89
company_03024,Navrachana Retail 238 Partnership Firm,0,0,0,0.0133,None,790,1.4031,4.48,4.37,1.76
company_03025,Navrachana Power 284 Partnership Firm,0,0,0,0.1184,None,709,1.7041,4.05,2.94,2.05
company_03026,Shivam Energy 713 Private Limited,0,0,0,0.2441,None,811,1.5359,9.8,4.43,0.68
company_03027,Delta Healthcare 532 Partnership Firm,0,0,0,0.325,None,713,2.3009,2.7,2.78,2.52
company_03028,Vanguard Solutions 780 Partnership Firm,1,0,1,0.8748,evergreening,720,0.6447,23.32,23.54,13.33
company_03029,Delta Healthcare 617 Partnership Firm,0,0,0,0.1952,None,801,1.1895,6.17,3.81,3.17
company_03030,Tejas Logistics 851 LLP,0,0,0,0.2658,None,742,1.8434,1.63,11.06,2.13
company_03031,Karan Foods 250 Partnership Firm,0,0,0,0.1693,None,763,0.9827,7.85,6.41,2.3
company_03032,Delta Textiles 226 Partnership Firm,0,0,0,0.0864,None,813,1.5412,4.03,4.18,3.83
company_03033,Vidya Builders 856 Partnership Firm,0,0,0,0.2254,None,756,1.2109,11.68,2.91,4.16
company_03034,Sterling Renewables 336 LLP,0,0,0,0.3346,None,697,1.0553,3.88,6.16,2.64
company_03035,Tejas Automotive Partnership Firm,0,0,0,0.1525,None,696,1.253,4.78,3.96,2.26
company_03036,Radhe Enterprises 917 Partnership Firm,0,0,0,0.1666,None,704,2.2159,3.42,5.7,2.43
company_03037,Ambika Automotive 313 LLP,0,0,0,0.0129,None,707,2.0489,5.09,3.06,1.48
company_03038,Sterling Energy 306 Private Limited,0,0,0,0.2431,None,693,1.4248,1.7,2.2,2.82
company_03039,Zenith Metals 493 Private Limited,0,0,0,0.2734,None,798,1.3414,5.02,3.79,1.55
company_03040,Arogya Industries 979 Private Limited,0,0,0,0.0808,None,732,1.5342,9.0,3.21,3.97
company_03041,Tejas Infotech 137 Private Limited,1,0,1,0.8998,evergreening,713,0.2289,44.69,12.27,19.76
company_03042,Ambika Chemicals 383 Private Limited,0,0,0,0.2672,None,771,1.4179,1.66,3.36,1.29
company_03043,Ambika Retail 532 LLP,0,0,0,0.1457,None,776,1.8326,4.36,3.37,1.94
company_03044,Ganesh Logistics 820 Private Limited,0,0,0,0.2713,None,683,1.9216,2.19,2.71,1.96
company_03045,Zenith Builders 476 Private Limited,1,0,1,0.6126,revenue_inflation,582,0.9384,30.27,30.74,10.36
company_03046,Ambika Infotech 765 LLP,0,0,0,0.1142,None,738,1.5149,3.66,3.72,4.2
company_03047,Vidya Pharma 220 LLP,0,0,0,0.2002,None,729,1.3546,4.02,5.99,3.33
company_03048,Kalyani Healthcare 478 Private Limited,1,0,1,0.9521,revenue_inflation,659,1.2639,33.83,37.5,7.81
company_03049,Shivam Pharma 573 LLP,0,0,0,0.0941,None,658,1.9719,2.35,3.2,3.23
company_03050,Radhe Enterprises 159 LLP,0,0,0,0.2212,None,759,1.3376,5.05,5.03,1.45
company_03051,Sterling Healthcare 724 Partnership Firm,0,0,0,0.2283,None,744,2.1758,5.6,4.52,2.41
company_03052,Navrachana Healthcare 334 LLP,0,0,0,0.3142,None,714,1.2792,4.74,3.87,1.55
company_03053,Vanguard Energy 590 LLP,0,0,0,0.1593,None,759,1.5172,3.91,5.83,1.18
company_03054,Vidya Enterprises 581 Private Limited,1,0,1,0.9104,seasonal_manipulation,652,1.0814,22.72,19.88,9.63
company_03055,Infinity Retail 531 Partnership Firm,0,0,0,0.223,None,778,0.5756,3.78,6.55,2.11
company_03056,Zenith Logistics 563 LLP,0,0,0,0.1427,None,739,1.9096,2.02,3.59,5.13
company_03057,Matrix Infotech 346 Partnership Firm,0,0,0,0.2089,None,704,1.8651,4.3,3.17,2.19
company_03058,Radhe Foods 806 Private Limited,0,0,0,0.1209,None,764,1.2715,6.59,5.71,3.12
company_03059,Surya Infrastructure 925 Partnership Firm,0,0,0,0.1588,None,792,0.8026,5.64,3.24,3.78
company_03060,Navrachana Automotive 262 LLP,0,0,0,0.1036,None,795,1.696,5.53,4.73,2.71
company_03061,Arogya Energy 531 Private Limited,0,0,0,0.1364,None,683,1.2138,3.67,5.29,2.3
company_03062,Radhe Metals 374 Private Limited,0,0,0,0.0789,None,743,2.5809,4.36,2.43,1.24
company_03063,Kalyani Metals 937 LLP,0,0,0,0.312,None,777,1.3277,3.12,2.9,2.28
company_03064,Hindustan Infotech 380 Partnership Firm,0,0,0,0.0628,None,724,1.9225,4.58,4.01,2.08
company_03065,Sterling Power 263 Partnership Firm,1,0,1,0.9074,shell_company,551,1.1475,40.84,26.05,8.31
company_03066,Vidya Automotive 766 Partnership Firm,0,0,0,0.3499,None,719,1.4542,4.25,3.86,4.61
company_03067,Ganesh Enterprises 340 Partnership Firm,0,0,0,0.0402,None,749,1.3005,4.74,6.94,1.51
company_03068,Bharat Solutions 332 LLP,0,0,0,0.2175,None,759,1.5963,3.58,4.24,1.29
company_03069,Bhaskar Textiles 682 Partnership Firm,0,0,0,0.0971,None,756,1.6125,2.72,2.97,2.7
company_03070,Bharat Enterprises 756 Partnership Firm,0,0,0,0.0171,None,766,1.0229,6.22,3.56,1.59
company_03071,Kalyani Retail 933 LLP,0,0,0,0.2861,None,755,0.936,6.49,2.83,1.91
company_03072,Bharat Power 477 LLP,1,0,1,0.8185,seasonal_manipulation,655,0.8722,17.25,9.94,4.89
company_03073,Radhe Power 207 Partnership Firm,0,0,0,0.2846,None,742,0.8575,5.57,5.88,2.22
company_03074,Tejas Industries 575 LLP,0,0,0,0.0291,None,756,1.0647,3.78,3.35,2.78
company_03075,Radhe Infotech 280 Private Limited,0,0,0,0.0924,None,776,1.3029,10.83,3.3,2.16
company_03076,Kalyani Textiles 492 Partnership Firm,0,0,0,0.2487,None,644,1.5568,5.21,3.32,2.46
company_03077,Hindustan Renewables 537 LLP,0,0,0,0.0318,None,730,1.14,3.73,4.17,4.61
company_03078,Delta Healthcare 220 Partnership Firm,0,0,0,0.1018,None,761,2.1452,11.23,5.05,1.62
company_03079,Matrix Logistics 851 Private Limited,0,0,0,0.2305,None,747,1.7709,9.06,3.51,3.0
company_03080,Radhe Solutions 669 LLP,0,0,0,0.2517,None,761,0.9022,2.38,6.43,0.98
company_03081,Bharat Energy LLP,0,0,0,0.1972,None,738,1.4499,8.21,3.86,1.58
company_03082,Apex Power 290 Private Limited,0,0,0,0.225,None,744,1.0572,1.15,3.32,2.67
company_03083,Urja Retail 630 LLP,0,0,0,0.2825,None,772,1.3232,4.58,3.7,1.13
company_03084,Navrachana Industries 815 Private Limited,0,0,0,0.0128,None,806,1.6976,4.51,4.78,1.38
company_03085,Hindustan Automotive 157 LLP,0,0,0,0.1426,None,712,1.8121,6.43,5.83,3.28
company_03086,Tejas Pharma 772 LLP,0,0,0,0.1012,None,724,2.6284,3.31,3.62,2.36
company_03087,Sterling Chemicals 887 Partnership Firm,0,0,0,0.06,None,787,1.3122,6.5,3.6,2.04
company_03088,Surya Healthcare 147 LLP,1,0,1,0.9893,benami_siphoning,653,1.6696,22.4,53.74,7.72
company_03089,Karan Pharma 501 LLP,0,0,0,0.1554,None,724,1.2802,12.03,5.03,4.91
company_03090,Vanguard Healthcare 229 Partnership Firm,0,0,0,0.2526,None,714,1.1054,5.05,2.74,2.44
company_03091,Zenith Renewables Private Limited,0,0,0,0.1185,None,767,1.3871,5.83,7.2,2.46
company_03092,Apex Power 288 Partnership Firm,1,0,1,0.9838,circular_trading,705,0.8706,49.2,18.1,6.18
company_03093,Apex Industries 345 Partnership Firm,0,0,0,0.3245,None,762,0.9275,3.4,2.9,3.66
company_03094,Ambika Foods 125 LLP,0,0,0,0.0917,None,677,2.1565,4.46,3.86,2.53
company_03095,Vidya Foods 370 Private Limited,0,1,1,0.4188,revenue_inflation,768,2.0196,8.1,3.48,2.25
company_03096,Urja Enterprises 215 LLP,0,0,0,0.1702,None,750,1.6136,5.5,3.87,3.99
company_03097,Apex Solutions 423 Private Limited,0,0,0,0.2796,None,729,0.9525,6.83,5.14,3.54
company_03098,Bhaskar Infrastructure 612 LLP,0,0,0,0.2669,None,751,1.6485,5.9,6.44,2.1
company_03099,Apex Retail 312 LLP,0,0,0,0.2385,None,762,1.0905,4.64,4.14,2.73
company_03100,Apex Textiles 609 Private Limited,0,0,0,0.2531,None,795,1.4722,3.06,3.37,1.71
company_03101,Apex Renewables 348 Partnership Firm,0,1,1,0.4796,shell_company,738,1.9219,2.98,4.13,1.91
company_03102,Sterling Automotive 388 LLP,0,0,0,0.1854,None,744,1.4734,8.56,2.82,1.18
company_03103,Hindustan Retail Partnership Firm,0,0,0,0.0906,None,805,1.0696,8.18,4.21,0.79
company_03104,Aditya Solutions LLP,0,0,0,0.0338,None,761,1.2513,3.45,3.36,1.67
company_03105,Urja Infotech 607 Private Limited,0,0,0,0.1224,None,720,1.327,7.47,4.11,1.43
company_03106,Sterling Energy 403 Private Limited,0,0,0,0.033,None,736,1.7434,3.27,4.03,3.77
company_03107,Zenith Retail LLP,1,0,1,0.8726,shell_company,544,0.2465,58.6,25.97,5.24
company_03108,Arogya Pharma 176 LLP,0,0,0,0.2045,None,737,1.8137,4.73,3.66,1.71
company_03109,Bharat Metals 404 Partnership Firm,0,0,0,0.2102,None,743,1.6789,2.11,3.43,3.47
company_03110,Navrachana Energy Private Limited,0,0,0,0.286,None,725,0.8615,4.0,4.99,1.08
company_03111,Ambika Enterprises 578 Private Limited,0,0,0,0.2238,None,741,1.5342,2.54,3.41,2.41
company_03112,Shivam Automotive 441 Partnership Firm,0,0,0,0.1919,None,746,1.561,5.04,4.09,1.34
company_03113,Arogya Infotech 469 Private Limited,0,0,0,0.1545,None,751,1.0249,3.48,3.22,1.65
company_03114,Matrix Textiles 448 Private Limited,0,0,0,0.0373,None,756,1.3316,3.65,5.17,2.03
company_03115,Ambika Renewables 896 Private Limited,0,0,0,0.059,None,817,1.0834,4.61,2.96,1.72
company_03116,Arogya Industries 235 Private Limited,0,0,0,0.1146,None,793,1.769,4.54,6.88,2.06
company_03117,Tejas Industries 680 LLP,0,0,0,0.2008,None,826,1.5267,4.82,5.18,0.9
company_03118,Surya Infotech 303 LLP,1,0,1,0.8651,shell_company,492,1.3031,54.26,25.76,19.79
company_03119,Zenith Energy 182 Private Limited,0,0,0,0.2903,None,756,1.6678,10.03,2.41,1.04
company_03120,Aditya Energy 257 Private Limited,1,0,1,0.9517,benami_siphoning,657,1.083,24.2,33.45,6.08
company_03121,Matrix Healthcare 491 Partnership Firm,1,0,1,0.5675,shell_company,598,0.5103,44.87,32.54,6.24
company_03122,Arogya Healthcare 778 LLP,0,1,1,0.5431,shell_company,751,1.5247,5.28,2.95,3.11
company_03123,Kalyani Enterprises 524 LLP,0,0,0,0.2438,None,708,1.2873,4.36,3.34,4.65
company_03124,Apex Infrastructure 397 Private Limited,0,0,0,0.2064,None,740,1.3941,4.75,5.56,2.16
company_03125,Ambika Solutions 554 LLP,0,0,0,0.338,None,793,2.5284,4.63,6.14,2.1
company_03126,Karan Foods 497 Private Limited,0,0,0,0.0514,None,734,2.343,3.41,6.17,2.21
company_03127,Radhe Power 728 LLP,1,0,1,0.9889,benami_siphoning,619,0.7145,27.5,30.3,6.82
company_03128,Radhe Metals 872 Partnership Firm,1,0,1,0.9456,circular_trading,588,0.8065,33.14,23.32,8.06
company_03129,Aditya Infrastructure 566 LLP,0,0,0,0.0792,None,775,1.6123,3.29,2.88,1.62
company_03130,Vanguard Builders 644 LLP,0,0,0,0.0468,None,747,1.3839,5.86,4.94,3.61
company_03131,Kalyani Foods 355 LLP,1,0,1,0.9294,benami_siphoning,699,0.2115,22.1,29.43,6.96
company_03132,Infinity Pharma 551 Private Limited,0,0,0,0.2293,None,798,1.5086,4.02,5.79,1.04
company_03133,Hindustan Foods 755 LLP,0,0,0,0.134,None,711,1.5281,6.37,3.18,2.25
company_03134,Vanguard Renewables 365 LLP,0,0,0,0.1238,None,799,1.7051,3.55,3.38,1.16
company_03135,Hindustan Builders 809 Partnership Firm,1,0,1,0.7478,evergreening,664,1.5059,14.24,7.11,15.56
company_03136,Navrachana Infotech 847 Partnership Firm,1,0,1,0.706,revenue_inflation,669,1.2861,31.58,35.87,4.23
company_03137,Matrix Retail 571 Private Limited,0,0,0,0.1794,None,780,1.2832,3.58,5.18,1.06
company_03138,Kalyani Builders 367 LLP,0,0,0,0.1787,None,755,1.5366,5.01,3.94,0.82
company_03139,Ambika Logistics 160 Partnership Firm,0,1,1,0.6693,benami_siphoning,722,1.1534,4.4,5.0,2.26
company_03140,Zenith Enterprises 771 LLP,0,0,0,0.1192,None,719,1.8176,3.77,7.79,3.94
company_03141,Infinity Healthcare 696 LLP,1,0,1,0.8541,seasonal_manipulation,602,1.1634,34.61,18.25,9.8
company_03142,Arogya Energy 782 LLP,0,0,0,0.0727,None,679,1.8441,2.86,4.26,3.86
company_03143,Vidya Textiles 403 LLP,0,0,0,0.0717,None,699,1.2004,2.51,3.42,2.11
company_03144,Karan Metals LLP,1,0,1,0.8596,circular_trading,665,0.8522,33.85,28.68,6.86
company_03145,Arogya Industries 181 LLP,0,0,0,0.258,None,756,1.4466,2.88,3.44,1.56
company_03146,Vanguard Solutions 890 Partnership Firm,0,0,0,0.1535,None,741,1.8543,2.41,3.18,2.79
company_03147,Sterling Logistics 783 LLP,0,0,0,0.2096,None,778,1.9524,2.49,2.74,1.87
company_03148,Urja Builders 939 Private Limited,0,1,1,0.5089,evergreening,741,1.7748,3.68,4.8,2.2
company_03149,Surya Energy 101 LLP,0,0,0,0.1662,None,799,1.702,5.56,5.25,1.44
company_03150,Sterling Foods 882 Partnership Firm,0,0,0,0.022,None,731,1.7183,4.18,3.43,2.54
company_03151,Apex Infrastructure 285 Partnership Firm,0,0,0,0.2345,None,768,1.6459,3.43,2.76,2.03
company_03152,Urja Automotive 604 LLP,0,0,0,0.2829,None,831,1.0341,4.29,3.3,1.95
company_03153,Apex Energy 182 Partnership Firm,1,0,1,0.8548,circular_trading,583,0.885,29.06,24.37,14.01
company_03154,Shivam Infrastructure 493 LLP,0,0,0,0.0531,None,672,0.7378,4.78,7.6,5.28
company_03155,Delta Energy 142 Partnership Firm,0,0,0,0.2629,None,748,1.3308,4.23,3.07,2.05
company_03156,Ambika Logistics 516 LLP,0,0,0,0.2284,None,851,1.4827,3.52,4.17,3.24
company_03157,Ganesh Industries 987 Partnership Firm,0,0,0,0.1633,None,796,0.7902,3.69,4.8,2.35
company_03158,Sterling Foods 373 LLP,1,0,1,0.9165,circular_trading,684,0.6454,35.13,17.27,8.54
company_03159,Urja Industries 553 LLP,0,0,0,0.1372,None,744,1.1475,3.79,3.75,1.81
company_03160,Radhe Power 516 Partnership Firm,1,0,1,0.9416,seasonal_manipulation,741,0.1,27.58,16.69,5.58
company_03161,Tejas Textiles 976 Private Limited,1,0,1,0.8704,benami_siphoning,761,1.6024,50.0,59.88,8.51
company_03162,Zenith Power 716 LLP,0,0,0,0.0837,None,795,1.05,6.95,4.33,4.32
company_03163,Navrachana Power 852 Partnership Firm,0,0,0,0.0616,None,709,2.0539,2.41,3.09,1.87
company_03164,Radhe Retail 744 Partnership Firm,0,0,0,0.3206,None,763,1.4728,1.32,3.05,2.56
company_03165,Arogya Power 460 LLP,1,0,1,0.9259,revenue_inflation,662,1.4061,28.1,59.48,15.15
company_03166,Matrix Solutions 465 Private Limited,0,0,0,0.0554,None,753,1.2634,3.66,4.09,1.73
company_03167,Aditya Chemicals 304 Private Limited,0,0,0,0.2619,None,817,1.1071,7.42,3.33,0.78
company_03168,Shivam Solutions 100 Partnership Firm,0,0,0,0.2642,None,775,1.1868,6.17,6.72,2.05
company_03169,Infinity Healthcare 978 Private Limited,0,0,0,0.2451,None,762,2.1661,7.54,3.22,2.61
company_03170,Urja Healthcare 448 LLP,0,1,1,0.6189,evergreening,823,1.475,3.42,3.49,2.09
company_03171,Shivam Foods 563 LLP,0,0,0,0.1356,None,715,1.1461,5.29,3.46,3.55
company_03172,Bhaskar Automotive LLP,0,0,0,0.0474,None,725,2.2935,7.15,5.93,2.49
company_03173,Surya Enterprises 135 Private Limited,1,0,1,0.8843,seasonal_manipulation,664,0.4585,35.3,18.04,7.37
company_03174,Urja Infotech 361 Private Limited,0,0,0,0.2458,None,782,1.3499,2.64,4.37,1.1
company_03175,Vanguard Solutions 292 LLP,0,0,0,0.1835,None,744,1.6703,6.16,5.76,3.37
company_03176,Hindustan Logistics 699 Partnership Firm,0,0,0,0.0243,None,720,1.7106,3.25,4.36,3.06
company_03177,Zenith Builders 853 LLP,0,0,0,0.0939,None,779,1.3469,2.01,2.69,3.36
company_03178,Delta Infotech 605 LLP,0,0,0,0.2743,None,772,1.8909,8.53,3.97,1.83
company_03179,Hindustan Textiles 632 LLP,0,0,0,0.0431,None,794,2.55,3.25,4.85,0.68
company_03180,Bhaskar Chemicals 461 LLP,0,1,1,0.5866,revenue_inflation,733,0.8815,5.06,4.16,2.34
company_03181,Bharat Solutions 488 Private Limited,0,0,0,0.0278,None,789,1.0694,5.82,3.4,1.18
company_03182,Infinity Power 710 Partnership Firm,0,0,0,0.0259,None,719,1.1919,4.98,3.67,2.87
company_03183,Delta Metals 627 Partnership Firm,0,0,0,0.2314,None,716,1.5879,7.48,3.71,2.7
company_03184,Infinity Infrastructure 428 Private Limited,0,0,0,0.1241,None,777,0.748,3.65,4.14,1.57
company_03185,Karan Chemicals 470 LLP,1,0,1,0.8592,shell_company,461,0.8458,49.86,38.46,13.57
company_03186,Tejas Energy 369 Private Limited,1,0,1,0.528,revenue_inflation,656,0.9728,26.26,26.24,7.33
company_03187,Ganesh Logistics 989 LLP,0,0,0,0.1376,None,674,1.6478,3.98,6.48,2.56
company_03188,Urja Chemicals 709 LLP,0,0,0,0.3371,None,690,1.759,3.15,7.47,2.56
company_03189,Kalyani Metals 398 LLP,0,0,0,0.1598,None,764,1.1737,4.25,3.18,3.53
company_03190,Shivam Retail 973 Partnership Firm,0,0,0,0.0351,None,738,1.3496,8.89,4.18,2.3
company_03191,Infinity Industries 367 Private Limited,0,0,0,0.199,None,643,1.5673,2.67,2.84,2.93
company_03192,Infinity Infotech 425 LLP,0,0,0,0.214,None,747,0.7157,3.52,3.5,5.05
company_03193,Navrachana Builders 513 LLP,0,0,0,0.173,None,713,1.8145,4.93,2.68,2.7
company_03194,Aditya Textiles 176 Private Limited,0,0,0,0.2125,None,762,1.21,6.78,6.54,3.15
company_03195,Hindustan Metals 137 Private Limited,0,0,0,0.2226,None,748,1.2584,3.22,3.6,4.09
company_03196,Vidya Infrastructure 143 LLP,0,0,0,0.3031,None,851,1.6259,3.67,3.97,0.79
company_03197,Arogya Retail 938 LLP,0,0,0,0.2774,None,837,1.1396,3.87,5.14,0.87
company_03198,Ambika Energy 960 Partnership Firm,0,0,0,0.2754,None,754,1.403,3.05,10.53,1.59
company_03199,Karan Power 989 LLP,0,0,0,0.2731,None,801,1.6568,3.68,3.33,1.09
company_03200,Delta Enterprises 899 Private Limited,0,1,1,0.4035,circular_trading,723,0.9424,2.49,3.43,3.45
company_03201,Sterling Infotech 456 Private Limited,0,0,0,0.2394,None,802,1.1928,3.01,6.14,4.19
company_03202,Infinity Energy 447 LLP,0,0,0,0.1901,None,768,1.349,3.09,2.82,1.43
company_03203,Surya Chemicals 697 Partnership Firm,0,0,0,0.0817,None,718,1.3609,2.11,3.48,5.81
company_03204,Zenith Renewables 615 Private Limited,0,0,0,0.2765,None,777,1.5596,4.13,3.35,1.64
company_03205,Arogya Solutions 957 Private Limited,0,0,0,0.1331,None,756,1.5942,0.48,2.26,2.24
company_03206,Bharat Industries 630 Partnership Firm,0,0,0,0.2133,None,664,2.3946,4.06,4.66,2.83
company_03207,Navrachana Enterprises 682 LLP,0,0,0,0.2383,None,745,1.3296,2.38,2.41,1.71
company_03208,Ambika Builders 163 Partnership Firm,1,0,1,0.5073,evergreening,616,0.8609,9.75,9.42,10.56
company_03209,Ambika Infrastructure 440 Partnership Firm,0,0,0,0.1655,None,739,1.1867,4.87,4.42,1.63
company_03210,Vidya Infotech 264 Private Limited,0,0,0,0.3125,None,716,0.9106,3.35,3.86,2.8
company_03211,Zenith Logistics 672 Private Limited,0,0,0,0.207,None,794,1.3581,2.99,3.33,2.34
company_03212,Karan Metals 865 Private Limited,0,0,0,0.2631,None,789,0.6614,7.72,6.03,0.97
company_03213,Infinity Healthcare 819 Private Limited,1,0,1,0.7775,circular_trading,613,1.0064,25.47,14.16,4.6
company_03214,Sterling Enterprises LLP,0,0,0,0.183,None,762,1.6934,4.13,3.96,1.92
company_03215,Surya Builders 599 Partnership Firm,0,0,0,0.0714,None,769,1.5194,4.9,9.4,3.29
company_03216,Bhaskar Automotive 594 LLP,0,0,0,0.1154,None,812,1.346,6.59,3.61,3.16
company_03217,Shivam Enterprises 285 Partnership Firm,1,0,1,0.9323,shell_company,583,0.7177,45.81,27.09,6.39
company_03218,Urja Pharma 167 Private Limited,0,0,0,0.2936,None,804,1.8854,2.97,3.59,0.15
company_03219,Karan Infotech 581 Partnership Firm,0,0,0,0.2017,None,716,1.7505,2.54,4.76,1.81
company_03220,Zenith Pharma 604 Partnership Firm,0,0,0,0.0223,None,654,1.2778,2.79,3.77,3.49
company_03221,Sterling Logistics 611 Private Limited,0,0,0,0.3358,None,798,1.2399,8.17,4.16,2.49
company_03222,Kalyani Automotive 765 Private Limited,0,0,0,0.3323,None,733,1.4146,5.28,6.58,1.69
company_03223,Vanguard Retail 364 LLP,1,0,1,0.8904,seasonal_manipulation,645,0.622,25.67,10.24,7.58
company_03224,Hindustan Enterprises 144 LLP,0,0,0,0.1412,None,779,2.3507,2.85,2.8,2.87
company_03225,Navrachana Solutions 599 Partnership Firm,0,0,0,0.0658,None,776,1.6325,10.08,3.47,1.98
company_03226,Hindustan Power 832 Private Limited,0,0,0,0.0297,None,688,1.4746,3.52,3.4,3.4
company_03227,Matrix Infotech 402 Private Limited,0,0,0,0.1399,None,743,1.633,3.18,3.94,3.42
company_03228,Zenith Logistics 392 Private Limited,0,0,0,0.0456,None,776,1.259,1.75,2.34,1.24
company_03229,Surya Power 622 Private Limited,0,0,0,0.3401,None,776,1.0801,3.95,3.15,2.05
company_03230,Navrachana Healthcare 233 Private Limited,0,0,0,0.3384,None,772,2.8293,4.73,3.7,3.09
company_03231,Hindustan Logistics 981 Partnership Firm,0,0,0,0.1786,None,736,1.5875,2.73,3.2,1.88
company_03232,Infinity Builders Partnership Firm,0,0,0,0.3411,None,720,2.9432,3.5,4.25,2.66
company_03233,Matrix Power 477 LLP,0,0,0,0.0819,None,731,1.4624,3.0,3.09,3.94
company_03234,Matrix Energy 233 Partnership Firm,0,0,0,0.2625,None,704,1.1316,3.11,3.82,2.2
company_03235,Aditya Textiles 732 Partnership Firm,0,0,0,0.2362,None,743,1.3982,3.75,3.67,3.99
company_03236,Bhaskar Retail 304 Private Limited,0,0,0,0.0827,None,716,1.8678,10.26,3.46,3.63
company_03237,Radhe Infotech 601 Private Limited,0,0,0,0.3479,None,727,1.7578,6.46,3.88,3.24
company_03238,Tejas Foods 931 LLP,0,0,0,0.2629,None,776,1.5792,6.83,3.32,1.2
company_03239,Arogya Power 595 LLP,1,0,1,0.8933,evergreening,664,0.3432,15.5,15.86,17.64
company_03240,Apex Chemicals 546 Partnership Firm,1,0,1,0.8536,evergreening,758,0.712,16.3,25.43,14.43
company_03241,Radhe Healthcare 442 Private Limited,0,0,0,0.2824,None,692,1.9785,4.48,4.71,1.93
company_03242,Hindustan Retail 295 Partnership Firm,0,0,0,0.2928,None,783,1.5664,3.74,3.19,1.78
company_03243,Apex Energy 374 Private Limited,0,0,0,0.2644,None,744,1.454,3.46,3.14,2.14
company_03244,Tejas Renewables 927 Partnership Firm,1,0,1,0.9077,evergreening,609,1.0149,19.87,12.89,14.91
company_03245,Infinity Chemicals 896 LLP,0,0,0,0.2903,None,792,1.2162,3.19,5.23,1.05
company_03246,Aditya Infotech 748 Private Limited,0,0,0,0.0702,None,746,2.0981,3.43,3.25,2.73
company_03247,Navrachana Metals 333 Private Limited,0,0,0,0.2625,None,779,1.8311,4.24,4.91,1.83
company_03248,Sterling Retail 190 Partnership Firm,0,0,0,0.0433,None,789,1.5003,5.3,4.17,1.17
company_03249,Tejas Chemicals 687 Partnership Firm,0,1,1,0.5653,revenue_inflation,742,2.178,8.4,4.71,3.05
company_03250,Bhaskar Infrastructure 555 Private Limited,0,0,0,0.2768,None,728,1.1547,4.17,4.43,2.45
company_03251,Navrachana Pharma Partnership Firm,0,1,1,0.5574,benami_siphoning,755,1.6592,7.57,3.77,4.15
company_03252,Hindustan Retail 997 LLP,0,0,0,0.1243,None,818,1.0616,4.44,4.58,1.11
company_03253,Ambika Automotive 943 Partnership Firm,1,0,1,0.6599,benami_siphoning,685,0.8638,11.74,25.68,4.02
company_03254,Vidya Builders 814 LLP,0,0,0,0.2649,None,720,1.6762,4.13,2.81,2.21
company_03255,Bhaskar Metals 665 LLP,0,0,0,0.3189,None,879,1.3034,3.94,3.44,0.63
company_03256,Matrix Infrastructure 707 Partnership Firm,0,0,0,0.0289,None,710,1.6439,6.17,4.82,4.86
company_03257,Kalyani Textiles 650 LLP,0,0,0,0.2553,None,775,1.5826,8.27,4.45,1.72
company_03258,Kalyani Energy 897 LLP,0,0,0,0.0858,None,798,2.1168,2.96,3.0,0.87
company_03259,Sterling Solutions 543 Partnership Firm,0,0,0,0.2338,None,762,1.2279,1.96,4.63,1.54
company_03260,Apex Textiles 123 Partnership Firm,0,0,0,0.0181,None,761,1.2601,7.1,3.97,1.71
company_03261,Arogya Foods 177 Partnership Firm,0,0,0,0.1186,None,758,1.1175,1.59,6.05,2.02
company_03262,Vidya Infrastructure 848 LLP,0,0,0,0.2806,None,740,1.4635,3.04,5.94,3.48
company_03263,Infinity Automotive 495 Private Limited,0,0,0,0.2567,None,797,1.1658,5.08,3.23,0.29
company_03264,Delta Infotech 629 Private Limited,0,0,0,0.121,None,797,1.7141,2.75,3.46,2.09
company_03265,Ambika Infotech 280 Private Limited,1,0,1,0.7262,circular_trading,670,0.4894,17.62,17.44,5.08
company_03266,Vanguard Logistics 459 Private Limited,0,0,0,0.2137,None,759,1.4137,6.71,4.25,1.96
company_03267,Bhaskar Power 865 Partnership Firm,0,0,0,0.2346,None,641,1.4366,5.81,7.35,3.45
company_03268,Aditya Power 671 Partnership Firm,1,0,1,0.9023,benami_siphoning,614,0.7984,48.16,27.98,10.12
company_03269,Apex Metals 693 LLP,0,0,0,0.2676,None,745,1.6146,4.09,3.56,1.58
company_03270,Zenith Foods 558 Partnership Firm,1,0,1,0.8726,revenue_inflation,621,1.391,34.46,27.81,7.69
company_03271,Zenith Power 306 Private Limited,0,0,0,0.1743,None,770,1.0207,7.36,4.14,2.21
company_03272,Apex Automotive 747 LLP,0,0,0,0.2879,None,746,1.6197,2.81,4.89,1.06
company_03273,Infinity Pharma 749 Partnership Firm,0,0,0,0.0985,None,704,1.8822,6.8,4.5,2.96
company_03274,Matrix Automotive 842 Partnership Firm,0,0,0,0.2151,None,745,1.4763,2.73,3.11,2.5
company_03275,Bharat Industries 525 Private Limited,0,0,0,0.348,None,669,1.0135,7.85,3.43,2.47
company_03276,Bhaskar Energy Partnership Firm,0,0,0,0.1839,None,759,1.2353,6.01,3.81,1.73
company_03277,Kalyani Pharma 373 LLP,0,0,0,0.0934,None,769,2.5802,4.89,5.57,1.1
company_03278,Kalyani Logistics 871 LLP,0,0,0,0.0813,None,709,1.2301,2.41,5.63,2.29
company_03279,Hindustan Metals 894 Private Limited,0,0,0,0.3059,None,765,1.3718,7.17,2.82,2.14
company_03280,Hindustan Industries 786 Private Limited,1,0,1,0.9229,benami_siphoning,642,1.3476,35.34,26.26,9.68
company_03281,Vanguard Retail 480 Partnership Firm,0,0,0,0.177,None,737,1.3724,4.03,3.39,2.05
company_03282,Radhe Textiles 711 LLP,1,0,1,0.8703,revenue_inflation,689,1.3024,29.39,56.09,9.64
company_03283,Arogya Metals 883 LLP,1,0,1,0.8546,revenue_inflation,682,1.6581,36.16,40.27,8.35
company_03284,Sterling Industries 449 Partnership Firm,0,0,0,0.0705,None,770,2.1705,7.79,6.7,2.17
company_03285,Karan Energy 665 Partnership Firm,0,0,0,0.2942,None,796,1.4679,2.23,2.71,2.49
company_03286,Infinity Energy 233 Private Limited,0,0,0,0.2462,None,776,1.878,2.64,2.92,1.51
company_03287,Zenith Logistics 835 Private Limited,0,0,0,0.2533,None,749,1.5813,3.45,3.59,3.79
company_03288,Apex Retail 133 LLP,0,0,0,0.2383,None,776,1.4389,15.58,3.01,4.01
company_03289,Ambika Logistics 351 Private Limited,0,0,0,0.0737,None,776,1.3548,4.51,5.17,2.15
company_03290,Ambika Power 278 LLP,0,0,0,0.1129,None,763,1.159,2.9,2.84,1.36
company_03291,Ganesh Chemicals 354 Partnership Firm,0,0,0,0.3396,None,803,1.4241,8.43,3.78,3.2
company_03292,Matrix Enterprises 547 LLP,0,0,0,0.3487,None,740,0.7285,10.19,4.87,2.96
company_03293,Sterling Energy 452 Private Limited,0,0,0,0.0366,None,770,1.1582,4.64,4.63,1.9
company_03294,Karan Logistics 620 Partnership Firm,1,0,1,0.989,evergreening,676,1.0703,20.09,12.94,13.01
company_03295,Bharat Retail 968 LLP,0,0,0,0.0818,None,825,1.5456,5.38,3.57,0.82
company_03296,Kalyani Energy 340 Private Limited,0,0,0,0.3302,None,755,1.5404,2.85,6.53,1.96
company_03297,Vanguard Enterprises 863 Private Limited,0,0,0,0.0403,None,738,0.6449,5.09,7.52,1.49
company_03298,Urja Power 200 Private Limited,0,0,0,0.1362,None,784,1.5958,2.68,3.09,1.55
company_03299,Bharat Pharma 667 Partnership Firm,0,0,0,0.0378,None,717,0.9967,2.09,3.94,5.32
company_03300,Bharat Pharma 808 Private Limited,0,0,0,0.3328,None,815,1.427,4.29,5.26,3.53
company_03301,Radhe Retail 452 Private Limited,0,0,0,0.0865,None,734,0.9343,6.84,6.19,2.13
company_03302,Zenith Energy 627 Private Limited,0,0,0,0.1912,None,779,1.0385,3.0,3.47,1.22
company_03303,Ambika Builders 306 Partnership Firm,1,0,1,0.8956,evergreening,666,1.1957,41.58,25.08,12.31
company_03304,Radhe Infrastructure 496 Partnership Firm,0,1,1,0.6018,revenue_inflation,749,1.6777,4.91,4.45,1.39
company_03305,Ambika Energy 573 Private Limited,0,0,0,0.0582,None,713,1.5585,3.71,3.23,1.79
company_03306,Matrix Retail 315 Private Limited,0,0,0,0.2901,None,815,1.5623,12.04,3.59,1.65
company_03307,Ganesh Enterprises LLP,0,0,0,0.2185,None,822,1.5108,4.62,2.84,2.3
company_03308,Apex Industries 620 Partnership Firm,0,0,0,0.0921,None,743,2.2452,4.88,3.08,2.48
company_03309,Hindustan Retail 607 LLP,0,1,1,0.4795,revenue_inflation,669,2.3808,2.0,3.56,4.21
company_03310,Infinity Power 142 LLP,1,0,1,0.5431,circular_trading,655,0.804,23.46,12.09,4.86
company_03311,Sterling Industries 407 Partnership Firm,1,0,1,0.8674,circular_trading,631,0.4573,39.12,19.94,11.93
company_03312,Vanguard Foods 212 LLP,0,0,0,0.2273,None,732,2.046,3.97,3.37,2.72
company_03313,Hindustan Retail 558 LLP,0,1,1,0.598,benami_siphoning,759,1.996,5.26,3.48,5.83
company_03314,Arogya Chemicals 707 Partnership Firm,0,0,0,0.3262,None,695,1.7042,3.52,3.07,2.96
company_03315,Tejas Logistics 557 Partnership Firm,1,0,1,0.973,revenue_inflation,655,0.728,69.78,51.38,9.99
company_03316,Shivam Infotech Private Limited,0,0,0,0.0445,None,752,1.3997,2.52,4.12,3.18
company_03317,Ambika Energy 714 Partnership Firm,0,0,0,0.2388,None,655,1.5451,5.11,8.23,3.29
company_03318,Ganesh Power 452 Partnership Firm,0,0,0,0.305,None,752,1.376,2.94,7.08,2.46
company_03319,Vanguard Retail 173 Partnership Firm,0,0,0,0.2751,None,766,1.8461,4.91,3.44,3.07
company_03320,Kalyani Builders 211 Partnership Firm,0,0,0,0.1037,None,783,1.3392,4.64,3.99,0.63
company_03321,Navrachana Automotive 790 Private Limited,0,0,0,0.2114,None,637,1.3225,5.19,6.41,3.99
company_03322,Matrix Logistics 402 Partnership Firm,0,0,0,0.1653,None,734,1.8911,1.58,2.86,3.34
company_03323,Ganesh Healthcare 615 LLP,0,0,0,0.0949,None,749,1.3924,2.89,3.39,2.25
company_03324,Kalyani Industries Private Limited,0,0,0,0.1771,None,630,1.2703,4.2,4.24,2.4
company_03325,Zenith Automotive 476 Private Limited,0,0,0,0.2715,None,770,1.7549,2.48,3.55,2.82
company_03326,Surya Power 156 Private Limited,0,0,0,0.2619,None,778,1.1478,1.42,2.36,1.83
company_03327,Kalyani Healthcare 711 Private Limited,0,0,0,0.2678,None,779,1.2148,3.4,4.01,1.79
company_03328,Aditya Renewables LLP,1,0,1,0.7881,revenue_inflation,665,1.0187,22.77,36.8,4.21
company_03329,Ambika Infotech 179 LLP,0,0,0,0.0994,None,750,2.4131,2.73,3.97,2.23
company_03330,Sterling Renewables 534 Private Limited,1,0,1,0.9673,shell_company,479,0.8223,46.17,34.86,7.29
company_03331,Matrix Logistics 716 Private Limited,0,0,0,0.0877,None,704,1.5888,2.9,2.8,3.03
company_03332,Radhe Enterprises 704 Private Limited,0,0,0,0.1338,None,788,1.2892,4.22,7.08,0.87
company_03333,Surya Industries 560 LLP,1,0,1,0.7732,circular_trading,696,0.6181,24.86,18.97,9.12
company_03334,Delta Infotech 146 Partnership Firm,0,0,0,0.3171,None,697,0.7356,4.11,3.74,2.28
company_03335,Ambika Energy 985 Partnership Firm,0,0,0,0.3449,None,770,1.5087,4.39,2.79,2.12
company_03336,Shivam Builders 772 Private Limited,0,0,0,0.2708,None,784,1.7945,4.38,3.01,1.25
company_03337,Hindustan Logistics 160 Partnership Firm,0,0,0,0.1772,None,680,1.2692,5.41,3.88,2.4
company_03338,Radhe Power 951 LLP,0,0,0,0.2135,None,757,1.1309,6.64,6.38,1.91
company_03339,Vidya Power 359 LLP,0,0,0,0.0106,None,700,2.0612,5.27,3.34,2.11
company_03340,Zenith Industries 423 Private Limited,0,0,0,0.265,None,734,2.3945,8.48,7.01,2.04
company_03341,Shivam Power 693 LLP,0,0,0,0.1917,None,830,1.3062,3.51,2.86,1.96
company_03342,Navrachana Power 532 Private Limited,0,0,0,0.1977,None,689,1.7074,3.78,5.18,2.81
company_03343,Vidya Solutions 526 Private Limited,1,0,1,0.571,seasonal_manipulation,618,0.3592,23.65,8.91,5.49
company_03344,Radhe Chemicals 170 Private Limited,0,0,0,0.2406,None,777,1.6501,3.79,3.94,1.64
company_03345,Matrix Enterprises 153 Private Limited,0,0,0,0.0189,None,722,2.0306,5.24,3.75,2.02
company_03346,Radhe Industries 909 Private Limited,0,0,0,0.1493,None,737,1.0597,5.46,5.47,2.46
company_03347,Tejas Textiles 161 Partnership Firm,1,0,1,0.611,revenue_inflation,716,1.6872,29.04,29.63,4.18
company_03348,Zenith Solutions 827 Private Limited,0,0,0,0.1558,None,742,1.5465,4.69,2.66,1.75
company_03349,Radhe Chemicals 549 Private Limited,0,0,0,0.1503,None,847,1.416,2.83,4.54,1.74
company_03350,Ganesh Enterprises 255 Private Limited,0,0,0,0.1279,None,750,1.7497,5.36,3.77,1.9
company_03351,Bhaskar Pharma 586 LLP,0,0,0,0.3416,None,821,1.7526,6.89,5.59,1.35
company_03352,Karan Textiles 370 Partnership Firm,0,1,1,0.5615,revenue_inflation,760,1.9394,3.46,3.12,1.51
company_03353,Navrachana Solutions 373 Private Limited,0,0,0,0.2136,None,812,1.1963,7.75,5.14,1.33
company_03354,Bhaskar Textiles 302 Partnership Firm,0,0,0,0.2562,None,769,1.5584,3.55,10.13,0.73
company_03355,Tejas Power 910 Partnership Firm,0,0,0,0.3337,None,795,1.2046,4.43,3.35,1.01
company_03356,Zenith Solutions 305 Partnership Firm,0,0,0,0.2189,None,743,1.7878,4.25,4.39,1.15
company_03357,Hindustan Chemicals Partnership Firm,0,0,0,0.2561,None,756,1.5279,3.2,3.34,2.2
company_03358,Delta Foods 370 LLP,0,0,0,0.0963,None,694,1.1885,2.5,3.53,3.86
company_03359,Vanguard Builders 407 LLP,0,0,0,0.3498,None,772,3.5683,3.36,4.23,0.62
company_03360,Vidya Builders 793 Partnership Firm,0,0,0,0.0315,None,760,1.2615,4.81,5.07,2.06
company_03361,Shivam Healthcare 968 Private Limited,0,0,0,0.0633,None,766,0.7867,5.58,5.22,3.17
company_03362,Vidya Healthcare LLP,0,0,0,0.3296,None,767,1.7282,3.63,4.19,1.4
company_03363,Surya Foods 771 Partnership Firm,0,0,0,0.0286,None,773,2.0264,3.34,5.84,1.43
company_03364,Sterling Textiles 806 Private Limited,0,0,0,0.2247,None,784,1.4781,6.08,4.3,2.55
company_03365,Ganesh Renewables 701 LLP,0,0,0,0.0356,None,737,1.6109,2.95,3.56,2.8
company_03366,Ganesh Pharma 588 Private Limited,0,0,0,0.1072,None,751,0.9329,5.06,2.36,2.47
company_03367,Arogya Healthcare 574 Partnership Firm,0,1,1,0.61,evergreening,726,0.9514,4.0,5.82,1.47
company_03368,Shivam Retail 637 LLP,0,0,0,0.2282,None,803,1.6179,6.03,3.88,0.77
company_03369,Aditya Infotech 171 Partnership Firm,1,0,1,0.6967,evergreening,628,0.9989,13.35,8.26,9.18
company_03370,Matrix Retail 722 Partnership Firm,0,0,0,0.2478,None,739,1.6412,2.65,3.38,2.4
company_03371,Hindustan Energy Partnership Firm,0,0,0,0.0433,None,795,2.3245,5.37,3.49,1.98
company_03372,Bhaskar Builders 785 Private Limited,0,0,0,0.2755,None,740,1.5196,3.64,3.51,1.91
company_03373,Vanguard Industries 192 Partnership Firm,0,0,0,0.0248,None,699,1.4966,3.78,3.78,3.47
company_03374,Apex Retail 232 Private Limited,0,0,0,0.1649,None,798,1.09,3.94,3.36,1.76
company_03375,Matrix Logistics 166 LLP,0,0,0,0.296,None,803,0.9999,4.83,4.05,2.72
company_03376,Infinity Solutions Private Limited,0,0,0,0.2943,None,816,1.8356,3.56,3.52,0.86
company_03377,Hindustan Enterprises 710 Private Limited,1,0,1,0.8175,seasonal_manipulation,651,0.4031,14.54,6.81,5.24
company_03378,Vanguard Healthcare 121 Partnership Firm,0,0,0,0.2467,None,821,1.3101,6.09,4.81,0.59
company_03379,Tejas Metals 928 LLP,0,0,0,0.2327,None,835,1.4386,4.76,4.2,2.39
company_03380,Vanguard Healthcare 302 Partnership Firm,0,0,0,0.0592,None,779,2.4291,3.28,4.36,2.02
company_03381,Delta Power 806 Private Limited,0,0,0,0.1331,None,724,1.474,2.89,4.01,5.02
company_03382,Bharat Metals 664 Private Limited,1,0,1,0.8593,circular_trading,646,0.8538,28.73,29.93,20.0
company_03383,Zenith Renewables 425 Partnership Firm,0,0,0,0.119,None,740,1.822,6.88,4.91,1.5
company_03384,Radhe Energy 571 Private Limited,1,0,1,0.9484,shell_company,595,0.2576,46.12,46.03,9.13
company_03385,Apex Industries 832 Partnership Firm,0,0,0,0.2015,None,768,1.9466,4.38,5.39,3.81
company_03386,Arogya Chemicals 156 LLP,0,0,0,0.0944,None,751,2.163,3.03,4.81,2.77
company_03387,Vanguard Foods 120 LLP,0,0,0,0.0418,None,759,1.2102,3.63,3.57,2.38
company_03388,Vanguard Infotech Partnership Firm,0,0,0,0.0229,None,721,1.4428,4.14,3.05,1.89
company_03389,Bhaskar Chemicals 109 Partnership Firm,0,0,0,0.1234,None,797,1.4046,3.8,3.61,1.03
company_03390,Navrachana Foods 625 Partnership Firm,0,0,0,0.141,None,778,0.7195,3.09,4.57,1.47
company_03391,Bharat Infotech 527 Partnership Firm,0,0,0,0.3071,None,745,0.8878,3.12,4.8,1.87
company_03392,Vanguard Retail 875 Partnership Firm,0,0,0,0.1076,None,769,1.8479,5.85,4.14,1.74
company_03393,Navrachana Textiles 413 LLP,0,0,0,0.1451,None,841,0.652,3.64,8.73,0.0
company_03394,Infinity Infotech 463 Private Limited,0,0,0,0.0522,None,812,1.3166,5.04,2.31,1.05
company_03395,Surya Renewables 982 Private Limited,0,0,0,0.1964,None,768,1.1134,3.87,5.62,1.35
company_03396,Navrachana Chemicals 461 Private Limited,0,0,0,0.1262,None,764,0.9805,3.46,3.42,2.28
company_03397,Radhe Logistics 144 Partnership Firm,0,0,0,0.1578,None,698,1.4443,4.46,5.3,2.64
company_03398,Radhe Retail LLP,0,0,0,0.1753,None,776,1.6941,3.6,3.19,2.02
company_03399,Aditya Builders 900 Partnership Firm,0,0,0,0.3322,None,678,1.0529,10.31,2.85,3.62
company_03400,Vidya Pharma 551 Partnership Firm,0,0,0,0.3447,None,678,0.7794,6.93,3.77,2.57
company_03401,Arogya Energy 813 Partnership Firm,0,0,0,0.3091,None,866,2.007,4.17,5.82,0.1
company_03402,Apex Automotive 614 Partnership Firm,0,0,0,0.2033,None,693,1.0473,4.1,5.18,3.26
company_03403,Tejas Renewables 121 Private Limited,0,0,0,0.0696,None,747,2.1212,2.71,5.07,1.98
company_03404,Hindustan Chemicals 319 Private Limited,0,0,0,0.2789,None,641,2.0111,3.27,4.22,2.97
company_03405,Shivam Foods 542 Partnership Firm,0,0,0,0.0818,None,751,1.878,5.37,3.14,2.27
company_03406,Vanguard Enterprises 124 LLP,0,0,0,0.0188,None,803,1.5968,2.97,3.52,1.33
company_03407,Aditya Automotive 444 LLP,0,0,0,0.1582,None,721,1.8029,4.3,3.07,3.1
company_03408,Bharat Power 363 LLP,0,0,0,0.3052,None,697,1.2306,10.13,2.99,2.28
company_03409,Vanguard Textiles 916 Private Limited,0,0,0,0.2542,None,746,2.1744,6.35,4.45,1.67
company_03410,Radhe Solutions 635 Partnership Firm,0,0,0,0.3304,None,696,1.4297,5.21,3.14,1.85
company_03411,Karan Pharma 185 Partnership Firm,0,0,0,0.1916,None,779,1.2553,6.0,3.9,3.39
company_03412,Delta Metals 942 Partnership Firm,0,0,0,0.0893,None,745,1.7405,3.64,6.88,2.49
company_03413,Vidya Solutions 794 Partnership Firm,0,0,0,0.1134,None,786,1.7904,5.04,4.57,2.32
company_03414,Vidya Logistics 674 LLP,0,0,0,0.1647,None,682,1.108,9.31,4.69,3.23
company_03415,Kalyani Logistics 449 Partnership Firm,1,0,1,0.7429,circular_trading,691,0.5001,33.16,14.45,6.77
company_03416,Vidya Infotech 711 Partnership Firm,0,0,0,0.0394,None,689,1.3258,2.04,2.82,3.21
company_03417,Navrachana Healthcare 921 Partnership Firm,0,0,0,0.3442,None,801,2.0117,3.57,2.83,0.4
company_03418,Urja Infrastructure 514 Private Limited,0,0,0,0.1741,None,740,1.3362,3.84,2.75,1.88
company_03419,Kalyani Pharma 944 Partnership Firm,0,0,0,0.016,None,693,1.2354,2.63,7.37,4.33
company_03420,Shivam Retail 320 Private Limited,0,0,0,0.2024,None,772,1.978,3.71,3.02,3.35
company_03421,Surya Chemicals 281 LLP,0,0,0,0.1436,None,762,1.2678,3.47,2.95,1.43
company_03422,Infinity Metals 932 Private Limited,0,0,0,0.1287,None,703,1.2448,5.84,6.51,2.98
company_03423,Infinity Pharma 337 Private Limited,0,0,0,0.0205,None,739,1.7228,4.4,4.18,1.76
company_03424,Arogya Enterprises 910 Private Limited,0,0,0,0.2757,None,744,1.5976,3.52,3.55,5.0
company_03425,Karan Healthcare 394 Private Limited,1,0,1,0.9488,benami_siphoning,659,0.6108,38.2,38.24,18.53
company_03426,Urja Industries 990 Private Limited,0,0,0,0.3363,None,814,1.3389,7.03,4.73,1.12
company_03427,Navrachana Infrastructure 806 LLP,0,0,0,0.2728,None,759,1.7407,2.65,3.5,1.98
company_03428,Urja Renewables 272 LLP,1,0,1,0.8551,benami_siphoning,667,2.4146,50.0,29.16,5.98
company_03429,Vidya Solutions 458 Private Limited,1,0,1,0.9303,evergreening,551,1.5543,15.58,25.56,13.79
company_03430,Vanguard Textiles 365 Private Limited,0,0,0,0.0488,None,742,1.4179,6.22,8.06,1.66
company_03431,Navrachana Automotive 926 Private Limited,0,0,0,0.2728,None,733,1.3206,2.02,4.19,3.45
company_03432,Ambika Retail 660 Partnership Firm,0,0,0,0.1024,None,773,1.2378,4.06,4.09,1.63
company_03433,Urja Enterprises Private Limited,0,0,0,0.0561,None,754,1.6681,5.3,2.14,1.94
company_03434,Delta Industries 711 LLP,0,0,0,0.2707,None,807,1.9727,2.95,3.39,1.54
company_03435,Sterling Healthcare 226 Private Limited,1,0,1,0.6277,seasonal_manipulation,665,1.0531,18.62,6.7,5.15
company_03436,Navrachana Chemicals 825 Private Limited,0,0,0,0.2867,None,722,1.0959,5.58,6.29,6.24
company_03437,Hindustan Solutions 950 Private Limited,0,0,0,0.2339,None,709,1.5108,4.34,7.96,2.76
company_03438,Ganesh Renewables 773 Partnership Firm,0,1,1,0.6077,shell_company,783,1.188,4.2,5.02,0.18
company_03439,Tejas Healthcare Private Limited,0,0,0,0.3441,None,751,1.4369,4.57,7.12,1.4
company_03440,Delta Energy 700 Partnership Firm,1,0,1,0.6487,benami_siphoning,631,0.864,16.5,19.47,5.05
company_03441,Kalyani Pharma 869 Partnership Firm,0,0,0,0.0688,None,774,1.1446,2.92,4.25,2.95
company_03442,Tejas Infrastructure 678 Private Limited,0,0,0,0.0759,None,757,1.8266,3.98,4.24,1.86
company_03443,Delta Enterprises 822 LLP,0,1,1,0.5007,seasonal_manipulation,772,1.1491,7.11,4.04,2.08
company_03444,Infinity Industries 259 Private Limited,0,0,0,0.1484,None,803,1.5393,5.56,3.2,1.15
company_03445,Matrix Healthcare 775 Private Limited,0,0,0,0.1867,None,849,1.4961,6.19,3.57,0.0
company_03446,Infinity Solutions 319 LLP,0,0,0,0.0698,None,753,1.791,4.65,6.28,1.46
company_03447,Bhaskar Automotive 524 LLP,0,0,0,0.1431,None,710,2.2194,3.99,3.29,1.89
company_03448,Navrachana Pharma 151 Private Limited,0,0,0,0.1667,None,806,1.8593,4.97,3.47,1.11
company_03449,Navrachana Industries 482 Private Limited,0,0,0,0.1003,None,742,1.6966,5.26,4.36,1.86
company_03450,Urja Power 921 Partnership Firm,0,0,0,0.1104,None,755,1.157,6.02,4.19,2.06
company_03451,Bharat Builders 124 Private Limited,0,0,0,0.2997,None,709,1.2841,3.19,3.31,1.52
company_03452,Aditya Textiles 568 Partnership Firm,0,0,0,0.2699,None,747,0.9685,5.9,3.2,2.06
company_03453,Urja Renewables 992 Partnership Firm,0,0,0,0.1913,None,690,1.5313,4.13,2.53,2.44
company_03454,Hindustan Renewables 148 Partnership Firm,0,0,0,0.1087,None,721,1.8658,10.46,5.46,3.02
company_03455,Surya Power 213 LLP,0,0,0,0.2856,None,728,1.881,7.29,3.89,2.18
company_03456,Sterling Infotech 848 Private Limited,0,0,0,0.2609,None,806,1.4227,4.75,5.01,2.43
company_03457,Navrachana Textiles 286 LLP,0,1,1,0.4474,revenue_inflation,717,1.0996,5.1,3.86,4.37
company_03458,Navrachana Energy 725 Private Limited,0,0,0,0.2909,None,753,0.9638,3.66,3.32,2.12
company_03459,Vanguard Foods Partnership Firm,0,0,0,0.1948,None,762,1.8326,2.63,4.77,1.71
company_03460,Apex Builders 881 LLP,0,0,0,0.3115,None,716,0.8986,2.9,3.47,2.28
company_03461,Tejas Logistics 329 Private Limited,0,0,0,0.3183,None,746,1.1932,2.65,3.17,2.51
company_03462,Radhe Retail 865 Partnership Firm,0,0,0,0.1529,None,721,1.9789,5.37,4.22,1.92
company_03463,Sterling Renewables 279 LLP,0,0,0,0.0985,None,748,1.3244,4.98,4.33,2.43
company_03464,Karan Power 972 Partnership Firm,1,0,1,0.8669,shell_company,510,1.2002,49.35,38.63,13.75
company_03465,Tejas Enterprises 670 Private Limited,0,0,0,0.0167,None,741,2.3058,1.76,10.12,2.41
company_03466,Hindustan Energy 526 Partnership Firm,0,0,0,0.028,None,803,2.114,4.89,4.16,2.62
company_03467,Tejas Pharma 880 Private Limited,0,0,0,0.2745,None,742,1.2153,3.89,5.66,2.0
company_03468,Shivam Metals 429 Private Limited,0,0,0,0.2827,None,845,1.1719,4.26,8.11,1.95
company_03469,Arogya Retail 609 LLP,0,0,0,0.2539,None,740,2.2119,3.88,5.24,2.38
company_03470,Sterling Metals 216 LLP,0,0,0,0.0356,None,763,1.0857,5.02,3.25,1.27
company_03471,Hindustan Renewables 802 Private Limited,1,0,1,0.9346,circular_trading,598,0.5056,43.32,25.88,8.39
company_03472,Sterling Infotech 630 LLP,0,0,0,0.149,None,790,1.6885,3.31,4.72,1.96
company_03473,Radhe Metals 940 Private Limited,0,0,0,0.1436,None,731,1.1526,5.43,4.61,1.8
company_03474,Matrix Automotive 338 Partnership Firm,0,0,0,0.2057,None,791,1.3653,4.12,4.18,1.73
company_03475,Arogya Energy 693 Private Limited,0,0,0,0.2371,None,709,0.9883,8.01,6.16,2.4
company_03476,Bharat Logistics 210 Partnership Firm,0,0,0,0.2702,None,708,1.9293,2.62,5.56,2.66
company_03477,Ganesh Logistics 449 Private Limited,0,0,0,0.3333,None,790,1.476,5.0,3.66,1.21
company_03478,Zenith Logistics 196 LLP,0,0,0,0.1887,None,849,1.611,3.56,3.26,1.24
company_03479,Vidya Pharma 760 LLP,0,0,0,0.0835,None,747,1.3417,2.57,4.03,3.02
company_03480,Surya Logistics 536 LLP,1,0,1,0.9032,evergreening,693,0.5715,26.71,15.52,20.7
company_03481,Sterling Solutions 216 Partnership Firm,0,0,0,0.3398,None,771,1.4671,10.63,4.19,1.93
company_03482,Arogya Retail 895 Private Limited,0,1,1,0.6177,circular_trading,686,1.4805,4.39,3.07,2.39
company_03483,Vidya Automotive 485 Partnership Firm,0,0,0,0.1598,None,789,1.5058,8.16,2.9,1.96
company_03484,Navrachana Infrastructure 792 LLP,1,0,1,0.8722,circular_trading,615,1.2627,47.91,16.42,11.09
company_03485,Hindustan Infrastructure 476 Partnership Firm,0,0,0,0.2612,None,740,1.7797,2.8,4.34,2.26
company_03486,Matrix Retail 593 Private Limited,0,0,0,0.2676,None,762,1.2256,5.41,3.93,1.2
company_03487,Urja Industries 401 Partnership Firm,1,0,1,0.6827,benami_siphoning,549,1.0666,8.87,27.78,5.69
company_03488,Hindustan Automotive 960 Partnership Firm,0,0,0,0.0552,None,702,1.6054,3.04,4.36,2.65
company_03489,Matrix Textiles 290 LLP,0,0,0,0.1637,None,702,1.4927,7.0,5.02,4.55
company_03490,Vanguard Infotech 568 Partnership Firm,0,0,0,0.0275,None,795,1.5077,3.64,3.16,3.4
company_03491,Vidya Builders Private Limited,0,0,0,0.1188,None,712,1.8936,7.28,3.56,2.65
company_03492,Karan Enterprises 528 Partnership Firm,0,0,0,0.1081,None,787,1.4961,3.49,3.36,1.75
company_03493,Vanguard Retail 923 LLP,0,0,0,0.0114,None,786,1.3793,1.82,4.25,4.65
company_03494,Delta Retail 842 LLP,0,0,0,0.2401,None,714,1.5422,3.02,5.24,1.59
company_03495,Aditya Retail 802 LLP,0,0,0,0.1324,None,775,1.4085,2.28,3.51,1.95
company_03496,Vanguard Energy 306 LLP,0,0,0,0.2017,None,719,1.4461,3.91,4.74,2.46
company_03497,Ganesh Industries 683 Private Limited,0,0,0,0.1352,None,721,1.4677,3.36,3.64,1.79
company_03498,Ganesh Energy 318 LLP,0,0,0,0.0636,None,746,0.9465,10.61,5.73,1.34
company_03499,Ambika Builders 562 Partnership Firm,0,0,0,0.3134,None,716,2.6117,2.9,5.55,2.53
company_03500,Tejas Logistics 534 Partnership Firm,0,0,0,0.1044,None,793,1.4823,2.93,2.76,1.67
company_03501,Radhe Renewables 741 Private Limited,0,0,0,0.2382,None,721,1.1689,5.01,4.53,2.37
company_03502,Arogya Infrastructure 485 Partnership Firm,0,0,0,0.1556,None,712,1.81,2.9,4.03,1.7
company_03503,Arogya Pharma 277 Partnership Firm,0,0,0,0.0416,None,737,0.8944,2.77,2.58,3.68
company_03504,Ganesh Infotech LLP,0,0,0,0.2493,None,668,1.4106,3.97,6.64,3.9
company_03505,Karan Solutions 377 Partnership Firm,1,0,1,0.9537,revenue_inflation,612,1.3162,27.6,25.47,7.56
company_03506,Arogya Power 344 LLP,0,0,0,0.1999,None,735,1.5484,3.52,4.03,1.94
company_03507,Apex Logistics 209 Private Limited,0,0,0,0.3144,None,746,1.0909,4.11,5.24,2.03
company_03508,Shivam Textiles 975 LLP,0,0,0,0.12,None,785,0.9321,6.1,3.21,1.0
company_03509,Delta Infotech 908 LLP,0,0,0,0.2593,None,713,1.6628,3.38,3.93,2.54
company_03510,Ganesh Energy Partnership Firm,0,0,0,0.2732,None,773,2.1799,4.72,3.83,4.64
company_03511,Apex Infotech 312 LLP,0,0,0,0.2785,None,730,1.2076,5.86,4.1,2.63
company_03512,Surya Metals Partnership Firm,0,0,0,0.1557,None,666,1.6025,4.81,5.0,4.09
company_03513,Kalyani Healthcare 783 Partnership Firm,0,0,0,0.285,None,757,1.6496,5.48,2.81,2.55
company_03514,Kalyani Power 151 Private Limited,1,0,1,0.6365,seasonal_manipulation,685,1.6926,20.46,9.32,5.53
company_03515,Vidya Infotech 690 Private Limited,0,0,0,0.1622,None,740,1.1979,5.31,3.64,1.91
company_03516,Hindustan Solutions 493 LLP,0,0,0,0.2208,None,730,1.5379,11.25,6.37,0.87
company_03517,Arogya Energy 707 Partnership Firm,0,0,0,0.1282,None,750,1.8101,3.88,3.95,1.89
company_03518,Navrachana Builders 524 Partnership Firm,0,0,0,0.0681,None,793,1.3476,5.59,3.68,4.08
company_03519,Bhaskar Automotive 826 LLP,0,0,0,0.0977,None,715,1.2757,7.56,4.07,2.48
company_03520,Urja Infrastructure 488 LLP,0,0,0,0.1347,None,802,1.5302,4.05,2.73,1.52
company_03521,Kalyani Power 685 LLP,0,0,0,0.1842,None,811,1.2414,5.33,6.25,1.62
company_03522,Navrachana Industries 879 LLP,1,0,1,0.9391,circular_trading,594,1.0272,42.08,21.74,10.56
company_03523,Navrachana Infrastructure 387 LLP,0,0,0,0.1632,None,689,1.2342,4.98,4.11,2.68
company_03524,Apex Energy 985 LLP,0,0,0,0.1727,None,711,1.4815,3.47,4.19,1.96
company_03525,Zenith Renewables 521 Partnership Firm,0,0,0,0.1355,None,752,1.8733,4.31,6.26,2.71
company_03526,Arogya Renewables Partnership Firm,0,1,1,0.6314,revenue_inflation,787,1.5744,3.11,4.65,3.7
company_03527,Ambika Renewables 967 Partnership Firm,0,0,0,0.3447,None,763,1.5955,4.36,5.73,0.85
company_03528,Matrix Chemicals 230 Partnership Firm,0,0,0,0.1736,None,809,0.7503,3.21,5.96,1.95
company_03529,Infinity Infotech 349 Private Limited,1,0,1,0.9775,circular_trading,584,0.7773,27.11,25.65,10.94
company_03530,Radhe Metals 450 Partnership Firm,0,0,0,0.1718,None,793,1.2588,4.98,5.44,1.21
company_03531,Vidya Textiles 555 LLP,0,0,0,0.0567,None,773,1.8785,3.03,5.73,3.3
company_03532,Kalyani Enterprises 710 LLP,0,0,0,0.0679,None,725,1.1833,3.63,4.55,2.14
company_03533,Shivam Pharma 381 LLP,0,0,0,0.3371,None,743,1.7338,5.13,3.67,2.82
company_03534,Shivam Textiles 976 Private Limited,0,0,0,0.2508,None,727,1.5379,8.91,4.98,2.51
company_03535,Zenith Energy 871 LLP,0,0,0,0.0343,None,757,1.0904,11.83,4.4,1.08
company_03536,Infinity Automotive 236 Partnership Firm,0,0,0,0.1049,None,754,1.4703,4.58,5.15,3.13
company_03537,Hindustan Power 709 LLP,0,0,0,0.2713,None,823,1.0044,6.15,5.41,0.78
company_03538,Karan Builders 695 Private Limited,0,0,0,0.2619,None,771,1.5027,3.83,2.81,3.12
company_03539,Delta Logistics 162 Partnership Firm,0,0,0,0.1068,None,696,1.2891,8.5,4.73,3.23
company_03540,Apex Metals 983 Partnership Firm,0,0,0,0.2502,None,755,1.8352,4.72,4.32,4.36
company_03541,Matrix Industries 829 LLP,0,0,0,0.1436,None,744,2.1117,2.98,2.77,2.17
company_03542,Urja Renewables 428 LLP,0,0,0,0.1752,None,783,1.0051,1.79,3.85,1.64
company_03543,Bhaskar Builders 225 LLP,0,0,0,0.252,None,731,1.2368,7.44,7.49,1.75
company_03544,Shivam Infrastructure 248 LLP,0,0,0,0.0903,None,802,1.3025,2.34,2.81,1.92
company_03545,Vidya Power 744 LLP,0,0,0,0.3376,None,747,1.888,7.47,3.96,1.2
company_03546,Vidya Power 667 Partnership Firm,0,0,0,0.0868,None,751,0.993,11.2,3.94,1.73
company_03547,Shivam Automotive 289 Private Limited,0,0,0,0.3425,None,735,1.8072,2.83,4.8,1.99
company_03548,Aditya Metals 633 Private Limited,1,0,1,0.7483,evergreening,693,0.2,9.49,14.35,11.37
company_03549,Delta Power 805 Private Limited,0,0,0,0.2754,None,711,1.6126,3.61,3.28,2.71
company_03550,Ganesh Energy 798 LLP,0,0,0,0.1214,None,756,1.5562,3.11,3.82,2.19
company_03551,Vidya Metals 341 LLP,0,0,0,0.1126,None,727,1.5684,4.25,3.6,1.81
company_03552,Shivam Metals 170 Private Limited,0,0,0,0.2956,None,788,0.7514,3.38,5.31,1.13
company_03553,Bhaskar Chemicals 933 Private Limited,0,0,0,0.1093,None,652,1.3095,3.53,4.18,3.58
company_03554,Vanguard Energy 564 Private Limited,0,0,0,0.1263,None,801,1.6264,1.49,6.18,2.14
company_03555,Zenith Energy 339 LLP,0,0,0,0.2122,None,735,1.8293,4.36,3.74,3.04
company_03556,Radhe Builders 476 Partnership Firm,0,0,0,0.2641,None,783,1.8675,3.65,2.87,1.45
company_03557,Matrix Healthcare 621 Private Limited,0,0,0,0.0529,None,812,1.6597,4.21,3.0,0.58
company_03558,Kalyani Infotech 114 Partnership Firm,0,0,0,0.2801,None,797,1.331,9.42,6.66,0.61
company_03559,Hindustan Renewables 259 Private Limited,0,0,0,0.0528,None,828,1.1844,6.39,3.75,2.04
company_03560,Vanguard Builders 512 Private Limited,0,0,0,0.3415,None,719,1.2632,3.53,3.08,2.7
company_03561,Vidya Retail 763 Private Limited,1,0,1,0.6054,benami_siphoning,618,1.217,11.12,21.42,6.26
company_03562,Surya Infrastructure 369 Partnership Firm,0,0,0,0.294,None,716,1.9861,4.55,4.27,2.3
company_03563,Zenith Enterprises 973 Private Limited,1,0,1,0.966,benami_siphoning,659,0.2579,33.83,44.56,11.71
company_03564,Ambika Industries 806 Private Limited,0,0,0,0.1316,None,802,1.1825,3.64,3.3,1.99
company_03565,Hindustan Industries 590 LLP,1,0,1,0.8541,benami_siphoning,705,1.3641,17.87,20.28,8.05
company_03566,Vidya Textiles 513 Private Limited,0,0,0,0.1147,None,721,1.8605,5.24,3.78,2.04
company_03567,Radhe Metals 735 Private Limited,0,0,0,0.0317,None,820,0.6944,3.91,5.2,2.2
company_03568,Apex Automotive 248 Partnership Firm,0,0,0,0.015,None,746,1.3383,3.17,10.04,2.54
company_03569,Tejas Chemicals 999 LLP,0,0,0,0.054,None,653,1.4793,4.06,4.95,2.91
company_03570,Arogya Builders 599 LLP,0,0,0,0.1671,None,738,1.4616,4.79,7.03,1.66
company_03571,Navrachana Foods 667 LLP,0,0,0,0.0807,None,705,1.5543,5.66,4.54,2.42
company_03572,Surya Solutions 183 LLP,0,0,0,0.2893,None,713,1.9046,5.14,4.14,3.46
company_03573,Radhe Foods 758 Partnership Firm,0,0,0,0.3436,None,749,1.4313,4.19,6.58,2.76
company_03574,Ganesh Retail 639 LLP,0,0,0,0.2716,None,664,1.6291,11.8,2.9,3.9
company_03575,Bhaskar Metals 479 Partnership Firm,0,0,0,0.3001,None,791,1.4658,2.12,3.37,1.57
company_03576,Urja Metals 406 Private Limited,0,0,0,0.1192,None,774,2.7904,6.77,4.38,1.22
company_03577,Navrachana Builders 473 Partnership Firm,1,0,1,0.894,seasonal_manipulation,657,0.6546,25.61,13.66,6.66
company_03578,Shivam Logistics 399 Private Limited,0,0,0,0.2444,None,645,1.2931,7.24,3.59,2.86
company_03579,Bharat Power 928 Partnership Firm,0,0,0,0.0715,None,804,1.3288,7.04,4.24,2.67
company_03580,Bhaskar Retail 587 Private Limited,0,0,0,0.331,None,730,0.6845,4.97,5.23,3.66
company_03581,Kalyani Infotech 545 LLP,0,0,0,0.0772,None,769,1.4689,5.22,3.64,1.32
company_03582,Navrachana Solutions 512 LLP,0,0,0,0.1612,None,830,1.2934,4.92,3.07,0.63
company_03583,Delta Textiles 934 LLP,0,0,0,0.0928,None,757,2.027,4.19,4.59,1.85
company_03584,Surya Pharma 992 Partnership Firm,0,0,0,0.3453,None,690,1.1539,6.66,3.12,2.55
company_03585,Shivam Healthcare 198 Partnership Firm,0,0,0,0.3162,None,750,1.7888,6.9,4.43,3.28
company_03586,Tejas Industries 389 Partnership Firm,0,0,0,0.0629,None,745,1.3414,5.12,4.13,2.01
company_03587,Shivam Infrastructure 384 Partnership Firm,0,0,0,0.0161,None,753,1.3005,5.7,2.15,2.06
company_03588,Hindustan Textiles 852 LLP,0,0,0,0.3176,None,765,1.7509,1.6,3.16,1.99
company_03589,Shivam Pharma 470 LLP,0,0,0,0.1107,None,806,1.4376,2.15,4.62,1.31
company_03590,Sterling Energy 590 Partnership Firm,0,0,0,0.1978,None,768,1.0657,2.73,3.3,1.58
company_03591,Vanguard Infrastructure 532 LLP,0,0,0,0.1905,None,746,1.4018,4.45,2.86,3.65
company_03592,Sterling Industries 324 Partnership Firm,0,0,0,0.29,None,755,1.9079,2.12,4.61,1.12
company_03593,Apex Renewables 527 LLP,0,0,0,0.1669,None,753,1.2231,11.92,5.55,3.33
company_03594,Ambika Pharma Partnership Firm,1,0,1,0.8916,revenue_inflation,620,0.9421,42.57,26.7,9.75
company_03595,Matrix Infotech 697 LLP,0,0,0,0.0374,None,785,1.1725,5.11,4.07,3.03
company_03596,Tejas Industries 917 LLP,0,0,0,0.3159,None,784,1.4715,2.74,3.02,2.02
company_03597,Matrix Chemicals 296 LLP,0,0,0,0.1591,None,766,1.4667,3.16,3.07,1.71
company_03598,Urja Pharma 129 LLP,0,0,0,0.2701,None,793,1.4807,4.61,8.15,0.16
company_03599,Shivam Solutions 598 LLP,0,0,0,0.0402,None,768,1.5148,4.92,3.47,2.27
company_03600,Bhaskar Builders 778 Private Limited,0,0,0,0.3213,None,763,1.7715,4.21,4.88,5.49
company_03601,Infinity Energy 442 Private Limited,0,0,0,0.1665,None,720,1.243,2.08,3.72,1.93
company_03602,Bharat Power 179 LLP,0,0,0,0.265,None,798,1.5706,4.0,6.52,0.04
company_03603,Vanguard Industries 172 Partnership Firm,0,0,0,0.1553,None,656,1.5678,3.04,3.16,2.24
company_03604,Ambika Solutions 479 LLP,0,0,0,0.2957,None,741,1.0184,3.61,4.1,1.46
company_03605,Bharat Automotive 320 Private Limited,0,0,0,0.3041,None,775,1.4325,11.39,3.89,1.09
company_03606,Ambika Energy 659 Private Limited,0,0,0,0.2017,None,773,1.3139,9.27,3.91,2.44
company_03607,Surya Power 383 LLP,0,0,0,0.0798,None,786,1.3345,2.0,2.62,1.61
company_03608,Delta Enterprises 560 Private Limited,0,0,0,0.257,None,757,1.4069,4.1,3.86,1.96
company_03609,Arogya Chemicals 819 Partnership Firm,0,0,0,0.1944,None,718,1.315,6.2,6.2,1.81
company_03610,Karan Foods 605 LLP,0,0,0,0.2015,None,786,1.4442,4.26,2.4,1.45
company_03611,Shivam Infotech 645 LLP,1,0,1,0.9315,seasonal_manipulation,703,1.0365,26.01,18.99,7.69
company_03612,Ganesh Logistics 663 Partnership Firm,0,0,0,0.1753,None,725,1.3538,3.66,4.06,2.24
company_03613,Radhe Solutions 499 Partnership Firm,1,0,1,0.8395,shell_company,606,1.3006,31.61,27.55,10.56
company_03614,Karan Pharma 959 Private Limited,0,0,0,0.3152,None,680,1.3439,9.83,8.91,3.4
company_03615,Navrachana Foods 586 Partnership Firm,0,0,0,0.0306,None,688,1.4728,3.97,5.41,3.16
company_03616,Sterling Renewables 961 LLP,0,0,0,0.3012,None,806,1.069,3.01,3.5,3.06
company_03617,Hindustan Healthcare 288 LLP,0,0,0,0.3098,None,754,0.9551,9.1,3.94,2.16
company_03618,Radhe Infrastructure 475 Partnership Firm,0,0,0,0.3276,None,733,2.0406,4.28,5.11,2.74
company_03619,Arogya Healthcare 222 Partnership Firm,0,0,0,0.3341,None,731,1.1163,4.89,4.86,2.15
company_03620,Urja Logistics 666 LLP,0,0,0,0.0578,None,794,1.5218,4.59,4.48,1.11
company_03621,Tejas Infrastructure 953 Private Limited,1,0,1,0.9815,revenue_inflation,652,0.8886,39.04,37.84,7.21
company_03622,Radhe Logistics 462 Partnership Firm,0,0,0,0.2433,None,735,1.4973,10.36,8.21,2.61
company_03623,Infinity Textiles 188 Private Limited,0,0,0,0.055,None,681,0.8742,10.49,7.01,5.53
company_03624,Infinity Logistics 812 Partnership Firm,0,0,0,0.3028,None,733,2.1196,4.57,3.55,2.15
company_03625,Bhaskar Industries 754 Private Limited,0,0,0,0.2808,None,733,1.1807,5.75,3.49,1.53
company_03626,Surya Metals 788 Partnership Firm,1,0,1,0.9285,shell_company,450,0.6359,44.05,34.14,5.56
company_03627,Bhaskar Chemicals 159 Partnership Firm,1,0,1,0.7798,shell_company,475,1.0597,32.8,18.63,5.82
company_03628,Surya Automotive 922 Private Limited,1,0,1,0.9093,shell_company,502,1.0174,38.57,34.28,11.33
company_03629,Bhaskar Infotech 628 Private Limited,0,0,0,0.1789,None,807,2.7784,6.95,6.54,0.92
company_03630,Urja Enterprises 654 Private Limited,0,0,0,0.1044,None,755,0.9597,2.69,3.18,1.52
company_03631,Bharat Retail 829 Private Limited,0,0,0,0.0152,None,745,2.1481,5.04,4.46,1.36
company_03632,Infinity Energy 481 Private Limited,0,0,0,0.2809,None,749,0.9988,3.6,3.29,2.77
company_03633,Sterling Automotive 529 LLP,0,0,0,0.13,None,720,1.5045,1.62,4.34,2.6
company_03634,Surya Infrastructure 374 LLP,0,0,0,0.0699,None,777,2.492,1.95,2.19,3.37
company_03635,Sterling Energy 604 Partnership Firm,0,0,0,0.2837,None,750,2.2488,2.97,2.51,1.73
company_03636,Radhe Builders 122 Private Limited,1,0,1,0.5612,benami_siphoning,584,1.7695,8.59,31.89,8.61
company_03637,Navrachana Textiles 627 LLP,0,0,0,0.1755,None,768,1.3465,15.06,4.87,4.08
company_03638,Bharat Automotive 658 LLP,0,0,0,0.0726,None,755,1.9906,2.97,3.62,1.96
company_03639,Apex Power 495 Partnership Firm,0,0,0,0.0597,None,721,1.4248,3.65,3.02,3.65
company_03640,Sterling Foods 900 Private Limited,0,0,0,0.0257,None,710,1.1186,3.19,3.35,2.91
company_03641,Kalyani Energy 286 Private Limited,0,0,0,0.2733,None,725,1.9354,5.06,3.52,3.38
company_03642,Shivam Power 191 Private Limited,0,0,0,0.3442,None,754,1.1487,4.27,3.24,1.48
company_03643,Delta Enterprises 825 LLP,0,0,0,0.1413,None,683,1.5874,3.56,3.57,3.47
company_03644,Infinity Textiles 476 Private Limited,0,0,0,0.0532,None,752,1.7252,3.79,3.31,3.17
company_03645,Bharat Metals 208 Private Limited,0,0,0,0.2194,None,743,1.4137,5.91,4.39,3.11
company_03646,Tejas Chemicals 699 LLP,0,0,0,0.0285,None,752,0.9987,4.76,4.12,1.1
company_03647,Radhe Logistics 271 Private Limited,0,0,0,0.1931,None,662,1.259,6.35,4.32,3.46
company_03648,Ambika Foods 768 Private Limited,1,0,1,0.8896,circular_trading,653,0.8505,22.04,25.83,10.61
company_03649,Surya Retail 839 Private Limited,0,0,0,0.0837,None,716,1.4504,3.91,3.51,2.09
company_03650,Apex Power 793 LLP,0,0,0,0.2799,None,695,1.4551,5.51,4.85,1.79
company_03651,Ambika Energy 884 LLP,0,0,0,0.2652,None,744,1.3619,6.24,2.93,1.94
company_03652,Surya Renewables 707 Partnership Firm,0,1,1,0.4746,benami_siphoning,678,1.7682,4.48,5.32,4.41
company_03653,Vidya Power 700 Partnership Firm,0,0,0,0.0381,None,768,1.6462,5.07,6.82,1.88
company_03654,Hindustan Healthcare Private Limited,0,0,0,0.1759,None,715,0.9523,5.26,3.64,2.1
company_03655,Hindustan Textiles 134 Private Limited,1,0,1,0.9491,circular_trading,597,0.7093,28.95,20.29,9.34
company_03656,Ambika Energy 811 Private Limited,0,0,0,0.3101,None,861,1.5266,5.84,3.26,0.02
company_03657,Vanguard Industries 943 LLP,0,0,0,0.1959,None,757,0.9388,6.34,4.15,1.7
company_03658,Kalyani Renewables 231 LLP,0,0,0,0.0733,None,728,1.8346,3.94,5.36,3.01
company_03659,Kalyani Infrastructure 736 Partnership Firm,1,0,1,0.8656,benami_siphoning,733,0.7817,17.75,31.06,9.45
company_03660,Bhaskar Metals 375 Private Limited,0,0,0,0.2042,None,765,1.5402,2.41,2.88,2.33
company_03661,Vanguard Solutions 851 Private Limited,0,0,0,0.1068,None,720,1.6187,4.9,8.12,3.64
company_03662,Zenith Metals 916 Partnership Firm,0,0,0,0.2704,None,798,1.2123,5.92,3.15,0.72
company_03663,Urja Enterprises 148 LLP,1,0,1,0.977,benami_siphoning,673,1.4471,27.23,28.71,6.31
company_03664,Matrix Chemicals 288 LLP,0,0,0,0.2798,None,752,1.1952,2.36,2.58,4.44
company_03665,Radhe Logistics 502 Partnership Firm,0,0,0,0.3306,None,716,1.0129,5.94,3.61,6.03
company_03666,Surya Pharma 274 Private Limited,0,0,0,0.3202,None,755,0.7744,7.53,4.0,1.9
company_03667,Navrachana Healthcare 171 LLP,0,0,0,0.0234,None,769,1.2256,7.5,4.69,1.66
company_03668,Vanguard Industries 985 Private Limited,0,0,0,0.0447,None,798,1.2257,3.57,4.85,1.31
company_03669,Delta Logistics 849 Private Limited,0,0,0,0.0495,None,813,1.3066,3.39,4.95,2.05
company_03670,Arogya Builders 776 Private Limited,0,0,0,0.1268,None,789,1.2096,3.68,3.38,2.7
company_03671,Tejas Automotive 400 Partnership Firm,0,0,0,0.2407,None,736,2.1814,1.6,5.77,3.43
company_03672,Vanguard Infrastructure 452 LLP,0,0,0,0.0131,None,771,1.2319,5.48,3.05,2.7
company_03673,Bharat Retail 692 LLP,0,0,0,0.0548,None,698,1.5589,3.74,3.62,1.28
company_03674,Navrachana Healthcare 653 LLP,0,0,0,0.1626,None,792,1.3836,3.71,3.92,1.95
company_03675,Karan Power 432 LLP,0,0,0,0.1097,None,758,1.2786,3.34,3.95,2.57
company_03676,Zenith Healthcare 347 LLP,0,0,0,0.3219,None,751,1.3339,5.93,3.67,2.58
company_03677,Shivam Enterprises 295 Partnership Firm,0,0,0,0.2318,None,742,1.1949,2.11,3.11,2.39
company_03678,Karan Foods 868 Partnership Firm,0,0,0,0.1015,None,734,2.2702,2.82,3.12,2.12
company_03679,Bharat Energy Partnership Firm,0,1,1,0.6757,evergreening,722,0.8322,7.47,7.64,3.46
company_03680,Infinity Metals 625 Partnership Firm,0,0,0,0.1539,None,706,1.541,2.37,3.34,2.41
company_03681,Vanguard Textiles 664 LLP,1,0,1,0.9215,seasonal_manipulation,620,1.1001,43.55,45.0,7.83
company_03682,Vanguard Logistics 481 Partnership Firm,0,0,0,0.2194,None,735,0.9816,2.21,3.41,2.17
company_03683,Bharat Power 259 Private Limited,0,0,0,0.2472,None,721,1.7091,5.6,3.66,2.04
company_03684,Zenith Foods LLP,0,0,0,0.3332,None,743,1.1017,10.01,3.09,1.4
company_03685,Ganesh Metals 960 Private Limited,0,0,0,0.2501,None,755,1.2196,6.86,3.51,1.51
company_03686,Navrachana Retail 903 Private Limited,0,0,0,0.1646,None,670,1.9976,3.09,4.89,3.35
company_03687,Tejas Energy 762 LLP,0,0,0,0.2603,None,782,1.8967,3.1,4.35,1.44
company_03688,Ambika Power 563 LLP,0,0,0,0.1979,None,698,2.1016,6.39,3.62,2.37
company_03689,Radhe Infrastructure LLP,1,0,1,0.5526,revenue_inflation,559,0.8081,21.25,19.49,8.27
company_03690,Kalyani Infotech 346 LLP,0,0,0,0.2166,None,683,1.2959,2.91,3.47,3.01
company_03691,Matrix Chemicals 423 Partnership Firm,0,0,0,0.3178,None,772,1.0535,3.81,3.2,1.63
company_03692,Kalyani Solutions 692 Partnership Firm,0,0,0,0.1235,None,736,1.5082,2.71,4.82,2.4
company_03693,Radhe Energy 780 Partnership Firm,1,0,1,0.7178,evergreening,685,0.3697,15.9,7.22,13.85
company_03694,Sterling Enterprises 625 Partnership Firm,0,0,0,0.1061,None,794,1.702,4.96,4.35,1.24
company_03695,Hindustan Foods Partnership Firm,0,0,0,0.2601,None,780,1.0712,4.41,4.84,1.3
company_03696,Delta Pharma 751 LLP,0,0,0,0.2704,None,669,1.1198,5.55,6.16,1.99
company_03697,Arogya Chemicals 764 Private Limited,0,0,0,0.2349,None,758,1.9358,4.28,3.89,2.54
company_03698,Bharat Infrastructure 833 LLP,0,0,0,0.131,None,709,1.2905,6.39,9.18,1.48
company_03699,Delta Infotech 787 LLP,0,0,0,0.027,None,829,1.4393,3.66,3.2,0.58
company_03700,Tejas Infrastructure 495 LLP,0,0,0,0.1893,None,709,0.9826,3.49,3.13,1.99
company_03701,Hindustan Automotive 194 LLP,0,0,0,0.1966,None,641,1.7151,4.16,5.18,2.66
company_03702,Matrix Foods 416 LLP,0,0,0,0.3251,None,724,2.1399,4.66,5.84,2.19
company_03703,Matrix Metals 719 LLP,0,0,0,0.1097,None,731,1.8949,3.73,4.06,2.77
company_03704,Shivam Infrastructure 933 LLP,0,0,0,0.2346,None,719,1.9154,3.31,3.37,2.72
company_03705,Matrix Power 357 LLP,1,0,1,0.8846,shell_company,479,0.5521,75.21,45.41,7.92
company_03706,Navrachana Industries 378 LLP,0,0,0,0.2678,None,735,1.0255,9.3,4.1,0.64
company_03707,Infinity Infrastructure 200 Private Limited,1,0,1,0.9393,seasonal_manipulation,665,0.7743,28.91,17.84,11.65
company_03708,Matrix Renewables 822 Private Limited,0,0,0,0.2256,None,761,1.2825,2.1,4.52,2.47
company_03709,Infinity Infrastructure 370 Private Limited,0,0,0,0.2493,None,758,0.8633,3.93,5.36,1.8
company_03710,Aditya Power 778 Partnership Firm,0,0,0,0.0427,None,716,1.3222,7.96,3.1,2.36
company_03711,Infinity Healthcare 871 LLP,0,0,0,0.0805,None,737,1.3416,1.95,5.7,4.59
company_03712,Bharat Pharma 630 LLP,0,0,0,0.3452,None,726,1.8022,5.84,2.6,1.13
company_03713,Aditya Chemicals 239 LLP,0,0,0,0.2963,None,797,1.3882,4.71,4.97,0.9
company_03714,Bharat Chemicals 433 LLP,1,0,1,0.9741,circular_trading,664,0.8694,24.5,14.91,10.96
company_03715,Aditya Builders 536 Partnership Firm,0,0,0,0.112,None,802,1.5887,5.16,3.98,1.2
company_03716,Shivam Enterprises 657 Private Limited,0,0,0,0.2902,None,810,1.5577,9.93,5.97,1.45
company_03717,Arogya Retail 797 Private Limited,0,0,0,0.2095,None,783,1.2875,9.45,4.18,1.11
company_03718,Delta Logistics 644 Partnership Firm,0,0,0,0.2013,None,719,1.7912,6.64,4.46,1.49
company_03719,Ganesh Chemicals 758 Partnership Firm,0,0,0,0.1721,None,692,1.3081,6.56,5.88,2.1
company_03720,Zenith Energy 742 LLP,0,0,0,0.1916,None,789,2.6045,3.93,3.98,1.73
company_03721,Bharat Automotive 873 Private Limited,0,0,0,0.0619,None,746,1.5774,5.64,4.2,3.31
company_03722,Apex Energy 820 Partnership Firm,1,0,1,0.6037,revenue_inflation,670,1.2164,27.16,32.9,6.55
company_03723,Vanguard Enterprises 407 Private Limited,0,0,0,0.1215,None,849,0.995,4.58,4.69,0.27
company_03724,Vanguard Builders 677 LLP,0,0,0,0.3361,None,664,1.588,6.29,5.81,2.72
company_03725,Surya Metals 172 LLP,0,0,0,0.0682,None,804,0.7968,4.25,3.77,2.78
company_03726,Ganesh Solutions 825 LLP,0,0,0,0.1087,None,701,1.8151,4.55,4.45,2.36
company_03727,Sterling Industries 247 Partnership Firm,0,0,0,0.3039,None,758,1.3654,2.62,5.83,1.73
company_03728,Navrachana Healthcare 358 LLP,0,0,0,0.0505,None,746,1.5481,3.43,5.53,3.22
company_03729,Radhe Industries 643 LLP,1,0,1,0.7123,shell_company,640,0.8434,38.32,20.76,4.32
company_03730,Ganesh Infrastructure 523 LLP,0,0,0,0.1489,None,734,2.1041,3.55,3.85,2.65
company_03731,Infinity Healthcare 811 Partnership Firm,0,0,0,0.1078,None,877,1.038,5.63,3.91,0.76
company_03732,Matrix Logistics 360 LLP,0,0,0,0.0832,None,683,1.9713,3.09,2.5,1.78
company_03733,Surya Renewables 744 Private Limited,0,1,1,0.4326,benami_siphoning,732,1.5727,5.14,2.3,1.93
company_03734,Matrix Chemicals 737 LLP,0,0,0,0.2425,None,796,1.6856,4.33,4.0,0.67
company_03735,Matrix Industries 191 Partnership Firm,1,0,1,0.9683,revenue_inflation,646,0.6565,28.95,22.0,11.67
company_03736,Hindustan Metals 356 Private Limited,0,0,0,0.3148,None,748,1.4084,4.93,3.73,2.36
company_03737,Delta Logistics 305 Partnership Firm,1,0,1,0.8929,shell_company,519,1.4618,36.19,32.36,12.26
company_03738,Surya Infrastructure 612 Private Limited,1,0,1,0.9526,seasonal_manipulation,595,1.0567,21.49,26.42,9.46
company_03739,Bharat Textiles 683 LLP,1,0,1,0.9244,evergreening,662,0.5556,28.89,10.99,17.35
company_03740,Tejas Renewables 661 Private Limited,0,0,0,0.202,None,782,2.0977,2.75,2.71,1.43
company_03741,Vanguard Industries 555 LLP,0,0,0,0.1147,None,709,1.0032,4.34,8.49,5.76
company_03742,Ambika Industries 819 Private Limited,0,0,0,0.2475,None,714,1.9061,4.8,4.55,4.9
company_03743,Infinity Chemicals 445 Partnership Firm,0,0,0,0.337,None,702,1.0946,4.2,3.79,1.77
company_03744,Surya Infrastructure 167 LLP,0,0,0,0.1788,None,841,1.2536,4.84,2.96,1.86
company_03745,Surya Solutions 160 LLP,1,0,1,0.955,circular_trading,675,0.7581,27.37,12.91,14.95
company_03746,Surya Infotech 362 Private Limited,0,0,0,0.1401,None,755,1.0911,5.07,2.52,2.51
company_03747,Navrachana Builders 513 Private Limited,0,0,0,0.2203,None,684,0.814,10.0,2.95,4.67
company_03748,Infinity Logistics 770 Partnership Firm,0,0,0,0.24,None,768,0.9712,3.79,3.49,1.3
company_03749,Ambika Foods Partnership Firm,0,0,0,0.2439,None,765,1.2551,4.13,5.17,1.74
company_03750,Radhe Builders 718 LLP,1,0,1,0.9457,evergreening,676,0.7105,15.82,27.64,14.05
company_03751,Hindustan Renewables 394 LLP,0,0,0,0.028,None,793,1.3598,3.29,6.56,1.03
company_03752,Arogya Foods 436 Partnership Firm,0,0,0,0.1783,None,779,1.6759,4.79,4.35,1.45
company_03753,Infinity Foods 286 Partnership Firm,0,0,0,0.1434,None,789,1.6578,7.14,3.76,1.59
company_03754,Sterling Power 838 Partnership Firm,1,0,1,0.9213,seasonal_manipulation,653,0.2241,32.48,21.96,8.11
company_03755,Bharat Automotive 152 Partnership Firm,0,0,0,0.2799,None,695,1.6869,4.11,6.22,2.25
company_03756,Surya Foods 485 Partnership Firm,0,0,0,0.2237,None,745,1.7302,6.45,4.31,1.18
company_03757,Infinity Solutions 589 Private Limited,0,0,0,0.1809,None,770,2.0428,8.35,3.48,1.2
company_03758,Infinity Energy 471 Private Limited,0,0,0,0.0541,None,730,2.161,7.2,5.97,2.44
company_03759,Matrix Power 126 LLP,0,0,0,0.2669,None,696,1.3692,5.82,4.2,2.29
company_03760,Navrachana Industries 607 LLP,0,0,0,0.2349,None,803,0.6871,6.3,4.41,1.33
company_03761,Surya Infrastructure 650 LLP,1,0,1,0.6153,shell_company,547,1.0745,30.73,24.7,6.75
company_03762,Bhaskar Foods 577 Partnership Firm,0,0,0,0.029,None,764,1.6093,4.22,5.62,1.86
company_03763,Ganesh Healthcare 491 Private Limited,0,0,0,0.2861,None,750,1.6123,7.63,3.96,3.01
company_03764,Ambika Infotech 768 LLP,0,0,0,0.0843,None,771,1.1089,5.77,5.25,3.62
company_03765,Kalyani Foods 187 Partnership Firm,0,0,0,0.0444,None,752,1.4842,6.55,6.12,1.48
company_03766,Arogya Retail 906 LLP,0,0,0,0.0886,None,784,1.8955,3.6,8.22,1.72
company_03767,Urja Textiles 151 LLP,0,0,0,0.176,None,791,1.7197,3.63,4.62,1.65
company_03768,Matrix Textiles 511 LLP,0,0,0,0.2575,None,763,2.6578,6.07,4.22,1.16
company_03769,Karan Chemicals 497 Private Limited,0,0,0,0.1819,None,708,1.3285,7.41,4.33,4.04
company_03770,Ganesh Foods 605 Private Limited,0,0,0,0.1446,None,715,1.9391,10.96,4.14,6.07
company_03771,Apex Power 711 Private Limited,0,0,0,0.0656,None,894,1.9278,3.45,6.72,0.0
company_03772,Arogya Pharma 425 Partnership Firm,1,0,1,0.758,circular_trading,619,0.7498,23.93,11.23,5.03
company_03773,Bhaskar Healthcare Private Limited,0,0,0,0.0408,None,731,1.1518,2.76,2.59,3.26
company_03774,Ganesh Industries 575 Partnership Firm,0,0,0,0.2463,None,790,1.0564,7.7,5.6,1.94
company_03775,Infinity Infrastructure 236 Private Limited,0,0,0,0.1176,None,795,1.7946,5.03,4.76,1.46
company_03776,Infinity Logistics 964 Partnership Firm,0,0,0,0.0953,None,799,1.0889,4.65,3.57,1.08
company_03777,Aditya Power 973 Private Limited,0,0,0,0.1037,None,751,1.2136,9.45,3.75,2.06
company_03778,Vidya Energy 539 Private Limited,0,0,0,0.3175,None,754,1.3439,4.17,2.86,2.24
company_03779,Radhe Retail 822 Partnership Firm,0,0,0,0.031,None,780,1.2512,9.36,4.01,1.15
company_03780,Shivam Renewables 468 Private Limited,0,0,0,0.3241,None,676,1.6772,4.07,5.61,4.31
company_03781,Navrachana Chemicals 531 LLP,0,0,0,0.1856,None,704,2.0397,9.04,4.85,1.44
company_03782,Apex Solutions 889 LLP,1,0,1,0.8812,revenue_inflation,629,0.8375,38.24,44.6,8.0
company_03783,Aditya Metals 103 Partnership Firm,0,0,0,0.2968,None,748,1.4318,5.43,3.46,2.75
company_03784,Kalyani Energy 412 Partnership Firm,0,0,0,0.148,None,674,1.7026,1.55,11.74,2.84
company_03785,Sterling Metals 134 Private Limited,1,0,1,0.7767,shell_company,548,1.1419,42.12,25.7,7.75
company_03786,Apex Solutions 222 LLP,0,0,0,0.3015,None,734,1.2095,4.71,3.61,3.62
company_03787,Infinity Infrastructure 526 Partnership Firm,0,0,0,0.2065,None,761,1.7846,7.17,3.56,2.22
company_03788,Sterling Infotech 563 Partnership Firm,0,0,0,0.1935,None,769,2.0133,1.79,2.2,2.13
company_03789,Karan Metals 561 Private Limited,1,0,1,0.8669,revenue_inflation,704,1.9983,55.09,25.59,8.04
company_03790,Navrachana Builders 513 LLP,1,0,1,0.9547,evergreening,646,0.8814,17.82,11.82,21.33
company_03791,Bhaskar Power 577 Partnership Firm,1,0,1,0.7744,revenue_inflation,679,1.7778,14.75,26.76,5.17
company_03792,Delta Energy 609 Partnership Firm,0,0,0,0.3167,None,744,3.176,1.69,3.88,2.02
company_03793,Arogya Retail 570 Partnership Firm,1,0,1,0.5085,benami_siphoning,617,1.0015,10.56,27.06,4.58
company_03794,Zenith Builders 172 Private Limited,0,0,0,0.2916,None,798,1.4388,5.41,4.34,2.13
company_03795,Sterling Metals 178 Private Limited,0,0,0,0.3393,None,804,1.1792,3.63,3.46,1.81
company_03796,Surya Automotive 596 Partnership Firm,0,0,0,0.243,None,817,1.3625,7.18,6.11,0.53
company_03797,Matrix Solutions 889 Partnership Firm,0,0,0,0.2655,None,785,1.3885,5.01,6.74,1.5
company_03798,Shivam Logistics 342 Private Limited,0,0,0,0.2295,None,654,1.8694,5.23,2.32,3.72
company_03799,Aditya Metals 486 Private Limited,1,0,1,0.9195,revenue_inflation,692,0.96,33.52,30.52,7.22
company_03800,Karan Healthcare 662 Partnership Firm,0,0,0,0.3142,None,794,2.1161,5.1,5.26,2.22
company_03801,Infinity Healthcare 582 Private Limited,0,0,0,0.2853,None,798,1.7185,1.2,3.03,1.39
company_03802,Kalyani Infrastructure 773 Partnership Firm,0,0,0,0.0401,None,695,1.1684,3.99,2.77,2.98
company_03803,Apex Textiles 182 LLP,0,0,0,0.2756,None,706,1.4357,4.62,2.83,2.37
company_03804,Infinity Infotech 349 LLP,0,0,0,0.1658,None,754,0.7818,6.97,6.57,2.51
company_03805,Surya Industries 903 Partnership Firm,0,0,0,0.0694,None,725,1.595,2.97,5.17,3.28
company_03806,Aditya Automotive 318 LLP,0,0,0,0.2102,None,676,1.388,2.67,2.99,3.0
company_03807,Infinity Logistics 638 Private Limited,0,0,0,0.1761,None,725,1.4504,9.46,4.28,2.15
company_03808,Surya Automotive 629 LLP,0,0,0,0.3122,None,716,1.5699,1.85,2.48,2.57
company_03809,Radhe Energy 436 Partnership Firm,1,0,1,0.9826,evergreening,694,0.2,24.39,19.15,11.55
company_03810,Vanguard Power 996 LLP,0,0,0,0.3384,None,709,1.5771,1.66,2.65,2.0
company_03811,Shivam Power 363 Partnership Firm,1,0,1,0.8694,evergreening,620,0.371,22.39,15.43,16.92
company_03812,Tejas Energy 441 LLP,1,0,1,0.969,shell_company,630,0.7502,44.77,32.97,8.1
company_03813,Bharat Pharma 719 Partnership Firm,1,0,1,0.508,benami_siphoning,614,0.2622,11.04,19.98,6.51
company_03814,Hindustan Textiles 774 Partnership Firm,0,0,0,0.1004,None,597,1.2392,6.76,4.04,3.48
company_03815,Matrix Infrastructure 414 Partnership Firm,0,0,0,0.134,None,765,1.0733,3.11,3.71,3.89
company_03816,Radhe Energy 620 LLP,0,0,0,0.0168,None,806,1.6773,6.8,4.35,0.74
company_03817,Tejas Industries 664 Private Limited,0,0,0,0.051,None,698,0.8985,5.67,3.11,2.08
company_03818,Matrix Foods 539 Partnership Firm,0,0,0,0.2804,None,690,1.167,5.45,3.77,3.51
company_03819,Shivam Retail 621 LLP,0,0,0,0.0965,None,778,1.0302,5.59,3.98,1.69
company_03820,Delta Energy 367 LLP,0,1,1,0.5377,revenue_inflation,709,1.4945,3.25,3.75,2.08
company_03821,Surya Logistics 215 LLP,1,0,1,0.872,revenue_inflation,636,0.9969,42.96,38.4,11.8
company_03822,Vanguard Pharma 142 LLP,1,0,1,0.6352,revenue_inflation,637,0.8927,35.31,24.18,4.35
company_03823,Karan Industries 984 LLP,0,0,0,0.0653,None,707,1.1169,5.97,4.14,2.02
company_03824,Vanguard Retail 337 Partnership Firm,1,0,1,0.8805,circular_trading,587,0.5532,37.18,31.88,9.3
company_03825,Zenith Chemicals 608 Private Limited,0,0,0,0.0993,None,802,2.2424,3.51,6.61,2.97
company_03826,Shivam Industries 889 LLP,0,0,0,0.1332,None,706,1.544,5.95,6.26,3.75
company_03827,Infinity Automotive 363 Private Limited,1,0,1,0.9692,benami_siphoning,590,1.1384,16.95,43.35,10.99
company_03828,Bharat Foods 909 Partnership Firm,0,0,0,0.0566,None,765,1.1023,3.01,2.85,2.09
company_03829,Tejas Retail 346 LLP,1,0,1,0.8937,circular_trading,628,1.15,26.03,14.96,7.31
company_03830,Apex Infotech 451 LLP,0,0,0,0.1066,None,690,1.4679,4.59,5.09,4.22
company_03831,Arogya Energy 172 Partnership Firm,1,0,1,0.7827,benami_siphoning,638,0.7387,9.64,22.78,10.64
company_03832,Karan Metals 708 LLP,0,0,0,0.324,None,708,1.0603,3.61,9.71,3.26
company_03833,Zenith Builders 819 Private Limited,0,0,0,0.329,None,775,1.9884,5.83,5.67,1.39
company_03834,Ambika Metals 738 Private Limited,0,0,0,0.1016,None,740,1.6298,7.18,4.21,1.56
company_03835,Bharat Industries 262 LLP,0,0,0,0.2884,None,794,2.8597,4.0,5.35,1.69
company_03836,Sterling Infotech 350 LLP,1,0,1,0.9103,evergreening,648,0.7872,18.46,16.83,17.91
company_03837,Vanguard Foods 820 LLP,0,0,0,0.227,None,778,1.0118,3.41,4.34,4.02
company_03838,Radhe Foods 846 Private Limited,0,0,0,0.134,None,768,1.0797,4.69,5.15,1.45
company_03839,Ganesh Power 778 LLP,0,0,0,0.2763,None,825,1.0617,6.46,4.78,1.36
company_03840,Navrachana Healthcare 861 Private Limited,0,0,0,0.2697,None,740,0.891,3.71,3.63,2.17
company_03841,Delta Infotech 643 Private Limited,0,0,0,0.2536,None,666,1.7517,5.51,9.2,3.59
company_03842,Arogya Builders 989 LLP,0,0,0,0.2756,None,812,1.4829,6.66,4.67,0.56
company_03843,Ambika Automotive 535 LLP,0,0,0,0.299,None,765,1.0872,6.02,3.36,3.12
company_03844,Ambika Solutions 319 Private Limited,1,0,1,0.9632,seasonal_manipulation,658,0.894,55.47,20.61,11.92
company_03845,Surya Healthcare 309 Partnership Firm,0,0,0,0.293,None,756,1.1861,5.15,3.55,2.38
company_03846,Infinity Healthcare 235 Private Limited,1,0,1,0.9241,seasonal_manipulation,664,1.3592,27.51,26.05,7.81
company_03847,Navrachana Renewables 527 LLP,0,0,0,0.1482,None,745,1.8301,6.42,3.06,1.8
company_03848,Hindustan Power 720 LLP,0,0,0,0.2049,None,629,1.5421,4.87,3.19,4.26
company_03849,Surya Foods 493 LLP,1,0,1,0.9194,shell_company,591,0.5635,45.81,50.82,7.94
company_03850,Bharat Pharma 539 Partnership Firm,0,0,0,0.302,None,779,1.2063,7.08,3.54,2.51
company_03851,Apex Power 917 Partnership Firm,0,0,0,0.2188,None,709,1.1466,7.18,3.12,3.16
company_03852,Zenith Energy 774 Partnership Firm,0,0,0,0.179,None,720,1.8681,2.85,3.7,2.59
company_03853,Vidya Power 829 Private Limited,0,0,0,0.1611,None,732,1.6814,3.19,3.32,2.54
company_03854,Delta Metals 596 Private Limited,1,0,1,0.9806,shell_company,515,1.3731,52.12,31.21,6.25
company_03855,Bharat Automotive 720 Private Limited,0,0,0,0.2975,None,821,1.0531,2.52,4.15,1.87
company_03856,Aditya Chemicals 840 Partnership Firm,0,0,0,0.1867,None,841,1.5277,3.31,3.14,0.74
company_03857,Zenith Energy 410 Partnership Firm,0,0,0,0.3027,None,738,1.1901,4.75,3.8,3.41
company_03858,Infinity Enterprises 807 Partnership Firm,0,0,0,0.1039,None,784,1.4816,5.79,6.87,1.24
company_03859,Apex Foods 430 LLP,0,0,0,0.2658,None,749,2.1595,3.97,3.83,1.77
company_03860,Tejas Enterprises 946 Partnership Firm,0,0,0,0.0162,None,715,1.4981,3.77,3.16,3.68
company_03861,Zenith Pharma 585 Partnership Firm,0,0,0,0.3421,None,761,1.5803,3.47,3.34,2.07
company_03862,Hindustan Textiles 442 LLP,0,0,0,0.2665,None,848,1.2641,5.64,3.78,0.26
company_03863,Arogya Healthcare 560 Private Limited,0,0,0,0.2218,None,741,1.7086,4.07,4.53,3.55
company_03864,Delta Logistics 331 LLP,0,0,0,0.3133,None,835,1.2246,6.85,3.18,1.82
company_03865,Apex Foods 242 Partnership Firm,0,0,0,0.2015,None,717,2.3145,6.64,4.93,3.46
company_03866,Shivam Enterprises 264 Partnership Firm,0,0,0,0.1319,None,745,2.4892,2.76,3.14,2.57
company_03867,Aditya Power 858 Private Limited,0,0,0,0.2843,None,718,1.2192,1.51,3.24,2.15
company_03868,Sterling Energy 405 Partnership Firm,0,0,0,0.0409,None,776,1.0609,4.64,4.2,1.79
company_03869,Bhaskar Power 146 Partnership Firm,0,0,0,0.0538,None,751,0.9732,4.15,3.35,1.78
company_03870,Hindustan Energy 620 Private Limited,0,0,0,0.2411,None,749,0.9002,3.0,3.04,1.25
company_03871,Sterling Healthcare 961 Private Limited,0,0,0,0.0328,None,832,0.8586,4.65,3.31,0.88
company_03872,Urja Chemicals 645 Partnership Firm,0,0,0,0.1136,None,828,2.1406,3.42,3.51,1.32
company_03873,Bhaskar Chemicals 226 LLP,0,0,0,0.2438,None,747,1.6697,4.03,5.17,1.38
company_03874,Delta Enterprises 908 Private Limited,0,0,0,0.0357,None,760,1.3602,6.57,3.29,2.33
company_03875,Ambika Automotive 158 Partnership Firm,0,0,0,0.0657,None,710,0.6674,3.86,4.89,4.78
company_03876,Infinity Infotech 639 Private Limited,0,0,0,0.1177,None,728,1.1245,3.82,3.19,2.22
company_03877,Vidya Infrastructure 461 Partnership Firm,1,0,1,0.9851,revenue_inflation,559,1.1273,31.01,30.92,15.7
company_03878,Tejas Power 963 Private Limited,0,0,0,0.2857,None,727,1.3188,5.17,3.63,4.86
company_03879,Vidya Industries 604 Private Limited,0,0,0,0.154,None,774,1.9354,3.02,3.63,0.88
company_03880,Vidya Solutions 245 Partnership Firm,0,0,0,0.0258,None,698,1.9409,3.32,4.5,2.99
company_03881,Aditya Renewables 518 Partnership Firm,0,0,0,0.1989,None,780,2.1521,5.96,4.08,1.37
company_03882,Aditya Metals 789 Partnership Firm,1,0,1,0.9183,shell_company,571,0.7115,48.8,28.78,8.34
company_03883,Ambika Chemicals 497 Partnership Firm,0,0,0,0.1305,None,754,1.6236,2.82,5.05,1.53
company_03884,Bhaskar Metals 149 Partnership Firm,0,0,0,0.348,None,740,2.6818,3.08,7.47,3.98
company_03885,Apex Retail 910 Partnership Firm,0,1,1,0.6126,revenue_inflation,755,2.2907,3.44,4.1,1.15
company_03886,Radhe Solutions 581 LLP,0,0,0,0.0441,None,755,2.3734,4.78,3.7,2.21
company_03887,Kalyani Enterprises 244 Partnership Firm,0,0,0,0.2025,None,747,1.3898,8.55,2.84,1.63
company_03888,Aditya Foods 609 Private Limited,0,0,0,0.2316,None,764,1.6209,3.96,4.28,2.82
company_03889,Radhe Metals 860 Private Limited,0,0,0,0.2326,None,787,1.6553,5.72,5.4,2.47
company_03890,Ganesh Chemicals 199 Private Limited,0,0,0,0.1033,None,730,1.8501,7.21,4.2,1.61
company_03891,Bhaskar Energy 162 Private Limited,0,0,0,0.1822,None,726,1.9696,2.74,3.51,1.91
company_03892,Hindustan Retail 820 LLP,0,0,0,0.138,None,716,1.0969,8.18,4.78,1.9
company_03893,Navrachana Logistics 451 Private Limited,1,0,1,0.7228,revenue_inflation,705,1.0471,25.91,38.93,4.14
company_03894,Tejas Enterprises 639 Private Limited,0,0,0,0.1373,None,800,1.7253,2.82,3.19,1.18
company_03895,Delta Power 439 LLP,0,0,0,0.331,None,755,1.989,3.5,2.42,1.38
company_03896,Apex Retail 367 LLP,0,0,0,0.1258,None,708,1.794,4.47,8.54,1.04
company_03897,Vidya Renewables 938 Partnership Firm,0,0,0,0.048,None,755,1.8749,2.23,2.79,2.94
company_03898,Hindustan Pharma 364 Partnership Firm,1,0,1,0.9619,shell_company,588,0.9068,47.39,41.64,5.86
company_03899,Ambika Renewables 856 LLP,0,0,0,0.1939,None,750,1.7456,3.15,3.96,4.98
company_03900,Karan Solutions 534 Partnership Firm,1,0,1,0.9256,revenue_inflation,631,0.9687,34.94,35.92,15.59
company_03901,Bharat Industries 448 Partnership Firm,1,0,1,0.9791,circular_trading,670,0.3215,31.83,25.1,14.5
company_03902,Kalyani Metals 708 Partnership Firm,0,0,0,0.314,None,660,1.4084,3.66,4.75,2.52
company_03903,Shivam Solutions 953 Partnership Firm,1,0,1,0.8762,circular_trading,622,0.8922,41.18,22.35,8.08
company_03904,Surya Energy 375 Private Limited,0,0,0,0.2975,None,726,1.8883,10.04,3.31,3.42
company_03905,Radhe Infotech 362 LLP,0,0,0,0.3405,None,779,1.2854,4.1,6.44,2.72
company_03906,Kalyani Metals 723 LLP,0,0,0,0.0373,None,797,1.9975,2.89,4.14,0.83
company_03907,Apex Solutions 347 Partnership Firm,0,0,0,0.2573,None,726,1.6974,2.0,3.64,1.73
company_03908,Zenith Chemicals 371 Partnership Firm,0,0,0,0.0137,None,730,1.3101,5.58,4.35,1.53
company_03909,Surya Infotech 814 Partnership Firm,0,0,0,0.226,None,737,1.4858,7.45,3.5,1.28
company_03910,Vanguard Renewables 287 LLP,0,1,1,0.5315,circular_trading,752,1.6235,4.29,7.97,1.56
company_03911,Shivam Logistics 362 Private Limited,0,0,0,0.2391,None,732,1.4599,2.01,2.47,3.52
company_03912,Infinity Foods 693 LLP,0,0,0,0.2085,None,693,1.2096,2.73,2.85,4.32
company_03913,Sterling Foods 674 Private Limited,0,0,0,0.2312,None,776,1.6617,3.35,4.24,2.45
company_03914,Surya Foods 638 Private Limited,0,0,0,0.1214,None,781,1.4213,4.28,3.47,3.62
company_03915,Radhe Power 408 Partnership Firm,0,0,0,0.2507,None,714,0.851,6.37,4.4,2.83
company_03916,Infinity Chemicals 734 Partnership Firm,0,0,0,0.3079,None,707,1.7377,5.79,3.82,3.28
company_03917,Zenith Infotech 898 Private Limited,0,0,0,0.1462,None,761,2.631,8.96,2.63,1.34
company_03918,Aditya Logistics 364 Private Limited,0,0,0,0.2255,None,713,1.7591,4.01,3.25,3.25
company_03919,Urja Energy 864 Private Limited,0,0,0,0.3424,None,808,2.1724,6.09,3.53,1.51
company_03920,Matrix Industries 170 LLP,0,0,0,0.2529,None,732,1.3725,5.39,5.21,2.57
company_03921,Bhaskar Healthcare 719 Private Limited,0,0,0,0.2255,None,712,1.4565,6.06,6.18,2.95
company_03922,Apex Pharma LLP,0,0,0,0.3445,None,717,1.9733,7.39,3.95,3.0
company_03923,Shivam Industries 467 Partnership Firm,0,0,0,0.0393,None,703,1.4466,3.88,3.59,2.94
company_03924,Bhaskar Metals 368 LLP,0,0,0,0.3146,None,783,1.5593,4.84,5.5,1.52
company_03925,Apex Solutions 903 LLP,0,0,0,0.1534,None,789,1.729,6.26,4.11,1.11
company_03926,Urja Chemicals 927 Partnership Firm,1,0,1,0.803,revenue_inflation,716,2.15,20.28,22.84,3.92
company_03927,Radhe Logistics 877 Private Limited,0,0,0,0.1747,None,808,1.56,6.92,6.08,3.44
company_03928,Delta Healthcare LLP,0,0,0,0.243,None,794,0.8173,10.42,4.45,1.26
company_03929,Navrachana Metals 597 LLP,0,0,0,0.2233,None,762,1.8026,5.01,5.12,3.14
company_03930,Bhaskar Chemicals 257 Partnership Firm,0,0,0,0.0112,None,742,1.5346,6.38,6.56,1.44
company_03931,Surya Retail 701 Private Limited,0,0,0,0.0904,None,756,1.8538,3.38,5.05,1.51
company_03932,Shivam Textiles 542 LLP,0,0,0,0.2314,None,713,1.1398,4.57,3.87,2.97
company_03933,Apex Healthcare 371 Private Limited,0,0,0,0.0397,None,757,1.3652,4.72,3.21,3.87
company_03934,Surya Pharma 499 Private Limited,0,0,0,0.2313,None,708,1.3181,3.07,3.93,2.52
company_03935,Vidya Enterprises 402 LLP,0,0,0,0.0622,None,779,1.7508,4.91,4.45,1.45
company_03936,Shivam Industries 332 Partnership Firm,0,0,0,0.0535,None,766,2.0181,3.77,3.23,1.21
company_03937,Aditya Pharma 858 Private Limited,0,0,0,0.1202,None,767,1.3637,6.57,2.79,1.67
company_03938,Hindustan Textiles 753 Private Limited,1,0,1,0.8594,revenue_inflation,623,0.1079,31.43,36.66,9.84
company_03939,Apex Energy 805 Partnership Firm,0,0,0,0.1334,None,734,1.4961,5.78,5.12,2.06
company_03940,Arogya Healthcare 435 Private Limited,0,0,0,0.3481,None,731,2.2278,3.61,3.46,3.01
company_03941,Ganesh Retail 608 Private Limited,0,0,0,0.0748,None,711,2.0779,3.65,3.05,2.26
company_03942,Arogya Automotive 521 LLP,0,0,0,0.0366,None,782,2.031,7.73,5.36,2.25
company_03943,Matrix Retail 685 LLP,0,0,0,0.1864,None,713,1.7929,12.09,3.73,4.51
company_03944,Navrachana Builders 838 Partnership Firm,0,0,0,0.0628,None,768,1.4944,6.98,7.11,2.65
company_03945,Bhaskar Renewables 663 LLP,0,0,0,0.015,None,783,1.2652,2.62,4.42,1.39
company_03946,Arogya Logistics 166 LLP,0,1,1,0.5187,evergreening,762,1.5703,4.03,4.28,1.29
company_03947,Zenith Pharma 698 Partnership Firm,0,0,0,0.1343,None,738,1.8884,1.3,1.97,2.35
company_03948,Tejas Chemicals 655 Partnership Firm,0,0,0,0.0933,None,772,1.3307,2.86,5.13,2.73
company_03949,Arogya Solutions 957 Partnership Firm,0,0,0,0.2684,None,730,1.7763,3.47,2.73,2.08
company_03950,Surya Chemicals 213 LLP,0,0,0,0.313,None,733,1.9,4.31,4.61,1.71
company_03951,Matrix Power 700 LLP,0,0,0,0.1277,None,769,0.9816,5.47,3.52,0.8
company_03952,Bharat Automotive 225 Private Limited,0,0,0,0.2293,None,730,1.4511,4.33,3.49,2.22
company_03953,Arogya Enterprises 503 LLP,0,0,0,0.2409,None,755,1.8161,8.79,3.66,1.46
company_03954,Aditya Metals 446 Private Limited,1,0,1,0.9033,revenue_inflation,589,1.6675,54.17,33.21,12.47
company_03955,Ganesh Renewables 505 LLP,1,0,1,0.9744,revenue_inflation,680,0.1,39.91,34.91,7.73
company_03956,Apex Builders 111 Partnership Firm,0,0,0,0.2921,None,732,1.3762,9.84,2.81,1.5
company_03957,Arogya Solutions 808 Private Limited,1,0,1,0.8227,revenue_inflation,719,1.2196,18.51,22.1,5.45
company_03958,Surya Industries 627 Private Limited,0,0,0,0.0785,None,732,1.7951,4.1,5.42,1.73
company_03959,Ganesh Infotech 531 LLP,0,1,1,0.719,circular_trading,685,1.3804,3.08,3.75,3.23
company_03960,Infinity Infotech 469 Private Limited,0,0,0,0.236,None,747,1.1201,8.33,3.94,7.04
company_03961,Ambika Logistics 706 Partnership Firm,0,0,0,0.0809,None,713,1.2547,3.69,5.95,1.8
company_03962,Ganesh Power 969 Partnership Firm,0,0,0,0.0363,None,801,1.7308,3.21,5.93,1.35
company_03963,Bhaskar Solutions 751 LLP,0,0,0,0.1979,None,708,1.6657,3.3,5.51,2.14
company_03964,Kalyani Metals 452 LLP,0,0,0,0.2626,None,742,1.704,4.83,3.4,4.06
company_03965,Sterling Enterprises 240 Private Limited,0,0,0,0.262,None,756,1.1029,4.51,2.87,1.58
company_03966,Urja Chemicals 417 Partnership Firm,0,0,0,0.2698,None,684,0.8994,3.33,3.14,2.63
company_03967,Delta Energy 899 Partnership Firm,1,0,1,0.7817,revenue_inflation,643,1.5059,28.51,23.36,5.8
company_03968,Shivam Foods 235 Partnership Firm,0,0,0,0.2238,None,742,1.5392,4.52,3.1,2.15
company_03969,Bhaskar Solutions 824 Private Limited,0,0,0,0.0832,None,755,1.4544,2.66,3.73,2.47
company_03970,Surya Infotech 465 Partnership Firm,0,0,0,0.285,None,724,0.8945,2.46,2.86,1.78
company_03971,Infinity Power 407 LLP,0,1,1,0.6022,circular_trading,751,1.4177,2.64,5.74,1.72
company_03972,Aditya Healthcare 362 Private Limited,0,0,0,0.1371,None,827,1.0805,3.39,2.82,0.42
company_03973,Hindustan Foods 392 LLP,0,0,0,0.3092,None,742,2.7247,6.89,4.82,2.14
company_03974,Aditya Chemicals 421 LLP,0,0,0,0.2604,None,792,1.5965,2.36,2.73,1.63
company_03975,Vanguard Infotech 203 Private Limited,0,0,0,0.3126,None,742,1.2999,6.05,3.02,2.09
company_03976,Hindustan Foods 774 Private Limited,0,0,0,0.1619,None,771,1.6758,7.17,3.73,1.12
company_03977,Ganesh Metals 221 LLP,0,0,0,0.18,None,746,1.9113,3.27,3.9,4.17
company_03978,Matrix Energy 995 Private Limited,0,0,0,0.3327,None,793,0.9458,4.08,3.6,0.87
company_03979,Vanguard Power 195 Private Limited,0,0,0,0.154,None,767,0.7099,4.21,6.29,1.94
company_03980,Vanguard Infotech 128 Partnership Firm,0,0,0,0.3353,None,831,0.5498,4.74,6.66,2.11
company_03981,Aditya Energy 465 LLP,0,0,0,0.3152,None,804,1.5488,2.81,3.31,5.25
company_03982,Tejas Retail 503 Private Limited,0,0,0,0.1023,None,694,0.9625,1.8,2.5,3.17
company_03983,Delta Infotech 634 LLP,0,0,0,0.2716,None,709,1.3758,3.16,3.19,4.43
company_03984,Infinity Infotech 875 LLP,0,0,0,0.2254,None,704,2.3866,3.65,4.9,3.98
company_03985,Urja Automotive 366 Private Limited,0,0,0,0.1072,None,697,2.2674,4.09,5.17,2.23
company_03986,Matrix Renewables 282 LLP,1,0,1,0.9788,circular_trading,652,0.9749,23.94,23.45,12.59
company_03987,Delta Logistics 235 Partnership Firm,0,0,0,0.2554,None,730,1.2846,2.12,3.4,3.01
company_03988,Shivam Power 270 Private Limited,1,0,1,0.8592,shell_company,616,0.8382,52.57,37.15,8.66
company_03989,Ambika Solutions 834 Private Limited,0,0,0,0.1797,None,751,0.9328,4.52,3.65,1.95
company_03990,Ambika Retail 558 Partnership Firm,1,0,1,0.9833,circular_trading,654,0.6443,29.98,29.55,8.26
company_03991,Matrix Pharma 975 Private Limited,0,0,0,0.1494,None,691,1.5558,4.96,3.62,2.16
company_03992,Matrix Solutions 749 LLP,0,0,0,0.1217,None,765,2.2742,3.17,4.92,2.12
company_03993,Shivam Power 222 Private Limited,0,0,0,0.0901,None,774,1.2209,3.2,3.82,2.62
company_03994,Vanguard Pharma 460 LLP,1,0,1,0.8579,circular_trading,749,1.3471,32.27,22.44,5.25
company_03995,Delta Automotive 897 Private Limited,0,0,0,0.2873,None,728,1.9091,3.72,2.72,1.95
company_03996,Tejas Infrastructure 646 Partnership Firm,0,0,0,0.2055,None,751,2.3393,2.59,4.55,2.32
company_03997,Sterling Solutions 188 Partnership Firm,0,0,0,0.2348,None,691,1.3897,5.37,5.71,2.53
company_03998,Kalyani Automotive 790 Partnership Firm,0,0,0,0.3214,None,771,1.834,3.47,6.57,2.12
company_03999,Navrachana Renewables 653 Partnership Firm,0,0,0,0.3013,None,727,0.8977,6.53,4.08,1.75
company_04000,Arogya Automotive 302 Private Limited,0,0,0,0.3407,None,761,2.2417,5.36,2.92,2.48
company_04001,Navrachana Builders 910 Partnership Firm,0,0,0,0.2687,None,762,0.9798,2.87,2.48,2.49
company_04002,Vanguard Healthcare 235 Partnership Firm,0,0,0,0.1795,None,722,1.1873,6.87,4.51,1.73
company_04003,Matrix Chemicals 657 Private Limited,0,0,0,0.277,None,703,1.3736,3.8,4.87,2.09
company_04004,Tejas Logistics 164 LLP,1,0,1,0.8954,circular_trading,656,0.9885,30.3,15.59,6.74
company_04005,Hindustan Industries 843 Partnership Firm,0,0,0,0.3137,None,646,1.0299,5.84,13.09,4.84
company_04006,Bharat Enterprises 580 Partnership Firm,0,0,0,0.1586,None,738,1.1542,5.27,5.03,1.4
company_04007,Aditya Chemicals 306 Partnership Firm,0,0,0,0.2595,None,815,1.1897,3.66,3.2,0.55
company_04008,Bharat Pharma 648 LLP,0,0,0,0.2871,None,677,1.2856,8.12,4.23,3.96
company_04009,Matrix Enterprises 362 Partnership Firm,0,0,0,0.2829,None,702,1.4419,3.18,3.02,8.35
company_04010,Sterling Foods 382 LLP,0,0,0,0.3179,None,779,1.467,4.35,3.91,4.63
company_04011,Matrix Metals 433 LLP,0,0,0,0.1171,None,707,1.4266,2.32,3.66,2.31
company_04012,Ganesh Automotive 415 Private Limited,0,0,0,0.1831,None,757,1.6438,4.49,5.25,0.67
company_04013,Vanguard Energy 500 Partnership Firm,0,0,0,0.3416,None,748,1.9531,8.17,3.42,1.31
company_04014,Delta Textiles 929 Private Limited,1,0,1,0.9854,evergreening,580,0.5408,15.29,10.6,13.21
company_04015,Arogya Renewables 338 Private Limited,0,0,0,0.2444,None,785,1.1739,5.76,3.79,0.59
company_04016,Infinity Automotive 671 Partnership Firm,0,0,0,0.0168,None,789,1.4842,3.9,3.27,1.78
company_04017,Ambika Logistics 402 Partnership Firm,0,0,0,0.0896,None,819,1.3411,6.0,4.14,3.45
company_04018,Surya Energy 274 LLP,1,0,1,0.9489,shell_company,461,1.1191,38.11,34.22,8.63
company_04019,Ambika Infrastructure 460 Private Limited,0,0,0,0.1742,None,701,1.8871,5.74,4.39,3.98
company_04020,Zenith Retail 834 LLP,1,0,1,0.9491,benami_siphoning,664,0.7903,50.0,35.56,20.0
company_04021,Tejas Logistics 239 Private Limited,0,0,0,0.1829,None,784,0.693,3.67,3.43,1.95
company_04022,Aditya Automotive Private Limited,0,0,0,0.236,None,821,1.4397,8.97,6.43,4.88
company_04023,Bhaskar Logistics 674 Partnership Firm,0,0,0,0.0575,None,786,1.7203,2.43,3.59,4.87
company_04024,Sterling Infrastructure 722 Private Limited,0,0,0,0.0226,None,724,1.2626,2.72,2.44,1.99
company_04025,Kalyani Infotech 599 Private Limited,0,1,1,0.5717,benami_siphoning,788,1.8607,5.95,3.83,1.39
company_04026,Tejas Retail Partnership Firm,0,0,0,0.2524,None,758,1.0805,5.24,7.6,6.47
company_04027,Aditya Textiles 326 LLP,0,0,0,0.1462,None,737,1.0429,5.59,4.31,3.9
company_04028,Shivam Infotech 168 Private Limited,0,0,0,0.3159,None,722,1.3943,3.88,6.41,1.8
company_04029,Kalyani Healthcare 453 Private Limited,0,0,0,0.0889,None,755,1.2955,1.98,6.69,1.72
company_04030,Infinity Infotech 169 LLP,0,0,0,0.1096,None,791,1.9038,3.34,5.92,1.5
company_04031,Navrachana Healthcare 623 Partnership Firm,0,0,0,0.2705,None,709,0.6402,2.11,2.4,1.79
company_04032,Vidya Metals 914 Private Limited,1,0,1,0.9851,revenue_inflation,722,1.4385,34.56,29.23,5.73
company_04033,Ambika Renewables 624 Partnership Firm,0,0,0,0.2153,None,714,1.3593,9.04,4.05,1.99
company_04034,Ganesh Infrastructure Partnership Firm,1,0,1,0.9327,evergreening,694,0.3068,16.39,16.87,11.33
company_04035,Arogya Industries 610 Partnership Firm,1,0,1,0.9887,seasonal_manipulation,751,1.823,27.95,18.32,5.85
company_04036,Tejas Pharma 235 LLP,0,0,0,0.1434,None,758,1.2775,2.99,2.99,2.43
company_04037,Urja Logistics 467 Partnership Firm,0,0,0,0.2777,None,766,1.8254,9.42,5.48,1.18
company_04038,Ambika Solutions 232 Private Limited,0,0,0,0.1493,None,875,1.7542,2.58,3.42,2.13
company_04039,Karan Textiles 350 LLP,0,0,0,0.3438,None,772,1.4167,3.57,5.6,1.02
company_04040,Bhaskar Logistics 324 LLP,0,0,0,0.1478,None,675,1.5155,4.34,5.45,2.72
company_04041,Arogya Builders 216 Private Limited,1,0,1,0.5877,shell_company,529,0.805,28.4,26.43,6.54
company_04042,Radhe Automotive 635 LLP,0,0,0,0.0456,None,699,2.4178,3.94,3.92,2.73
company_04043,Vidya Retail 256 LLP,1,0,1,0.8713,circular_trading,698,0.2,27.86,14.84,8.6
company_04044,Ganesh Metals 457 LLP,0,0,0,0.0753,None,776,1.518,4.26,6.68,1.39
company_04045,Shivam Automotive 663 LLP,0,0,0,0.1959,None,758,1.1876,7.69,2.98,1.33
company_04046,Sterling Infotech 826 LLP,0,0,0,0.2079,None,749,1.579,7.8,4.66,3.78
company_04047,Hindustan Power 134 LLP,0,0,0,0.1966,None,731,2.2989,5.87,6.15,2.25
company_04048,Vidya Infrastructure 565 Private Limited,0,0,0,0.0498,None,748,1.4415,7.05,3.21,2.12
company_04049,Zenith Healthcare 343 LLP,1,0,1,0.8791,revenue_inflation,593,0.7995,41.88,29.62,9.71
company_04050,Hindustan Solutions 553 LLP,0,0,0,0.091,None,696,1.6339,4.1,6.65,3.15
company_04051,Kalyani Logistics 132 Partnership Firm,0,0,0,0.127,None,688,1.3246,14.81,3.4,8.35
company_04052,Bharat Power 354 LLP,0,0,0,0.0734,None,681,0.9512,2.48,4.43,3.56
company_04053,Surya Metals 167 LLP,0,0,0,0.1197,None,712,0.949,3.28,2.85,2.78
company_04054,Ganesh Power 868 Partnership Firm,0,0,0,0.1836,None,802,1.4662,7.11,3.02,1.46
company_04055,Bharat Enterprises 480 LLP,1,0,1,0.9178,circular_trading,607,0.4903,26.76,22.04,7.66
company_04056,Vanguard Builders 712 Partnership Firm,0,0,0,0.3145,None,782,1.4553,3.94,3.03,1.46
company_04057,Navrachana Energy 766 Private Limited,1,0,1,0.8883,revenue_inflation,718,0.8239,26.46,38.37,7.11
company_04058,Radhe Chemicals 533 Private Limited,0,0,0,0.0649,None,754,1.6669,5.12,2.99,1.58
company_04059,Apex Industries 428 LLP,0,0,0,0.1099,None,796,1.2992,4.29,9.03,0.59
company_04060,Vidya Energy 976 Partnership Firm,0,0,0,0.169,None,736,0.9606,4.96,5.15,3.88
company_04061,Zenith Automotive 140 LLP,0,0,0,0.3104,None,716,1.7082,4.32,3.95,4.61
company_04062,Hindustan Builders 930 Partnership Firm,0,0,0,0.0853,None,692,1.774,5.63,2.81,5.4
company_04063,Navrachana Chemicals 655 LLP,1,0,1,0.8572,evergreening,708,0.9314,21.54,22.81,12.72
company_04064,Vidya Solutions 210 LLP,0,0,0,0.1539,None,781,2.7656,8.31,3.2,2.47
company_04065,Matrix Power 440 Partnership Firm,0,0,0,0.0446,None,698,2.1596,5.66,3.63,1.78
company_04066,Vidya Foods 530 LLP,0,0,0,0.1217,None,730,1.6393,8.29,6.11,1.51
company_04067,Kalyani Infotech 809 Partnership Firm,0,0,0,0.1576,None,780,1.8806,6.89,7.93,1.41
company_04068,Surya Renewables 419 Private Limited,0,0,0,0.1048,None,679,1.0671,11.98,5.7,3.93
company_04069,Aditya Automotive 262 Partnership Firm,0,0,0,0.3271,None,796,2.2639,6.49,5.41,1.26
company_04070,Tejas Energy 917 Private Limited,0,0,0,0.1496,None,756,2.104,5.35,5.45,2.85
company_04071,Tejas Automotive 281 Private Limited,0,0,0,0.1162,None,699,0.8637,13.31,3.51,3.83
company_04072,Vidya Industries 835 LLP,1,0,1,0.6813,revenue_inflation,626,1.2477,22.95,35.03,6.03
company_04073,Ambika Pharma 652 Private Limited,0,0,0,0.0864,None,763,1.3659,3.13,9.25,3.55
company_04074,Kalyani Automotive 772 Private Limited,0,0,0,0.1465,None,718,1.137,9.52,3.02,1.85
company_04075,Ganesh Foods 435 Partnership Firm,0,0,0,0.1032,None,701,1.9341,4.08,3.65,3.19
company_04076,Matrix Chemicals 296 LLP,0,0,0,0.2622,None,677,1.4994,7.41,3.96,2.87
company_04077,Shivam Chemicals 512 LLP,0,0,0,0.0766,None,740,1.3873,2.71,3.27,2.05
company_04078,Radhe Metals 804 LLP,0,0,0,0.0188,None,769,0.9798,7.76,4.52,2.09
company_04079,Hindustan Automotive 767 Partnership Firm,1,0,1,0.7772,benami_siphoning,666,1.6277,19.08,28.31,7.6
company_04080,Matrix Automotive 251 Private Limited,0,0,0,0.0835,None,763,2.0887,5.38,4.21,1.91
company_04081,Sterling Foods 411 LLP,0,0,0,0.1551,None,701,1.0273,3.93,3.28,2.74
company_04082,Kalyani Retail 208 Partnership Firm,0,0,0,0.0155,None,716,1.4967,4.19,2.97,2.05
company_04083,Delta Enterprises 242 Partnership Firm,0,0,0,0.253,None,736,1.8082,3.35,3.31,2.97
company_04084,Radhe Textiles 690 Private Limited,0,0,0,0.3226,None,786,1.266,3.82,6.39,1.77
company_04085,Arogya Renewables 620 Private Limited,0,0,0,0.2071,None,722,0.7911,4.76,4.17,3.77
company_04086,Infinity Foods 309 Partnership Firm,1,0,1,0.9197,shell_company,553,1.7402,47.15,25.58,6.54
company_04087,Zenith Foods 117 Private Limited,0,0,0,0.3045,None,743,1.4482,2.95,5.66,2.96
company_04088,Matrix Healthcare 590 LLP,0,0,0,0.1975,None,737,2.0397,4.98,3.65,2.61
company_04089,Shivam Retail 984 LLP,0,0,0,0.0126,None,722,1.5377,4.59,5.59,4.69
company_04090,Surya Logistics 940 LLP,0,0,0,0.1174,None,772,2.2787,4.66,8.85,1.0
company_04091,Vanguard Automotive 758 LLP,0,0,0,0.2103,None,688,0.6154,3.88,3.04,2.66
company_04092,Zenith Logistics Partnership Firm,0,0,0,0.1008,None,718,1.7411,4.25,4.49,3.18
company_04093,Navrachana Power 291 Private Limited,1,0,1,0.897,benami_siphoning,615,1.7847,50.0,27.9,11.43
company_04094,Ambika Builders 920 Partnership Firm,0,0,0,0.2589,None,808,1.0196,3.08,5.04,0.68
company_04095,Bhaskar Industries 929 LLP,0,0,0,0.2807,None,803,1.8088,3.13,4.07,1.77
company_04096,Tejas Chemicals 212 LLP,0,0,0,0.095,None,762,1.7305,3.87,4.09,1.78
company_04097,Bhaskar Solutions 202 LLP,0,0,0,0.0408,None,696,1.1703,5.95,3.86,2.07
company_04098,Shivam Builders 947 LLP,0,0,0,0.0759,None,799,0.6806,4.29,9.38,0.95
company_04099,Tejas Metals 831 Partnership Firm,0,0,0,0.0648,None,763,1.7081,13.27,6.52,1.58
company_04100,Karan Retail 552 LLP,0,0,0,0.2263,None,744,1.3112,3.76,3.39,1.95
company_04101,Urja Solutions 354 LLP,0,0,0,0.3021,None,698,1.1474,5.68,5.71,1.82
company_04102,Urja Automotive 136 Private Limited,0,0,0,0.1155,None,698,1.3809,2.4,5.17,3.08
company_04103,Radhe Retail 499 Partnership Firm,0,0,0,0.0109,None,775,1.5956,4.88,4.63,5.22
company_04104,Vidya Automotive 982 LLP,0,0,0,0.2968,None,739,1.3023,2.85,2.87,2.99
company_04105,Vanguard Enterprises 388 LLP,0,0,0,0.21,None,710,1.7228,1.87,2.88,3.78
company_04106,Sterling Renewables 974 Private Limited,0,0,0,0.018,None,701,0.9761,5.86,5.16,2.94
company_04107,Ambika Retail 565 Private Limited,0,0,0,0.2052,None,782,1.4693,2.78,6.8,2.01
company_04108,Matrix Metals 128 LLP,0,0,0,0.0523,None,709,1.7928,3.61,3.12,10.0
company_04109,Sterling Foods 158 Private Limited,0,0,0,0.1861,None,724,1.9152,9.51,4.02,1.65
company_04110,Radhe Automotive 771 LLP,0,1,1,0.7181,seasonal_manipulation,724,1.2707,3.2,10.4,3.9
company_04111,Karan Textiles 631 LLP,0,1,1,0.581,benami_siphoning,747,1.4038,6.72,5.48,3.68
company_04112,Navrachana Retail 895 Private Limited,0,0,0,0.2433,None,783,1.298,3.57,2.98,2.17
company_04113,Karan Solutions 258 Private Limited,0,0,0,0.2747,None,733,1.3063,3.32,2.6,3.13
company_04114,Vanguard Enterprises 857 Partnership Firm,0,0,0,0.2291,None,749,1.3207,7.44,3.52,3.15
company_04115,Shivam Renewables 566 Private Limited,0,0,0,0.0338,None,758,1.4503,8.72,3.08,4.73
company_04116,Surya Chemicals 120 LLP,0,0,0,0.0477,None,710,1.2828,5.37,3.1,2.69
company_04117,Aditya Foods 294 LLP,0,0,0,0.1775,None,778,1.8215,4.95,4.96,2.28
company_04118,Sterling Infotech 805 Private Limited,0,0,0,0.0941,None,764,2.1509,4.26,3.79,1.33
company_04119,Infinity Foods 674 Partnership Firm,0,0,0,0.2905,None,735,2.4888,3.45,4.91,2.71
company_04120,Shivam Builders 949 Partnership Firm,1,0,1,0.7015,revenue_inflation,618,1.0421,27.94,33.29,10.86
company_04121,Delta Energy 712 Private Limited,0,0,0,0.0858,None,681,1.3419,4.77,3.36,1.91
company_04122,Arogya Logistics 867 Private Limited,0,0,0,0.3132,None,772,1.0082,4.92,4.13,2.58
company_04123,Bharat Infotech 317 Partnership Firm,0,0,0,0.1149,None,749,1.8592,5.0,5.85,2.3
company_04124,Tejas Builders 750 Private Limited,0,0,0,0.061,None,731,1.5623,3.92,7.18,2.73
company_04125,Zenith Power 133 Private Limited,0,0,0,0.3033,None,782,1.3529,2.82,4.09,2.48
company_04126,Shivam Healthcare 511 Private Limited,0,0,0,0.115,None,761,1.5796,3.89,5.46,1.05
company_04127,Navrachana Infotech 428 LLP,0,1,1,0.6567,shell_company,778,1.4667,8.65,2.95,1.76
company_04128,Kalyani Chemicals 575 Partnership Firm,0,0,0,0.1566,None,788,0.6694,3.57,3.72,1.7
company_04129,Infinity Healthcare 138 Private Limited,0,0,0,0.118,None,737,1.8078,12.92,3.67,4.27
company_04130,Karan Healthcare 173 Private Limited,0,0,0,0.225,None,693,1.2009,3.47,5.75,2.84
company_04131,Delta Retail Partnership Firm,0,1,1,0.7088,revenue_inflation,721,1.1765,5.6,6.06,2.05
company_04132,Vidya Logistics 705 Partnership Firm,0,0,0,0.1508,None,829,1.9536,2.4,2.66,0.55
company_04133,Hindustan Chemicals LLP,0,0,0,0.1738,None,670,1.7979,3.22,3.61,3.42
company_04134,Bharat Infrastructure 972 Partnership Firm,0,0,0,0.1094,None,841,1.4525,4.17,5.39,1.0
company_04135,Kalyani Energy 608 Partnership Firm,0,0,0,0.2504,None,736,1.6875,3.54,4.73,3.13
company_04136,Zenith Retail 173 Partnership Firm,1,0,1,0.8798,evergreening,635,0.2,22.7,10.97,19.29
company_04137,Kalyani Metals 271 Partnership Firm,0,0,0,0.1496,None,780,1.7336,3.91,6.74,1.6
company_04138,Hindustan Foods 627 LLP,0,0,0,0.0509,None,717,1.0783,3.02,3.22,1.67
company_04139,Tejas Energy 177 Private Limited,0,1,1,0.6164,evergreening,759,0.9199,9.25,5.41,1.86
company_04140,Navrachana Foods 626 Private Limited,0,0,0,0.0792,None,796,1.756,4.27,3.77,2.87
company_04141,Zenith Infotech 538 Partnership Firm,0,0,0,0.0816,None,772,1.2971,4.76,3.27,1.9
company_04142,Aditya Healthcare 107 Private Limited,0,0,0,0.2233,None,759,1.5615,3.87,3.55,1.72
company_04143,Kalyani Chemicals 505 Private Limited,1,0,1,0.8781,revenue_inflation,667,0.8377,29.14,33.92,11.21
company_04144,Radhe Renewables 882 Partnership Firm,1,0,1,0.8905,revenue_inflation,690,0.6908,45.76,39.99,8.66
company_04145,Zenith Energy 592 Private Limited,0,0,0,0.0586,None,710,2.2989,6.3,3.08,2.75
company_04146,Karan Retail 266 Partnership Firm,0,0,0,0.3379,None,773,1.1151,2.8,5.29,1.67
company_04147,Vanguard Infrastructure 185 Partnership Firm,1,0,1,0.9014,evergreening,660,1.2631,23.86,14.0,11.31
company_04148,Surya Pharma 266 Partnership Firm,0,0,0,0.3037,None,779,1.2161,4.29,4.39,1.14
company_04149,Aditya Pharma 227 Private Limited,0,0,0,0.2985,None,801,1.7486,2.45,3.39,1.49
company_04150,Arogya Logistics 742 LLP,0,0,0,0.1771,None,727,1.4265,5.39,3.33,6.07
company_04151,Radhe Automotive 545 LLP,1,0,1,0.9249,revenue_inflation,629,1.2964,30.49,29.22,9.74
company_04152,Urja Infotech 899 LLP,0,0,0,0.2153,None,732,1.329,8.0,3.61,3.66
company_04153,Karan Industries 775 LLP,0,0,0,0.1836,None,774,1.3845,3.62,4.32,2.31
company_04154,Sterling Infotech 405 Private Limited,0,0,0,0.3238,None,692,1.7616,2.72,4.74,2.27
company_04155,Ambika Metals 216 LLP,1,0,1,0.9559,revenue_inflation,633,0.5229,36.61,35.03,7.0
company_04156,Ganesh Metals Partnership Firm,0,0,0,0.1601,None,726,1.4594,5.71,5.6,2.89
company_04157,Bharat Metals 893 Partnership Firm,0,0,0,0.3113,None,753,1.3689,3.25,3.12,1.31
company_04158,Vidya Power 381 LLP,0,0,0,0.0393,None,773,1.3849,3.14,3.35,1.48
company_04159,Ambika Renewables 994 LLP,0,0,0,0.1223,None,671,1.5851,4.52,3.77,2.64
company_04160,Hindustan Industries 126 Private Limited,0,0,0,0.1223,None,789,0.9975,4.33,8.1,1.0
company_04161,Ganesh Chemicals 444 Private Limited,0,0,0,0.2925,None,761,1.8463,8.36,4.05,2.12
company_04162,Infinity Renewables 527 Private Limited,0,0,0,0.036,None,749,2.2752,3.58,3.49,2.75
company_04163,Vanguard Infrastructure 519 Partnership Firm,0,0,0,0.073,None,727,1.9264,2.62,4.1,2.18
company_04164,Ganesh Retail 561 LLP,0,0,0,0.2731,None,752,0.9482,8.5,4.3,1.89
company_04165,Infinity Pharma 393 LLP,0,0,0,0.2753,None,728,0.9625,4.82,3.0,2.23
company_04166,Apex Builders 589 LLP,0,0,0,0.2494,None,731,0.9692,2.99,2.59,2.57
company_04167,Radhe Metals 999 LLP,0,0,0,0.2842,None,736,1.3432,4.12,4.47,4.01
company_04168,Delta Power 486 LLP,0,0,0,0.0398,None,712,1.8312,4.94,4.97,1.93
company_04169,Urja Retail 298 LLP,0,0,0,0.208,None,745,1.4522,2.78,6.66,1.23
company_04170,Hindustan Metals 904 Private Limited,0,0,0,0.228,None,718,1.8273,6.28,4.1,2.39
company_04171,Ambika Healthcare 146 Private Limited,0,0,0,0.162,None,742,1.5177,5.66,4.4,1.46
company_04172,Infinity Builders 786 Private Limited,0,0,0,0.1516,None,782,1.8638,3.44,4.76,0.95
company_04173,Vanguard Logistics 876 Private Limited,0,0,0,0.2227,None,754,1.1777,3.09,4.04,4.81
company_04174,Ambika Metals 701 Partnership Firm,0,0,0,0.2735,None,736,1.0462,3.25,3.55,4.66
company_04175,Arogya Retail 475 Private Limited,0,0,0,0.0883,None,741,1.504,3.94,4.45,1.6
company_04176,Aditya Automotive 569 LLP,1,0,1,0.9282,benami_siphoning,665,0.7162,22.25,38.56,8.56
company_04177,Bharat Metals 223 Private Limited,0,0,0,0.334,None,784,1.2041,2.88,4.02,1.05
company_04178,Matrix Logistics 637 LLP,0,0,0,0.3335,None,769,1.6929,2.49,5.96,3.7
company_04179,Bhaskar Solutions 149 Private Limited,0,0,0,0.3187,None,696,1.1358,3.89,5.45,4.46
company_04180,Urja Builders 261 Partnership Firm,1,0,1,0.679,revenue_inflation,686,0.839,42.16,23.77,8.67
company_04181,Hindustan Foods 981 Private Limited,0,0,0,0.2808,None,752,1.4452,2.36,2.99,1.39
company_04182,Delta Energy 908 Partnership Firm,0,0,0,0.2689,None,794,1.2721,5.38,5.76,1.57
company_04183,Surya Infrastructure 193 Partnership Firm,0,0,0,0.2291,None,763,2.449,6.98,3.66,2.55
company_04184,Tejas Textiles 482 Partnership Firm,0,0,0,0.2938,None,708,0.8155,2.95,4.96,3.2
company_04185,Tejas Chemicals 865 Private Limited,0,0,0,0.0691,None,714,1.6343,6.7,4.48,1.79
company_04186,Ganesh Infotech 127 LLP,0,0,0,0.0222,None,730,1.4088,1.95,4.31,2.36
company_04187,Urja Enterprises 801 LLP,0,0,0,0.1449,None,761,1.4188,4.93,7.24,2.14
company_04188,Vanguard Renewables 770 LLP,0,0,0,0.1474,None,827,1.375,3.17,3.55,0.97
company_04189,Ganesh Metals 794 LLP,0,1,1,0.5211,circular_trading,780,1.1426,3.35,4.14,2.5
company_04190,Vanguard Chemicals 915 LLP,0,0,0,0.1324,None,773,1.1475,6.63,3.79,3.69
company_04191,Delta Builders LLP,0,0,0,0.0377,None,770,1.8976,5.39,11.17,0.89
company_04192,Arogya Builders 386 Partnership Firm,0,0,0,0.134,None,742,1.0848,2.24,3.45,1.74
company_04193,Vidya Metals 448 LLP,0,0,0,0.2065,None,780,1.1739,2.68,5.2,1.35
company_04194,Delta Retail 861 LLP,0,0,0,0.2532,None,730,2.6106,2.99,3.83,1.66
company_04195,Shivam Logistics 790 LLP,0,0,0,0.2793,None,729,2.1945,3.14,4.65,3.16
company_04196,Apex Healthcare 591 Partnership Firm,0,0,0,0.0547,None,757,1.6683,4.24,4.54,6.69
company_04197,Radhe Power 366 LLP,0,0,0,0.1275,None,748,0.9871,2.8,4.78,2.76
company_04198,Zenith Pharma 993 LLP,0,0,0,0.2616,None,655,1.5327,7.2,9.42,1.9
company_04199,Karan Textiles 154 LLP,1,0,1,0.5998,revenue_inflation,669,0.53,20.64,31.65,4.64
company_04200,Ganesh Metals 705 LLP,0,0,0,0.2614,None,733,0.9884,3.41,4.6,2.49
company_04201,Vanguard Energy 717 Partnership Firm,0,0,0,0.1131,None,741,1.6748,2.3,3.29,5.06
company_04202,Hindustan Power 551 LLP,0,0,0,0.2474,None,821,2.0901,5.98,4.21,1.76
company_04203,Sterling Healthcare 631 Partnership Firm,0,0,0,0.2454,None,868,1.7008,5.0,2.75,1.74
company_04204,Zenith Automotive 332 Private Limited,0,0,0,0.0476,None,739,1.7553,11.28,3.99,3.56
company_04205,Tejas Infrastructure 118 Partnership Firm,0,0,0,0.2943,None,723,1.61,4.71,6.19,1.8
company_04206,Aditya Enterprises 135 Partnership Firm,0,0,0,0.3063,None,745,1.6466,2.81,3.57,2.72
company_04207,Infinity Healthcare 816 Partnership Firm,0,0,0,0.1932,None,772,1.3571,2.2,3.07,3.1
company_04208,Navrachana Foods 863 LLP,0,0,0,0.2366,None,735,1.5839,6.73,3.3,2.75
company_04209,Delta Solutions 332 Private Limited,0,0,0,0.0608,None,749,2.4936,7.89,4.12,1.57
company_04210,Tejas Industries 128 LLP,0,0,0,0.2865,None,740,1.7238,2.3,2.93,2.67
company_04211,Surya Healthcare 255 Partnership Firm,0,0,0,0.0307,None,754,1.0459,3.51,4.03,7.42
company_04212,Infinity Enterprises 498 Partnership Firm,1,0,1,0.7189,shell_company,551,1.1579,40.43,27.2,5.81
company_04213,Kalyani Foods Private Limited,0,1,1,0.4797,benami_siphoning,797,2.2105,4.59,3.88,2.08
company_04214,Kalyani Infotech 641 Partnership Firm,1,0,1,0.9434,revenue_inflation,668,0.8324,39.23,34.11,7.73
company_04215,Ganesh Builders 870 Partnership Firm,0,0,0,0.0401,None,727,1.8639,2.59,5.23,1.45
company_04216,Vidya Industries 579 LLP,0,0,0,0.1765,None,762,0.994,5.85,4.07,6.21
company_04217,Arogya Logistics 233 Private Limited,0,0,0,0.1028,None,761,0.8037,3.72,4.23,2.1
company_04218,Aditya Power 388 LLP,0,0,0,0.1647,None,717,1.3408,2.81,3.93,4.43
company_04219,Delta Foods 546 Partnership Firm,0,0,0,0.0515,None,713,1.0906,8.99,2.94,5.21
company_04220,Vanguard Renewables 737 Private Limited,0,0,0,0.0781,None,706,1.2679,4.85,6.78,2.1
company_04221,Navrachana Retail 326 Partnership Firm,0,0,0,0.1619,None,738,1.3105,4.15,5.47,2.49
company_04222,Surya Metals 519 Private Limited,0,0,0,0.3467,None,732,0.9602,4.34,3.63,4.11
company_04223,Bhaskar Renewables 836 Private Limited,0,0,0,0.247,None,768,0.8183,3.48,3.69,0.07
company_04224,Vidya Logistics 836 Partnership Firm,0,0,0,0.0949,None,818,1.8542,3.19,3.76,1.48
company_04225,Vanguard Automotive 112 Partnership Firm,0,0,0,0.2338,None,767,1.1051,8.38,5.31,2.27
company_04226,Aditya Energy 523 LLP,1,0,1,0.9719,shell_company,472,0.7516,41.31,39.96,6.21
company_04227,Bhaskar Builders 746 Partnership Firm,0,0,0,0.2908,None,686,1.3707,2.74,2.88,3.37
company_04228,Surya Industries 853 LLP,0,0,0,0.2875,None,746,1.6709,3.68,3.56,1.77
company_04229,Karan Pharma 881 Private Limited,0,0,0,0.1488,None,731,2.1062,3.47,3.08,3.39
company_04230,Sterling Infotech 858 Private Limited,0,0,0,0.192,None,771,1.5692,2.52,3.78,3.34
company_04231,Infinity Automotive 113 Partnership Firm,0,0,0,0.305,None,818,1.3365,6.02,6.9,0.22
company_04232,Bharat Textiles 846 Partnership Firm,0,0,0,0.347,None,844,1.7009,7.54,4.76,0.42
company_04233,Surya Foods 268 LLP,1,0,1,0.9263,seasonal_manipulation,711,1.7056,33.19,11.07,7.43
company_04234,Karan Industries 156 Private Limited,0,0,0,0.3121,None,751,1.6979,1.89,7.59,2.04
company_04235,Surya Healthcare 694 Partnership Firm,0,0,0,0.1553,None,767,2.0828,2.38,3.45,1.15
company_04236,Infinity Healthcare 194 Private Limited,0,0,0,0.0201,None,813,1.1377,11.36,4.65,1.17
company_04237,Delta Enterprises 403 LLP,0,0,0,0.1127,None,720,1.0257,3.64,5.25,2.36
company_04238,Apex Energy 921 Partnership Firm,0,0,0,0.3474,None,720,1.3092,3.47,2.49,2.12
company_04239,Vanguard Textiles 479 Private Limited,1,0,1,0.5491,evergreening,660,0.6278,8.53,17.03,12.99
company_04240,Arogya Infrastructure 622 LLP,0,1,1,0.4074,evergreening,654,2.1081,4.46,7.68,3.95
company_04241,Tejas Pharma 648 LLP,0,0,0,0.3081,None,769,1.6341,3.41,3.79,2.1
company_04242,Bharat Metals 278 Private Limited,0,0,0,0.1329,None,764,1.0541,5.41,3.67,1.35
company_04243,Hindustan Infotech 886 LLP,0,0,0,0.1461,None,717,1.8225,6.53,3.34,1.91
company_04244,Kalyani Retail 962 Partnership Firm,0,0,0,0.1941,None,750,1.512,3.81,3.44,3.06
company_04245,Navrachana Textiles 838 Partnership Firm,0,0,0,0.2191,None,695,0.8111,4.71,4.66,2.48
company_04246,Arogya Solutions 776 LLP,0,0,0,0.1366,None,882,1.9326,4.62,5.61,0.15
company_04247,Karan Solutions 711 Partnership Firm,0,0,0,0.2082,None,739,1.285,3.67,3.04,2.79
company_04248,Bharat Chemicals 340 LLP,0,0,0,0.1623,None,745,1.8278,4.28,4.16,5.6
company_04249,Matrix Solutions 778 Partnership Firm,0,0,0,0.328,None,760,1.2042,3.79,3.31,2.18
company_04250,Delta Industries Partnership Firm,0,0,0,0.0591,None,746,2.1668,5.69,3.81,2.77
company_04251,Delta Healthcare 305 Partnership Firm,0,0,0,0.2144,None,774,1.4129,5.14,5.78,1.17
company_04252,Ambika Automotive 880 Partnership Firm,0,0,0,0.2346,None,761,1.6032,4.72,3.3,1.91
company_04253,Navrachana Industries 174 LLP,0,0,0,0.1253,None,788,1.5671,5.7,4.87,4.34
company_04254,Apex Automotive 597 LLP,0,0,0,0.336,None,693,0.8697,3.03,3.01,1.35
company_04255,Aditya Chemicals 852 LLP,0,0,0,0.161,None,755,1.635,5.98,3.31,1.39
company_04256,Surya Textiles LLP,0,0,0,0.1473,None,699,1.7546,2.28,3.45,2.07
company_04257,Arogya Foods 611 Partnership Firm,0,0,0,0.2536,None,708,1.6346,2.56,3.46,4.91
company_04258,Navrachana Infotech 631 Private Limited,1,0,1,0.8902,revenue_inflation,627,1.2193,22.95,41.48,12.84
company_04259,Navrachana Chemicals 223 Private Limited,0,0,0,0.0434,None,746,1.8821,3.45,4.13,1.36
company_04260,Arogya Industries 194 Partnership Firm,0,0,0,0.1245,None,739,1.7634,4.25,3.59,4.82
company_04261,Urja Energy 852 LLP,0,0,0,0.1629,None,719,0.9733,5.34,12.01,1.93
company_04262,Infinity Builders 861 LLP,1,0,1,0.6438,circular_trading,706,0.6584,16.33,16.73,6.5
company_04263,Zenith Logistics 922 LLP,0,0,0,0.2957,None,767,0.9591,3.26,3.67,1.19
company_04264,Urja Foods 909 Private Limited,0,0,0,0.0785,None,657,1.3393,4.07,5.48,3.08
company_04265,Ganesh Industries 150 Private Limited,0,0,0,0.2558,None,699,1.036,5.74,5.18,2.45
company_04266,Sterling Metals 911 Private Limited,0,0,0,0.0437,None,772,1.3527,6.71,4.44,1.32
company_04267,Apex Solutions 709 LLP,0,0,0,0.2782,None,796,1.3164,6.68,8.67,1.53
company_04268,Urja Industries 226 LLP,0,0,0,0.1532,None,763,2.6718,10.59,3.9,2.73
company_04269,Vanguard Pharma 474 LLP,0,0,0,0.2724,None,732,2.0367,2.62,3.06,2.58
company_04270,Delta Renewables 269 Private Limited,0,0,0,0.1892,None,747,1.9546,3.09,4.27,2.68
company_04271,Hindustan Automotive 784 Partnership Firm,0,0,0,0.3236,None,766,1.9821,1.76,3.25,4.06
company_04272,Arogya Infotech 704 Partnership Firm,0,0,0,0.1768,None,736,1.392,4.38,4.89,2.48
company_04273,Aditya Healthcare 838 Partnership Firm,0,0,0,0.2561,None,728,0.8172,3.2,3.37,2.16
company_04274,Delta Builders 682 LLP,0,0,0,0.0799,None,667,1.2822,4.37,3.4,3.77
company_04275,Surya Industries 277 Partnership Firm,0,0,0,0.3249,None,713,1.5942,3.82,3.68,3.64
company_04276,Vanguard Power 515 Partnership Firm,0,0,0,0.0312,None,799,1.7815,5.42,2.89,0.96
company_04277,Vanguard Automotive 315 LLP,1,0,1,0.96,shell_company,635,1.2493,64.68,22.11,7.4
company_04278,Infinity Automotive 388 LLP,0,0,0,0.0787,None,704,1.3839,2.41,2.92,2.18
company_04279,Sterling Metals 692 LLP,0,0,0,0.096,None,804,2.2823,3.44,2.7,1.06
company_04280,Vidya Metals 138 Partnership Firm,0,0,0,0.0822,None,762,2.2696,2.99,7.87,4.54
company_04281,Radhe Chemicals 868 Private Limited,0,0,0,0.2639,None,735,1.8011,7.45,4.88,1.54
company_04282,Bharat Enterprises 385 LLP,0,0,0,0.0544,None,766,1.5117,3.59,2.89,1.45
company_04283,Aditya Infrastructure 468 Private Limited,0,0,0,0.2007,None,759,1.3737,2.64,2.85,1.79
company_04284,Radhe Foods 486 Partnership Firm,0,0,0,0.3173,None,744,0.9768,3.0,2.51,1.34
company_04285,Vidya Power 921 Partnership Firm,0,0,0,0.3455,None,796,1.6519,5.77,7.98,0.82
company_04286,Vanguard Energy 159 Private Limited,0,0,0,0.3102,None,729,1.4635,5.8,3.67,3.79
company_04287,Bharat Infrastructure 361 Private Limited,1,0,1,0.8861,shell_company,522,1.2546,38.89,23.69,18.65
company_04288,Tejas Renewables 229 Partnership Firm,0,0,0,0.1435,None,747,1.2881,6.16,3.77,2.33
company_04289,Shivam Power 533 Partnership Firm,0,0,0,0.3472,None,709,1.2329,3.35,3.27,2.47
company_04290,Tejas Renewables 908 Private Limited,0,0,0,0.0442,None,789,1.6993,3.39,3.25,1.69
company_04291,Bhaskar Power 834 LLP,1,0,1,0.7171,circular_trading,644,0.8846,26.44,9.57,12.0
company_04292,Ambika Foods 458 LLP,0,0,0,0.1184,None,767,1.574,10.34,4.01,0.89
company_04293,Hindustan Solutions Partnership Firm,0,0,0,0.245,None,662,1.6318,2.8,4.51,3.13
company_04294,Bhaskar Industries 137 Partnership Firm,0,0,0,0.0135,None,782,0.6784,4.21,3.87,1.45
company_04295,Ambika Chemicals 281 LLP,0,0,0,0.259,None,726,0.811,4.57,2.97,3.04
company_04296,Bhaskar Infotech 699 Private Limited,0,1,1,0.7196,seasonal_manipulation,692,1.8812,3.4,3.62,3.33
company_04297,Hindustan Chemicals 450 Partnership Firm,0,0,0,0.3363,None,769,1.477,6.32,3.18,1.07
company_04298,Bharat Renewables 810 Partnership Firm,0,0,0,0.0492,None,713,1.7453,4.89,2.88,3.0
company_04299,Aditya Industries 952 Private Limited,0,0,0,0.0825,None,712,1.4165,4.79,3.56,5.93
company_04300,Urja Retail 996 Private Limited,0,0,0,0.0717,None,799,1.4646,10.67,4.58,0.69
company_04301,Ganesh Logistics 684 Partnership Firm,0,0,0,0.2254,None,703,1.9182,3.46,3.46,2.56
company_04302,Radhe Textiles 254 Partnership Firm,0,0,0,0.2496,None,783,1.5077,4.49,4.43,1.16
company_04303,Radhe Power Private Limited,1,0,1,0.9246,shell_company,506,1.1747,79.93,23.54,9.82
company_04304,Apex Enterprises 428 Private Limited,0,0,0,0.1102,None,721,2.09,3.92,3.44,1.79
company_04305,Ambika Renewables 470 Private Limited,0,0,0,0.2432,None,817,1.2634,2.96,3.42,0.9
company_04306,Vanguard Metals 740 Private Limited,1,0,1,0.8972,circular_trading,591,1.2839,46.31,19.24,12.68
company_04307,Radhe Power 533 Private Limited,0,0,0,0.2753,None,758,1.3888,8.0,3.51,2.89
company_04308,Infinity Chemicals 314 Private Limited,0,0,0,0.2603,None,745,1.3745,9.24,3.34,2.14
company_04309,Ambika Infotech 918 Partnership Firm,0,0,0,0.3229,None,773,2.2227,2.89,2.24,2.06
company_04310,Sterling Energy 969 LLP,0,0,0,0.0206,None,710,2.0505,4.58,2.98,4.96
company_04311,Navrachana Infotech 934 Partnership Firm,0,0,0,0.3026,None,729,1.3457,4.68,10.3,2.31
company_04312,Urja Infrastructure 715 Private Limited,0,0,0,0.0147,None,739,0.9297,6.37,7.0,3.43
company_04313,Ambika Builders 389 Private Limited,1,0,1,0.9642,revenue_inflation,647,1.5602,36.1,26.65,8.97
company_04314,Navrachana Healthcare 126 Partnership Firm,0,0,0,0.1051,None,778,2.6726,5.07,3.63,3.12
company_04315,Arogya Metals 117 Partnership Firm,0,0,0,0.0769,None,648,1.5607,4.38,2.88,4.56
company_04316,Infinity Chemicals 545 Partnership Firm,0,0,0,0.096,None,762,2.1535,4.45,4.99,2.23
company_04317,Urja Energy 269 Partnership Firm,0,1,1,0.6965,evergreening,678,1.8692,3.92,3.04,3.11
company_04318,Zenith Infotech 498 Partnership Firm,0,0,0,0.1152,None,840,1.5188,3.75,4.38,4.73
company_04319,Karan Builders 249 Partnership Firm,0,0,0,0.2645,None,703,1.1371,3.24,4.44,3.18
company_04320,Hindustan Retail 443 Private Limited,1,0,1,0.6948,circular_trading,620,0.8198,20.64,20.9,7.42
company_04321,Bharat Metals 176 Partnership Firm,0,0,0,0.0405,None,735,1.6202,3.61,3.22,5.69
company_04322,Ganesh Chemicals 994 Partnership Firm,0,0,0,0.1424,None,729,1.2373,10.21,5.47,1.17
company_04323,Delta Pharma 935 LLP,0,0,0,0.2243,None,813,1.5409,3.13,4.43,3.38
company_04324,Matrix Energy 172 LLP,0,0,0,0.205,None,764,2.8536,8.85,4.26,2.13
company_04325,Bhaskar Automotive 403 Partnership Firm,0,0,0,0.0452,None,774,1.2943,4.27,4.16,2.81
company_04326,Ambika Energy 288 Partnership Firm,0,1,1,0.7272,benami_siphoning,802,1.9931,3.53,7.7,0.84
company_04327,Kalyani Enterprises 115 Private Limited,1,0,1,0.8559,revenue_inflation,603,0.8158,32.96,28.67,10.91
company_04328,Karan Automotive 883 Private Limited,0,0,0,0.2792,None,687,1.058,3.63,4.42,1.42
company_04329,Apex Healthcare 177 LLP,0,0,0,0.2127,None,788,1.4354,3.49,4.43,1.73
company_04330,Navrachana Foods 102 Private Limited,0,0,0,0.012,None,767,1.5752,4.67,3.7,5.35
company_04331,Matrix Logistics 331 LLP,0,0,0,0.1284,None,686,1.1773,4.13,6.37,3.43
company_04332,Ambika Infotech 243 LLP,0,0,0,0.0424,None,762,1.1852,6.9,4.21,5.11
company_04333,Vanguard Energy 421 LLP,0,0,0,0.0954,None,729,1.2304,3.16,2.51,2.56
company_04334,Infinity Infrastructure 624 Partnership Firm,0,0,0,0.3093,None,722,0.9654,2.44,3.07,2.35
company_04335,Hindustan Retail 854 LLP,1,0,1,0.855,evergreening,645,0.5182,21.38,19.37,19.53
company_04336,Radhe Automotive 161 Private Limited,0,0,0,0.158,None,810,2.2291,4.35,4.08,3.23
company_04337,Radhe Industries 133 Private Limited,0,0,0,0.172,None,764,1.2669,4.56,3.57,1.19
company_04338,Karan Power 781 Partnership Firm,0,1,1,0.5014,circular_trading,816,1.5693,5.74,3.76,4.29
company_04339,Urja Infrastructure 805 Partnership Firm,0,0,0,0.1212,None,748,1.7229,7.1,3.68,2.03
company_04340,Ambika Industries 260 Private Limited,0,0,0,0.2276,None,747,1.4212,3.41,5.1,2.62
company_04341,Aditya Logistics 451 Partnership Firm,0,0,0,0.2776,None,751,1.7154,5.77,6.87,6.67
company_04342,Vanguard Energy 961 Private Limited,0,0,0,0.3303,None,756,1.6702,4.83,3.21,1.14
company_04343,Arogya Solutions 950 Private Limited,0,0,0,0.0834,None,745,0.5285,3.92,3.68,1.64
company_04344,Urja Retail 941 LLP,0,0,0,0.0582,None,717,1.4441,4.44,3.14,2.45
company_04345,Ambika Automotive Private Limited,0,0,0,0.0396,None,753,1.358,8.31,7.69,1.49
company_04346,Ganesh Logistics 376 Partnership Firm,1,0,1,0.987,revenue_inflation,699,1.2229,44.76,24.85,8.27
company_04347,Matrix Healthcare 544 LLP,1,0,1,0.9746,seasonal_manipulation,660,1.0355,39.93,14.82,12.84
company_04348,Sterling Pharma 882 Private Limited,1,0,1,0.9407,benami_siphoning,671,0.8684,29.91,37.71,6.79
company_04349,Ambika Power 162 Private Limited,0,0,0,0.3103,None,777,1.1013,5.61,10.27,2.06
company_04350,Navrachana Chemicals 625 Partnership Firm,0,0,0,0.2834,None,794,1.8837,4.6,3.73,1.0
company_04351,Infinity Chemicals 894 Private Limited,0,0,0,0.2801,None,773,0.5984,4.16,3.58,1.98
company_04352,Vidya Textiles Partnership Firm,0,0,0,0.1827,None,724,1.2178,3.73,3.87,2.51
company_04353,Vanguard Power 534 Partnership Firm,0,0,0,0.3237,None,751,1.4052,3.67,4.34,2.23
company_04354,Bharat Retail 476 LLP,0,1,1,0.5247,circular_trading,756,1.5295,6.87,9.18,2.48
company_04355,Matrix Infrastructure 524 Private Limited,0,0,0,0.1395,None,734,1.6727,3.31,8.79,2.26
company_04356,Bharat Textiles 952 Partnership Firm,0,0,0,0.0455,None,733,2.2877,11.49,4.28,1.65
company_04357,Vidya Infrastructure 366 Partnership Firm,0,0,0,0.1986,None,789,1.1383,2.27,3.24,1.51
company_04358,Ambika Solutions 632 LLP,0,0,0,0.2902,None,790,1.2802,3.56,4.3,2.43
company_04359,Aditya Energy 964 Partnership Firm,0,0,0,0.1839,None,722,1.3994,4.0,4.33,2.44
company_04360,Tejas Infrastructure 857 Partnership Firm,0,0,0,0.2749,None,786,1.5205,2.69,2.97,0.94
company_04361,Kalyani Power 435 Private Limited,0,0,0,0.3301,None,694,1.8431,5.84,5.92,3.24
company_04362,Ganesh Metals 485 Private Limited,0,0,0,0.3059,None,736,1.4468,6.27,5.94,3.04
company_04363,Ganesh Solutions 240 LLP,0,1,1,0.4161,benami_siphoning,690,1.9211,3.37,3.93,2.88
company_04364,Shivam Builders 382 Partnership Firm,0,0,0,0.0493,None,704,1.5787,4.92,5.61,2.59
company_04365,Bharat Enterprises 787 Private Limited,0,0,0,0.1287,None,799,2.1247,5.76,3.39,0.79
company_04366,Delta Textiles 425 LLP,0,0,0,0.2134,None,671,1.6364,6.46,5.09,3.4
company_04367,Vidya Logistics 516 Partnership Firm,0,1,1,0.5658,revenue_inflation,792,1.5877,3.25,4.53,0.98
company_04368,Aditya Solutions 441 LLP,1,0,1,0.9859,revenue_inflation,691,1.7631,26.67,27.48,16.67
company_04369,Aditya Foods 455 LLP,0,0,0,0.1029,None,685,1.3844,3.88,4.82,3.8
company_04370,Vidya Builders 181 Partnership Firm,0,0,0,0.1328,None,680,0.986,5.83,5.84,6.43
company_04371,Sterling Chemicals 449 LLP,0,0,0,0.1582,None,757,1.7499,2.42,4.31,2.8
company_04372,Zenith Metals 556 LLP,0,0,0,0.1208,None,770,1.8503,2.74,5.18,0.96
company_04373,Karan Automotive 255 LLP,0,0,0,0.2808,None,744,1.2407,2.27,3.41,3.64
company_04374,Surya Metals 967 Private Limited,0,0,0,0.2753,None,770,1.4633,6.46,7.67,1.58
company_04375,Surya Healthcare 249 Private Limited,0,0,0,0.1699,None,698,1.5037,5.78,4.58,2.5
company_04376,Zenith Power 827 LLP,1,0,1,0.8908,benami_siphoning,651,1.9021,24.56,28.98,7.13
company_04377,Shivam Industries 171 LLP,0,0,0,0.333,None,747,0.8686,10.65,3.01,1.36
company_04378,Kalyani Energy 332 Private Limited,0,0,0,0.2954,None,780,1.7737,2.98,4.26,2.26
company_04379,Shivam Foods 333 Private Limited,0,0,0,0.1931,None,750,1.443,2.03,2.87,2.67
company_04380,Karan Foods 404 LLP,0,0,0,0.1943,None,817,1.8404,3.54,3.53,1.09
company_04381,Ganesh Builders 943 Partnership Firm,0,0,0,0.0546,None,778,1.2922,4.49,6.9,1.51
company_04382,Karan Power 988 LLP,1,0,1,0.9435,circular_trading,632,0.4845,47.69,26.95,20.0
company_04383,Kalyani Builders 646 LLP,0,0,0,0.2937,None,726,2.1239,4.11,3.51,2.14
company_04384,Vanguard Energy 411 LLP,0,0,0,0.0174,None,722,1.0697,1.41,2.36,4.22
company_04385,Ambika Textiles Partnership Firm,0,0,0,0.3466,None,765,1.1296,1.81,4.49,2.91
company_04386,Infinity Infrastructure 477 LLP,0,0,0,0.3074,None,809,1.4718,2.87,3.72,1.33
company_04387,Sterling Power 413 LLP,0,0,0,0.2752,None,726,1.8438,4.91,4.92,3.22
company_04388,Ambika Pharma 873 Partnership Firm,0,0,0,0.1524,None,778,1.4626,2.45,2.67,1.74
company_04389,Zenith Foods 148 Partnership Firm,0,0,0,0.1371,None,738,2.1505,3.55,5.05,1.77
company_04390,Matrix Enterprises 300 Partnership Firm,0,0,0,0.116,None,720,1.6581,3.08,4.66,4.24
company_04391,Zenith Industries 371 Partnership Firm,0,0,0,0.2148,None,802,2.2683,4.53,5.5,0.5
company_04392,Shivam Retail 775 Private Limited,1,0,1,0.8508,benami_siphoning,651,0.762,33.61,26.63,7.64
company_04393,Navrachana Pharma 476 Partnership Firm,0,0,0,0.1968,None,755,1.3135,3.92,3.52,1.9
company_04394,Radhe Renewables 862 Private Limited,0,0,0,0.1047,None,742,0.8799,3.83,4.23,2.09
company_04395,Surya Infrastructure 934 Partnership Firm,0,0,0,0.2558,None,767,1.4931,5.7,4.19,0.73
company_04396,Sterling Energy 350 Partnership Firm,0,0,0,0.2457,None,701,1.1071,3.03,4.58,2.48
company_04397,Vidya Power 423 LLP,0,0,0,0.2698,None,730,1.764,2.45,2.81,2.12
company_04398,Matrix Solutions 176 Private Limited,0,0,0,0.1786,None,814,1.3195,6.75,3.78,3.29
company_04399,Surya Metals 527 Partnership Firm,0,0,0,0.0907,None,807,1.7306,2.31,4.59,1.66
company_04400,Ambika Energy 297 Private Limited,0,0,0,0.1467,None,715,1.031,10.06,3.43,2.7
company_04401,Infinity Chemicals 981 Partnership Firm,0,0,0,0.0865,None,765,1.1048,3.2,4.68,2.79
company_04402,Vanguard Energy 405 Partnership Firm,0,0,0,0.2583,None,733,1.0961,2.83,5.61,2.65
company_04403,Aditya Renewables 193 LLP,0,0,0,0.1154,None,735,1.4363,5.74,4.03,2.51
company_04404,Karan Infotech 423 LLP,0,0,0,0.2783,None,722,0.9921,3.62,2.07,2.25
company_04405,Matrix Infotech 211 LLP,0,0,0,0.1682,None,673,1.6551,6.75,3.87,2.42
company_04406,Surya Solutions 168 LLP,0,0,0,0.1098,None,736,1.0664,5.56,7.43,2.32
company_04407,Ganesh Metals 330 Private Limited,0,0,0,0.0688,None,648,1.2023,4.62,3.77,2.83
company_04408,Vanguard Energy 835 LLP,0,0,0,0.0565,None,759,1.3506,5.5,3.89,1.18
company_04409,Kalyani Healthcare 914 Partnership Firm,0,0,0,0.2084,None,752,1.2698,8.66,3.29,3.43
company_04410,Vidya Retail 838 Partnership Firm,0,0,0,0.0939,None,739,1.5758,4.24,4.35,3.82
company_04411,Bharat Builders 198 Partnership Firm,0,0,0,0.0212,None,771,1.2579,1.86,6.82,2.07
company_04412,Karan Pharma 695 Private Limited,1,0,1,0.6933,shell_company,615,0.9852,27.95,25.18,4.24
company_04413,Radhe Logistics 919 Partnership Firm,0,0,0,0.2129,None,776,1.2775,2.44,6.51,1.6
company_04414,Delta Renewables LLP,0,0,0,0.1938,None,815,1.1444,5.17,3.3,1.22
company_04415,Bhaskar Pharma 136 Private Limited,0,0,0,0.2207,None,742,1.2298,5.34,5.61,1.66
company_04416,Arogya Pharma 560 Private Limited,0,0,0,0.2886,None,763,1.9946,4.89,5.04,1.64
company_04417,Urja Solutions 406 LLP,1,0,1,0.6954,evergreening,651,0.7281,9.23,12.06,11.46
company_04418,Urja Chemicals 677 LLP,0,0,0,0.1166,None,738,1.9692,3.38,2.67,6.52
company_04419,Vidya Power 599 LLP,0,0,0,0.3351,None,720,1.9903,3.56,3.22,3.19
company_04420,Vanguard Infrastructure 779 Private Limited,0,0,0,0.0321,None,707,1.1895,9.74,4.33,2.3
company_04421,Navrachana Healthcare 732 Private Limited,0,0,0,0.3374,None,767,1.2916,3.25,2.4,2.58
company_04422,Infinity Builders 694 Partnership Firm,0,0,0,0.2522,None,707,1.4882,3.4,3.65,3.13
company_04423,Delta Builders 809 Private Limited,0,0,0,0.3092,None,814,1.3066,8.74,6.78,0.51
company_04424,Bhaskar Power Private Limited,0,0,0,0.1077,None,768,0.943,4.07,4.36,2.03
company_04425,Surya Healthcare 641 Partnership Firm,0,0,0,0.3491,None,761,1.9529,3.38,3.4,2.29
company_04426,Tejas Foods 656 LLP,0,0,0,0.1873,None,770,1.7023,2.95,5.42,1.7
company_04427,Vidya Foods 926 LLP,0,0,0,0.2501,None,752,0.8836,3.18,3.0,2.2
company_04428,Matrix Metals 679 Partnership Firm,1,0,1,0.5593,shell_company,520,0.8003,28.76,33.97,4.26
company_04429,Aditya Metals 561 LLP,0,0,0,0.1717,None,759,1.4659,6.24,6.01,2.15
company_04430,Arogya Solutions 665 Private Limited,0,0,0,0.2305,None,706,1.6865,5.71,6.47,3.1
company_04431,Tejas Retail 540 Partnership Firm,0,0,0,0.253,None,695,0.9205,2.68,3.49,4.2
company_04432,Shivam Metals 926 LLP,1,0,1,0.8194,revenue_inflation,609,0.8795,25.43,42.72,9.21
company_04433,Radhe Renewables 240 LLP,0,0,0,0.0153,None,804,2.2684,5.42,4.45,5.13
company_04434,Vidya Renewables 376 LLP,0,0,0,0.3105,None,763,1.7483,2.21,3.02,1.83
company_04435,Tejas Industries 637 Partnership Firm,0,0,0,0.259,None,803,1.842,3.06,3.47,2.56
company_04436,Apex Healthcare 669 Private Limited,0,0,0,0.1166,None,765,1.811,5.35,6.24,1.58
company_04437,Vidya Foods 816 LLP,0,0,0,0.0137,None,754,1.9353,5.03,2.93,1.96
company_04438,Shivam Industries 893 Private Limited,0,0,0,0.2023,None,719,1.0401,3.1,5.95,2.04
company_04439,Navrachana Pharma 656 Partnership Firm,0,0,0,0.1328,None,809,0.9457,3.8,3.04,0.66
company_04440,Tejas Pharma 156 Partnership Firm,0,0,0,0.053,None,781,1.3773,4.81,3.12,2.57
company_04441,Bharat Metals 448 LLP,0,0,0,0.1822,None,817,1.4612,4.36,2.94,2.68
company_04442,Tejas Pharma 215 LLP,1,0,1,0.9035,benami_siphoning,623,1.1617,15.6,26.57,10.25
company_04443,Ganesh Foods 151 Private Limited,0,0,0,0.2339,None,781,1.8978,8.47,2.93,1.1
company_04444,Surya Renewables 980 Private Limited,0,0,0,0.1008,None,745,2.48,4.16,4.0,3.23
company_04445,Infinity Foods Private Limited,0,1,1,0.5746,evergreening,771,1.3901,5.53,5.01,1.61
company_04446,Tejas Infrastructure 733 LLP,0,0,0,0.1015,None,752,1.9336,2.39,3.19,2.26
company_04447,Matrix Solutions 351 LLP,0,0,0,0.3122,None,754,1.1019,2.68,5.21,1.81
company_04448,Surya Retail 382 Partnership Firm,0,0,0,0.0805,None,855,1.1306,2.97,3.47,7.86
company_04449,Urja Pharma 741 Private Limited,0,1,1,0.4038,revenue_inflation,769,1.9312,5.85,4.0,2.18
company_04450,Matrix Automotive 284 Private Limited,0,0,0,0.1746,None,727,1.2382,9.8,2.89,1.52
company_04451,Navrachana Energy 916 Private Limited,0,0,0,0.0544,None,745,2.0257,7.42,4.24,2.09
company_04452,Surya Automotive 694 Private Limited,0,0,0,0.2896,None,778,1.3816,4.27,3.76,2.28
company_04453,Ganesh Logistics 907 Private Limited,0,0,0,0.2365,None,715,1.2818,2.37,7.23,5.23
company_04454,Karan Retail 358 Private Limited,0,0,0,0.3064,None,755,0.8211,6.66,3.23,1.77
company_04455,Ambika Energy 376 Partnership Firm,0,0,0,0.0489,None,665,1.992,3.88,2.75,3.33
company_04456,Bhaskar Textiles 484 Partnership Firm,0,0,0,0.0601,None,764,1.9511,2.16,3.51,2.07
company_04457,Tejas Retail 251 Partnership Firm,1,0,1,0.9253,evergreening,669,0.7821,21.12,14.3,12.51
company_04458,Vanguard Power 512 LLP,0,0,0,0.1183,None,794,1.2749,3.44,4.36,0.73
company_04459,Surya Automotive 248 LLP,0,0,0,0.0628,None,691,1.2322,5.24,3.46,5.75
company_04460,Vidya Metals 630 Partnership Firm,0,0,0,0.0523,None,729,1.036,3.79,3.33,1.95
company_04461,Aditya Infotech 585 LLP,1,0,1,0.896,shell_company,607,0.9024,34.18,43.77,13.5
company_04462,Navrachana Textiles 593 Partnership Firm,1,0,1,0.9876,seasonal_manipulation,703,1.1484,28.56,21.33,17.63
company_04463,Delta Power 212 Private Limited,0,0,0,0.0248,None,799,2.413,5.87,3.48,1.65
company_04464,Apex Automotive 912 LLP,0,0,0,0.1644,None,763,1.4519,3.54,2.48,1.73
company_04465,Navrachana Builders 402 Private Limited,1,0,1,0.9269,evergreening,693,0.7672,21.19,22.63,11.92
company_04466,Vidya Power 720 LLP,0,0,0,0.1315,None,752,1.387,4.51,4.33,0.91
company_04467,Tejas Power 493 Private Limited,0,0,0,0.1403,None,761,1.3259,5.11,3.58,2.39
company_04468,Sterling Logistics 596 LLP,1,0,1,0.921,evergreening,590,0.8019,38.79,20.45,19.28
company_04469,Sterling Retail 573 Partnership Firm,0,0,0,0.2025,None,754,1.43,8.73,3.91,1.41
company_04470,Vanguard Energy 786 Private Limited,0,0,0,0.2293,None,726,1.4219,5.11,3.94,3.02
company_04471,Hindustan Retail 214 Partnership Firm,0,0,0,0.0793,None,762,2.0624,6.83,3.66,1.69
company_04472,Kalyani Foods 955 Partnership Firm,0,0,0,0.2546,None,786,1.2193,4.94,3.52,1.28
company_04473,Ganesh Healthcare 763 LLP,1,0,1,0.8474,benami_siphoning,675,1.681,19.91,22.16,4.13
company_04474,Bharat Infrastructure 513 LLP,0,0,0,0.021,None,811,1.5249,12.06,3.5,2.25
company_04475,Bhaskar Infrastructure 240 Partnership Firm,1,0,1,0.911,evergreening,700,0.4187,36.68,26.41,16.56
company_04476,Apex Enterprises 915 LLP,0,1,1,0.741,circular_trading,763,1.8849,3.67,4.27,1.21
company_04477,Ambika Chemicals 421 Partnership Firm,1,0,1,0.8873,benami_siphoning,692,1.7749,23.75,26.2,7.68
company_04478,Bhaskar Pharma 959 Private Limited,0,0,0,0.2765,None,745,1.4977,2.63,2.78,1.04
company_04479,Zenith Textiles Private Limited,0,0,0,0.1218,None,754,1.683,9.91,3.51,2.22
company_04480,Sterling Solutions 956 Private Limited,0,0,0,0.3215,None,765,2.6984,3.92,4.58,6.54
company_04481,Bharat Chemicals 674 Private Limited,1,0,1,0.924,circular_trading,572,0.2,32.08,22.26,8.97
company_04482,Ganesh Foods 675 Private Limited,1,0,1,0.9433,evergreening,666,0.6952,19.98,18.88,15.88
company_04483,Urja Enterprises 698 LLP,0,0,0,0.0912,None,743,1.3333,8.46,3.24,2.84
company_04484,Sterling Textiles 935 Private Limited,1,0,1,0.9619,seasonal_manipulation,657,1.0164,22.9,30.09,17.59
company_04485,Tejas Textiles 320 Private Limited,0,0,0,0.2399,None,816,1.9461,3.81,4.26,1.45
company_04486,Urja Foods 129 Private Limited,0,0,0,0.2272,None,805,1.5682,4.56,3.69,2.71
company_04487,Sterling Industries 605 Partnership Firm,0,0,0,0.3012,None,751,0.9807,4.74,5.0,3.55
company_04488,Kalyani Industries 912 Private Limited,0,0,0,0.2072,None,724,0.8003,18.0,3.54,2.52
company_04489,Ambika Power 815 LLP,0,0,0,0.3313,None,788,1.4105,2.18,2.75,0.83
company_04490,Vidya Chemicals 474 Partnership Firm,0,0,0,0.2862,None,638,1.7808,1.62,4.46,4.21
company_04491,Infinity Industries 522 Partnership Firm,0,0,0,0.1002,None,712,1.2652,10.32,3.75,2.81
company_04492,Navrachana Infotech 952 LLP,0,0,0,0.0176,None,755,1.0901,4.4,4.3,2.24
company_04493,Ambika Energy 564 Partnership Firm,1,0,1,0.785,circular_trading,658,1.119,23.98,13.55,5.37
company_04494,Tejas Power 448 Private Limited,0,0,0,0.2152,None,702,1.095,1.45,5.64,2.28
company_04495,Navrachana Pharma LLP,0,0,0,0.0185,None,795,2.5223,2.86,2.97,2.35
company_04496,Bhaskar Infrastructure 397 Private Limited,0,0,0,0.1278,None,767,1.1222,4.72,4.35,2.56
company_04497,Ambika Textiles 505 Private Limited,0,0,0,0.143,None,663,0.9902,6.76,5.3,2.02
company_04498,Ambika Infrastructure 988 Private Limited,0,0,0,0.2666,None,685,1.7948,8.19,3.69,2.8
company_04499,Apex Builders 499 LLP,1,0,1,0.8625,revenue_inflation,732,0.7192,39.32,36.96,7.43
company_04500,Apex Infrastructure 563 Private Limited,0,0,0,0.0316,None,780,1.4263,5.45,10.29,1.21
company_04501,Bharat Chemicals 615 LLP,0,0,0,0.2535,None,727,1.4906,3.85,5.04,3.1
company_04502,Vanguard Industries 487 LLP,0,0,0,0.0267,None,744,1.6249,6.9,3.61,3.71
company_04503,Hindustan Foods 621 Private Limited,0,0,0,0.1327,None,792,1.3465,3.66,5.66,0.82
company_04504,Urja Metals 261 Private Limited,1,0,1,0.7369,circular_trading,717,0.3802,23.59,14.01,3.87
company_04505,Ambika Energy 513 LLP,1,0,1,0.7117,seasonal_manipulation,676,0.5305,35.19,14.0,5.76
company_04506,Hindustan Pharma 155 Private Limited,1,0,1,0.9128,benami_siphoning,673,0.9272,17.67,31.6,6.77
company_04507,Hindustan Chemicals 514 Private Limited,0,1,1,0.4479,seasonal_manipulation,736,1.3039,5.79,3.62,1.29
company_04508,Delta Pharma 186 LLP,0,0,0,0.3416,None,825,1.2515,4.61,3.38,1.65
company_04509,Urja Pharma 111 LLP,0,1,1,0.4474,revenue_inflation,749,1.9031,6.16,3.04,4.28
company_04510,Apex Builders 520 LLP,1,0,1,0.9227,revenue_inflation,629,1.0798,42.36,31.96,10.07
company_04511,Infinity Foods 221 LLP,0,0,0,0.2619,None,736,1.2628,13.59,5.14,2.62
company_04512,Apex Infotech 412 Private Limited,0,0,0,0.1359,None,761,1.4908,6.24,3.33,2.19
company_04513,Bhaskar Infrastructure 205 Partnership Firm,1,0,1,0.9254,shell_company,555,0.6604,40.0,33.71,7.6
company_04514,Tejas Chemicals 774 Private Limited,0,0,0,0.286,None,677,1.1029,4.65,3.07,1.5
company_04515,Vidya Healthcare 293 Partnership Firm,0,0,0,0.1728,None,775,1.3732,6.97,2.62,2.02
company_04516,Sterling Energy 747 LLP,0,0,0,0.0343,None,783,2.0173,11.02,3.49,1.65
company_04517,Shivam Pharma 849 LLP,0,0,0,0.1933,None,726,0.8792,2.89,3.13,4.66
company_04518,Delta Pharma 422 Private Limited,0,0,0,0.1382,None,766,1.482,7.82,3.65,2.5
company_04519,Karan Textiles Private Limited,0,0,0,0.289,None,718,1.1101,2.65,2.62,3.62
company_04520,Zenith Chemicals 329 Partnership Firm,0,0,0,0.3396,None,798,1.4961,6.19,4.31,0.47
company_04521,Bhaskar Builders 495 Partnership Firm,0,0,0,0.0271,None,728,2.4296,3.35,4.0,1.89
company_04522,Aditya Chemicals 584 Partnership Firm,0,0,0,0.2353,None,724,2.0768,7.45,3.64,2.55
company_04523,Apex Textiles 288 Partnership Firm,0,0,0,0.2573,None,738,1.4664,3.06,2.67,2.19
company_04524,Bhaskar Logistics Private Limited,1,0,1,0.7677,revenue_inflation,657,0.7588,25.83,22.61,4.51
company_04525,Vidya Chemicals 856 Private Limited,0,0,0,0.1744,None,794,2.0127,8.44,4.68,2.64
company_04526,Matrix Logistics 529 Partnership Firm,1,0,1,0.8573,revenue_inflation,614,0.7654,34.92,33.25,11.35
company_04527,Bhaskar Pharma 841 LLP,0,0,0,0.2188,None,708,1.7102,4.88,4.33,1.52
company_04528,Surya Pharma 191 Private Limited,1,0,1,0.7556,shell_company,491,0.7308,30.47,34.4,7.14
company_04529,Navrachana Enterprises 631 Partnership Firm,0,0,0,0.0445,None,713,1.5492,3.63,6.96,3.51
company_04530,Urja Logistics 121 LLP,1,0,1,0.9646,evergreening,575,0.5259,35.43,12.01,18.64
company_04531,Ambika Power 711 Partnership Firm,1,0,1,0.5028,benami_siphoning,688,1.3313,8.01,22.27,4.15
company_04532,Surya Logistics 689 LLP,1,0,1,0.9214,circular_trading,653,0.3482,26.38,21.02,16.38
company_04533,Matrix Energy 918 Private Limited,0,0,0,0.1967,None,738,1.4736,4.44,4.75,3.13
company_04534,Bharat Builders 309 Partnership Firm,1,0,1,0.942,circular_trading,544,0.6941,26.63,34.65,9.61
company_04535,Arogya Logistics 185 Partnership Firm,0,0,0,0.2863,None,749,0.9999,4.06,5.68,1.56
company_04536,Sterling Enterprises 845 LLP,0,0,0,0.1453,None,721,1.3642,5.49,4.64,3.45
company_04537,Matrix Power 903 Partnership Firm,0,0,0,0.1487,None,706,0.8697,5.9,5.02,1.64
company_04538,Bharat Pharma 234 LLP,0,0,0,0.0758,None,732,1.8242,8.3,6.76,1.78
company_04539,Hindustan Enterprises 354 LLP,0,0,0,0.0893,None,681,1.9519,11.67,4.4,2.41
company_04540,Urja Foods 175 LLP,1,0,1,0.9093,revenue_inflation,597,1.1861,46.68,24.99,12.73
company_04541,Karan Power 371 Partnership Firm,0,0,0,0.0233,None,798,1.7932,3.76,3.6,2.13
company_04542,Kalyani Textiles 199 Partnership Firm,0,0,0,0.3292,None,793,1.3745,6.17,6.02,1.18
company_04543,Aditya Logistics 834 Private Limited,0,0,0,0.2464,None,696,1.9229,5.03,8.23,3.9
company_04544,Delta Industries 439 LLP,0,0,0,0.1258,None,767,1.5136,3.7,4.13,3.95
company_04545,Surya Pharma 389 Partnership Firm,0,0,0,0.2443,None,774,1.5601,6.13,6.34,1.17
company_04546,Kalyani Foods 232 Private Limited,0,0,0,0.3116,None,729,1.2102,0.92,1.97,3.61
company_04547,Matrix Solutions 119 LLP,0,0,0,0.3173,None,759,1.3909,0.83,11.01,1.92
company_04548,Urja Renewables 722 Partnership Firm,1,0,1,0.9233,circular_trading,654,1.5587,21.67,25.64,7.35
company_04549,Hindustan Textiles 505 Partnership Firm,0,0,0,0.2822,None,704,1.8674,3.08,3.43,3.65
company_04550,Sterling Infotech 916 LLP,0,0,0,0.2916,None,694,0.9689,2.76,4.16,2.02
company_04551,Karan Enterprises 694 LLP,0,1,1,0.4869,shell_company,810,1.4707,6.42,5.7,2.08
company_04552,Apex Power 301 Partnership Firm,0,0,0,0.2394,None,738,1.2332,3.57,7.82,1.51
company_04553,Arogya Infotech 434 LLP,0,0,0,0.2635,None,730,1.5721,4.41,3.87,3.43
company_04554,Aditya Chemicals 455 Partnership Firm,0,1,1,0.6079,revenue_inflation,749,2.0584,5.01,3.78,3.0
company_04555,Bhaskar Logistics 766 Private Limited,0,0,0,0.2873,None,723,1.0708,3.8,2.93,2.32
company_04556,Aditya Builders 694 Partnership Firm,0,1,1,0.698,evergreening,777,1.3059,3.4,5.13,3.85
company_04557,Vidya Healthcare 697 Private Limited,1,0,1,0.8868,benami_siphoning,685,0.2745,16.22,21.25,6.41
company_04558,Urja Renewables 298 LLP,1,0,1,0.5775,benami_siphoning,649,0.5165,15.13,26.65,4.78
company_04559,Ambika Power 758 Private Limited,0,0,0,0.0732,None,759,1.4955,4.5,3.65,0.93
company_04560,Infinity Healthcare 417 Partnership Firm,0,0,0,0.3133,None,764,1.558,4.29,5.49,4.71
company_04561,Surya Builders LLP,0,0,0,0.2661,None,729,2.1138,4.67,3.0,3.77
company_04562,Surya Textiles 858 Partnership Firm,0,0,0,0.0349,None,720,1.6129,3.53,5.34,2.46
company_04563,Bharat Energy 689 Partnership Firm,0,0,0,0.2926,None,734,1.4637,2.25,3.47,1.62
company_04564,Matrix Logistics 453 Private Limited,0,0,0,0.1188,None,729,1.5459,7.0,3.85,2.78
company_04565,Vanguard Builders 572 Private Limited,1,0,1,0.8547,circular_trading,674,0.8323,31.89,16.05,5.96
company_04566,Urja Industries 556 Partnership Firm,0,0,0,0.3428,None,729,1.8337,3.24,5.63,2.02
company_04567,Aditya Infotech 822 Partnership Firm,0,0,0,0.3369,None,851,1.2562,4.02,3.72,1.1
company_04568,Vanguard Metals 749 Partnership Firm,0,0,0,0.1312,None,773,1.2434,3.63,5.73,1.86
company_04569,Hindustan Logistics 190 Partnership Firm,0,0,0,0.0885,None,769,1.671,3.38,5.11,1.07
company_04570,Matrix Logistics 641 LLP,1,0,1,0.8611,shell_company,560,1.0509,71.18,20.83,10.52
company_04571,Ambika Infotech 167 Private Limited,0,0,0,0.3217,None,694,0.9785,7.61,4.23,2.83
company_04572,Kalyani Automotive 530 Private Limited,0,0,0,0.2942,None,788,1.4117,3.99,3.86,1.59
company_04573,Arogya Logistics 751 LLP,0,0,0,0.1434,None,765,1.4014,5.31,2.76,2.54
company_04574,Delta Retail 563 LLP,0,0,0,0.1753,None,722,1.1306,4.18,3.9,2.36
company_04575,Karan Solutions 181 LLP,0,0,0,0.2827,None,775,1.5385,6.1,3.6,1.84
company_04576,Arogya Automotive 540 LLP,0,1,1,0.5809,evergreening,763,1.3771,3.52,3.24,2.74
company_04577,Vanguard Infotech 983 Private Limited,0,0,0,0.0216,None,819,1.4942,3.57,2.99,1.21
company_04578,Navrachana Infrastructure 182 LLP,0,0,0,0.2796,None,748,1.1482,6.7,3.32,2.46
company_04579,Vanguard Energy 138 Partnership Firm,0,0,0,0.0722,None,802,1.598,3.12,4.51,1.69
company_04580,Bhaskar Textiles 810 LLP,0,0,0,0.0133,None,780,0.9971,3.74,3.34,1.49
company_04581,Bharat Logistics 734 LLP,0,1,1,0.6091,evergreening,818,1.2149,3.13,4.58,2.22
company_04582,Hindustan Infotech 441 LLP,0,0,0,0.1006,None,714,1.3755,6.84,2.73,2.34
company_04583,Hindustan Energy 771 Private Limited,0,0,0,0.2335,None,722,1.1493,3.04,4.1,2.83
company_04584,Bhaskar Healthcare 906 Partnership Firm,0,0,0,0.048,None,720,2.1812,3.02,4.29,2.71
company_04585,Hindustan Infotech 781 Partnership Firm,0,0,0,0.168,None,826,1.6764,5.8,4.97,1.31
company_04586,Urja Builders 822 LLP,0,0,0,0.1614,None,771,1.5987,4.44,3.69,1.65
company_04587,Bhaskar Logistics 519 Partnership Firm,0,0,0,0.2208,None,782,1.2506,3.7,4.6,1.7
company_04588,Sterling Energy 115 Partnership Firm,0,1,1,0.6566,circular_trading,738,1.4255,4.18,7.8,3.95
company_04589,Zenith Healthcare 600 Partnership Firm,0,0,0,0.3377,None,752,1.7673,6.72,4.95,1.82
company_04590,Vidya Power 940 Private Limited,0,0,0,0.2811,None,780,1.5291,5.98,3.52,2.25
company_04591,Surya Foods 470 Private Limited,0,0,0,0.2318,None,735,1.555,2.28,2.82,2.26
company_04592,Navrachana Infrastructure 453 LLP,0,0,0,0.2475,None,758,1.5276,7.06,3.64,1.23
company_04593,Shivam Industries 814 Partnership Firm,0,0,0,0.0576,None,733,2.7231,3.38,3.46,3.42
company_04594,Delta Foods 699 Private Limited,0,0,0,0.2125,None,706,1.1043,3.73,7.48,2.69
company_04595,Vidya Power 553 Partnership Firm,0,1,1,0.4169,circular_trading,760,1.4815,6.36,4.05,2.44
company_04596,Karan Infotech 695 Private Limited,0,0,0,0.2232,None,760,1.6169,3.55,3.5,1.48
company_04597,Bharat Textiles 321 Private Limited,0,0,0,0.2289,None,779,0.8597,4.07,5.17,3.67
company_04598,Karan Builders 753 Partnership Firm,0,0,0,0.3114,None,732,1.024,9.63,5.18,1.19
company_04599,Tejas Metals 149 Private Limited,0,0,0,0.0745,None,751,1.2575,2.81,3.81,1.54
company_04600,Karan Infotech 226 LLP,0,0,0,0.0189,None,733,1.7859,1.75,3.27,5.03
company_04601,Radhe Retail 260 LLP,0,1,1,0.7279,revenue_inflation,742,1.6407,11.01,2.73,2.38
company_04602,Tejas Retail 847 Private Limited,0,0,0,0.3077,None,694,1.8034,2.88,5.51,3.67
company_04603,Surya Logistics 144 LLP,1,0,1,0.9595,revenue_inflation,656,1.3972,53.26,44.0,10.4
company_04604,Vidya Solutions 615 LLP,0,0,0,0.0436,None,779,1.5333,7.28,4.79,0.85
company_04605,Urja Infotech 372 Private Limited,0,0,0,0.2834,None,809,1.453,2.65,4.31,1.91
company_04606,Kalyani Enterprises 755 Private Limited,0,0,0,0.1686,None,791,1.9023,5.37,5.32,0.76
company_04607,Bharat Infotech 597 LLP,0,0,0,0.2904,None,728,1.436,4.91,6.62,1.68
company_04608,Radhe Healthcare 940 Partnership Firm,0,0,0,0.182,None,729,1.7678,2.01,4.12,2.31
company_04609,Karan Builders 979 Partnership Firm,0,0,0,0.1262,None,793,1.2785,7.33,5.41,0.25
company_04610,Bharat Foods 745 LLP,0,0,0,0.1084,None,776,1.3004,3.99,5.0,2.43
company_04611,Sterling Logistics 307 Partnership Firm,1,0,1,0.9467,seasonal_manipulation,688,1.1081,49.67,11.02,20.0
company_04612,Urja Enterprises 488 LLP,0,0,0,0.1394,None,714,0.9743,5.07,6.99,3.2
company_04613,Arogya Metals 405 Partnership Firm,0,0,0,0.0314,None,706,1.4431,4.37,9.82,5.67
company_04614,Karan Automotive 843 Partnership Firm,1,0,1,0.6365,seasonal_manipulation,694,0.6961,27.53,15.5,3.31
company_04615,Bhaskar Enterprises Private Limited,0,0,0,0.25,None,764,1.1417,7.71,5.02,1.9
company_04616,Ambika Metals 313 LLP,0,0,0,0.3298,None,723,2.1366,5.03,4.25,1.66
company_04617,Vanguard Metals 493 Private Limited,0,0,0,0.1985,None,669,1.7433,4.16,7.75,5.41
company_04618,Sterling Solutions 941 Private Limited,0,0,0,0.0549,None,729,1.3618,5.77,3.96,2.9
company_04619,Navrachana Pharma 749 LLP,0,0,0,0.1294,None,817,1.5627,7.31,4.05,1.26
company_04620,Tejas Automotive 163 LLP,1,0,1,0.8966,shell_company,603,1.2978,30.14,30.64,12.01
company_04621,Arogya Metals 195 Partnership Firm,0,0,0,0.2898,None,739,1.0072,2.99,3.88,2.15
company_04622,Infinity Solutions 372 Partnership Firm,0,0,0,0.2025,None,748,1.4843,4.85,3.57,1.52
company_04623,Radhe Infrastructure 931 Partnership Firm,0,1,1,0.6665,benami_siphoning,779,1.4491,4.03,4.44,1.41
company_04624,Matrix Textiles 256 LLP,0,0,0,0.2664,None,797,1.0813,1.53,2.35,1.2
company_04625,Vidya Chemicals 479 Partnership Firm,0,0,0,0.2273,None,704,1.8944,3.43,3.07,4.69
company_04626,Matrix Retail 486 LLP,0,0,0,0.0237,None,712,0.9948,3.75,3.64,4.31
company_04627,Urja Logistics 597 LLP,0,0,0,0.2517,None,804,1.2089,9.25,2.91,0.98
company_04628,Hindustan Enterprises 852 Partnership Firm,0,0,0,0.259,None,803,1.6232,7.77,3.0,0.93
company_04629,Arogya Infrastructure 494 Private Limited,1,0,1,0.89,revenue_inflation,670,1.1701,32.5,31.54,6.35
company_04630,Tejas Infotech 978 LLP,1,0,1,0.8712,revenue_inflation,647,1.1363,44.29,65.45,7.29
company_04631,Karan Industries 322 Private Limited,0,0,0,0.2157,None,745,1.2797,3.06,3.81,4.5
company_04632,Surya Pharma 575 LLP,0,0,0,0.2736,None,828,0.7876,2.83,6.36,1.4
company_04633,Bharat Textiles 662 LLP,1,0,1,0.6752,revenue_inflation,618,1.1638,16.8,32.77,8.64
company_04634,Vidya Builders 463 Private Limited,0,0,0,0.0932,None,761,1.9699,3.12,5.19,2.84
company_04635,Surya Chemicals 318 Private Limited,0,0,0,0.1297,None,770,1.5991,2.65,3.1,1.93
company_04636,Shivam Industries 552 Partnership Firm,0,1,1,0.7253,circular_trading,668,1.5188,1.41,4.7,1.93
company_04637,Navrachana Industries 147 Partnership Firm,0,0,0,0.0777,None,836,2.5362,10.25,3.76,0.75
company_04638,Vidya Metals 620 Private Limited,1,0,1,0.9563,revenue_inflation,567,0.5169,31.0,29.28,9.09
company_04639,Matrix Retail 928 Partnership Firm,0,0,0,0.0105,None,707,1.8065,9.43,5.64,2.36
company_04640,Urja Infotech 933 LLP,0,0,0,0.3164,None,736,1.4119,4.23,4.58,1.39
company_04641,Bharat Power 472 Private Limited,0,0,0,0.2582,None,728,1.7651,5.27,3.19,2.59
company_04642,Karan Automotive 551 LLP,1,0,1,0.7611,revenue_inflation,607,0.7518,32.26,31.44,10.19
company_04643,Aditya Automotive 951 Private Limited,0,0,0,0.3039,None,739,1.6995,6.3,5.46,1.43
company_04644,Infinity Solutions 840 Private Limited,0,0,0,0.2595,None,761,2.0527,5.45,3.16,2.17
company_04645,Matrix Foods 942 LLP,0,0,0,0.2593,None,761,1.2051,6.42,8.42,2.63
company_04646,Ambika Industries 456 LLP,0,1,1,0.613,revenue_inflation,758,1.3549,6.71,3.55,1.97
company_04647,Tejas Builders 479 Private Limited,0,0,0,0.0589,None,779,0.4033,3.5,4.54,1.34
company_04648,Ganesh Healthcare 309 Private Limited,0,0,0,0.3358,None,784,1.4916,7.27,3.85,1.56
company_04649,Vanguard Builders 670 Private Limited,0,0,0,0.2887,None,739,1.7025,4.15,3.33,1.86
company_04650,Delta Retail 173 Partnership Firm,0,0,0,0.0335,None,707,1.2499,5.15,4.98,1.78
company_04651,Apex Logistics 889 Private Limited,1,0,1,0.8651,circular_trading,618,0.7628,28.71,19.11,10.82
company_04652,Matrix Renewables 460 LLP,0,0,0,0.2289,None,703,1.7592,4.31,4.66,5.03
company_04653,Vidya Logistics 922 LLP,0,0,0,0.0539,None,737,1.6298,6.97,5.0,1.51
company_04654,Infinity Solutions 158 LLP,1,0,1,0.945,benami_siphoning,769,1.4142,22.54,36.41,6.04
company_04655,Matrix Logistics 124 Partnership Firm,0,0,0,0.0527,None,757,1.6465,5.26,6.74,2.91
company_04656,Matrix Energy 994 Partnership Firm,0,0,0,0.2484,None,733,1.6275,13.37,4.6,2.29
company_04657,Bharat Energy 712 Private Limited,0,0,0,0.0298,None,789,0.5245,3.52,4.09,1.72
company_04658,Delta Builders 385 Private Limited,1,0,1,0.851,revenue_inflation,594,0.263,32.58,39.07,8.59
company_04659,Delta Renewables 518 Partnership Firm,0,0,0,0.3325,None,779,1.9291,5.01,4.45,1.13
company_04660,Infinity Foods 300 Partnership Firm,0,0,0,0.2651,None,684,1.1743,10.53,3.89,2.29
company_04661,Delta Industries 800 Partnership Firm,0,0,0,0.1355,None,730,1.3507,6.37,3.2,3.29
company_04662,Vanguard Builders 915 Private Limited,0,0,0,0.3117,None,720,1.3948,2.34,7.73,2.24
company_04663,Tejas Infotech 677 Private Limited,0,0,0,0.2823,None,770,1.3842,2.05,4.7,2.67
company_04664,Infinity Healthcare 929 Private Limited,0,0,0,0.1431,None,757,1.0662,11.64,4.83,2.3
company_04665,Shivam Power 175 Private Limited,0,0,0,0.3069,None,755,0.7975,1.32,2.56,2.13
company_04666,Infinity Solutions 504 LLP,1,0,1,0.9787,revenue_inflation,652,0.8174,50.13,27.51,8.13
company_04667,Apex Energy 212 Private Limited,1,0,1,0.9272,shell_company,561,0.898,38.41,31.62,12.47
company_04668,Vanguard Textiles 791 Private Limited,0,0,0,0.3164,None,775,1.2177,4.41,7.65,1.62
company_04669,Ambika Automotive 825 Partnership Firm,0,0,0,0.1588,None,731,1.4643,7.74,8.58,2.88
company_04670,Radhe Automotive 960 Private Limited,0,0,0,0.0763,None,738,0.988,3.62,4.65,3.16
company_04671,Surya Chemicals 829 Partnership Firm,0,0,0,0.3242,None,736,1.6196,3.75,3.54,2.48
company_04672,Kalyani Renewables 485 Private Limited,1,0,1,0.8635,circular_trading,690,0.5812,34.22,17.14,10.52
company_04673,Ambika Metals 879 LLP,0,0,0,0.0366,None,751,1.3057,3.82,2.97,2.05
company_04674,Ganesh Chemicals 104 Private Limited,0,0,0,0.2582,None,738,1.2333,5.77,4.11,1.98
company_04675,Tejas Renewables 854 Partnership Firm,0,0,0,0.0709,None,726,1.6195,3.48,3.44,2.93
company_04676,Bharat Healthcare 128 Partnership Firm,0,0,0,0.23,None,706,1.7692,1.82,5.32,3.33
company_04677,Shivam Metals 864 LLP,0,0,0,0.032,None,769,1.9081,4.41,2.71,1.9
company_04678,Ambika Metals 475 Private Limited,0,0,0,0.2902,None,738,1.5296,3.95,5.43,1.71
company_04679,Bhaskar Solutions 658 Partnership Firm,1,0,1,0.8615,circular_trading,759,0.4081,31.42,24.91,6.25
company_04680,Vidya Foods 761 Private Limited,0,0,0,0.0916,None,752,2.2523,2.83,3.01,2.63
company_04681,Shivam Builders 582 Partnership Firm,0,0,0,0.2629,None,702,1.1735,3.97,4.1,2.69
company_04682,Karan Infotech 238 LLP,0,0,0,0.3166,None,717,1.5487,3.4,6.88,3.35
company_04683,Hindustan Chemicals 915 Partnership Firm,0,0,0,0.3001,None,784,1.5096,4.94,3.61,2.53
company_04684,Delta Pharma 176 Partnership Firm,0,0,0,0.2476,None,744,1.2026,4.89,3.44,1.08
company_04685,Ambika Textiles 982 Private Limited,0,0,0,0.3338,None,751,2.289,2.94,3.56,2.79
company_04686,Delta Enterprises 237 Partnership Firm,0,0,0,0.101,None,735,1.2307,3.55,4.42,2.12
company_04687,Hindustan Solutions 129 Private Limited,0,0,0,0.0498,None,718,1.3516,3.92,5.48,2.66
company_04688,Zenith Healthcare 466 Partnership Firm,0,0,0,0.2775,None,820,1.2828,4.32,3.43,3.32
company_04689,Vidya Infrastructure 380 Partnership Firm,1,0,1,0.9394,benami_siphoning,624,0.1726,16.55,22.03,8.7
company_04690,Arogya Renewables 154 Partnership Firm,0,1,1,0.5849,shell_company,756,1.1759,5.04,2.62,1.46
company_04691,Surya Infotech 709 Private Limited,0,0,0,0.2219,None,775,1.4419,3.72,3.8,3.59
company_04692,Matrix Solutions 382 Partnership Firm,1,0,1,0.9603,evergreening,669,0.2368,16.8,10.18,16.28
company_04693,Surya Pharma 501 LLP,0,0,0,0.3048,None,871,1.2318,2.79,5.61,0.42
company_04694,Vanguard Solutions 197 LLP,0,0,0,0.2787,None,719,1.0551,6.22,3.88,2.18
company_04695,Bhaskar Pharma 659 Private Limited,0,0,0,0.3389,None,696,1.7295,3.0,2.87,1.98
company_04696,Radhe Infotech 305 LLP,1,0,1,0.9608,benami_siphoning,683,0.7569,16.66,23.08,7.94
company_04697,Ambika Infrastructure 230 LLP,1,0,1,0.6932,seasonal_manipulation,637,0.6255,24.16,6.49,6.15
company_04698,Zenith Textiles 416 Private Limited,0,0,0,0.1917,None,813,1.5136,3.78,6.76,2.3
company_04699,Arogya Textiles 883 Private Limited,0,0,0,0.1774,None,643,1.4013,4.4,3.38,4.1
company_04700,Ambika Textiles 417 Private Limited,0,1,1,0.7393,seasonal_manipulation,672,1.6874,1.93,2.69,1.33
company_04701,Ganesh Enterprises 250 Partnership Firm,0,0,0,0.2851,None,745,0.5681,4.71,4.61,2.78
company_04702,Vidya Energy 140 Partnership Firm,0,0,0,0.1538,None,807,1.1105,4.45,2.64,5.43
company_04703,Arogya Metals 257 LLP,1,0,1,0.8571,circular_trading,674,0.8987,23.69,35.66,8.22
company_04704,Zenith Retail 703 Partnership Firm,0,0,0,0.1436,None,678,1.0325,4.41,6.27,3.88
company_04705,Sterling Automotive 905 Partnership Firm,0,0,0,0.1669,None,771,1.7318,5.89,3.93,1.26
company_04706,Apex Textiles 955 Private Limited,0,0,0,0.3065,None,733,0.7947,3.64,2.9,2.1
company_04707,Kalyani Renewables 276 LLP,0,0,0,0.0425,None,745,1.8999,4.75,5.44,1.01
company_04708,Arogya Pharma 129 LLP,1,0,1,0.9739,benami_siphoning,690,1.5114,17.87,36.58,12.93
company_04709,Apex Industries 115 LLP,0,0,0,0.124,None,746,1.8327,6.68,6.23,4.18
company_04710,Navrachana Power 789 Partnership Firm,0,0,0,0.0362,None,705,1.2542,3.07,4.77,3.64
company_04711,Kalyani Renewables 847 Private Limited,0,0,0,0.2597,None,745,1.9848,5.16,5.67,1.8
company_04712,Surya Foods 456 Partnership Firm,1,0,1,0.8887,seasonal_manipulation,696,1.4409,34.05,22.72,5.08
company_04713,Urja Industries 351 Partnership Firm,0,0,0,0.1644,None,770,1.9073,1.04,7.22,0.93
company_04714,Radhe Healthcare 147 LLP,0,0,0,0.2722,None,762,1.5315,3.02,3.27,1.42
company_04715,Urja Logistics 226 LLP,0,1,1,0.6673,circular_trading,805,1.3053,1.25,2.52,0.59
company_04716,Surya Foods 333 Partnership Firm,0,0,0,0.0273,None,793,1.2023,4.62,3.77,2.32
company_04717,Matrix Solutions 191 LLP,0,0,0,0.1707,None,746,2.3701,3.21,4.75,2.15
company_04718,Radhe Textiles 164 LLP,0,0,0,0.2222,None,761,1.2293,2.83,2.92,1.74
company_04719,Ambika Industries 361 Private Limited,0,0,0,0.291,None,763,1.5325,3.4,3.82,2.18
company_04720,Kalyani Industries 296 LLP,1,0,1,0.6371,benami_siphoning,636,1.0017,14.25,24.12,3.95
company_04721,Matrix Textiles 454 Private Limited,0,0,0,0.2901,None,687,1.7934,6.36,3.7,2.16
company_04722,Delta Renewables 846 LLP,1,0,1,0.527,shell_company,632,1.0446,39.53,28.19,7.24
company_04723,Delta Metals 421 Private Limited,0,0,0,0.1425,None,804,1.139,3.71,3.27,1.68
company_04724,Aditya Chemicals 589 Partnership Firm,0,0,0,0.2709,None,811,1.3029,3.54,3.95,1.62
company_04725,Tejas Healthcare 434 LLP,0,0,0,0.0255,None,866,1.5635,4.33,4.43,0.0
company_04726,Kalyani Energy 900 Private Limited,0,0,0,0.0558,None,747,1.6044,5.22,4.11,1.91
company_04727,Hindustan Renewables 428 Partnership Firm,0,0,0,0.0338,None,653,1.3135,4.72,2.91,2.9
company_04728,Ganesh Logistics 848 Partnership Firm,0,0,0,0.2909,None,771,1.9936,5.97,3.31,1.19
company_04729,Karan Enterprises 592 Partnership Firm,0,0,0,0.0349,None,768,1.4275,3.25,3.97,3.14
company_04730,Kalyani Power 480 Private Limited,0,1,1,0.5319,revenue_inflation,835,1.6127,6.1,3.48,0.65
company_04731,Vanguard Healthcare 145 Partnership Firm,0,0,0,0.0353,None,703,1.5219,4.1,3.52,3.3
company_04732,Bhaskar Solutions 919 LLP,0,0,0,0.2125,None,749,1.1037,3.17,4.79,1.37
company_04733,Vidya Foods 162 LLP,0,0,0,0.3184,None,742,0.903,4.87,4.99,2.01
company_04734,Delta Logistics 361 Partnership Firm,0,0,0,0.3089,None,732,0.9193,3.95,2.74,2.58
company_04735,Zenith Renewables 352 Partnership Firm,0,0,0,0.0794,None,826,1.5007,3.44,3.72,1.51
company_04736,Infinity Textiles 564 LLP,0,0,0,0.2966,None,783,1.1391,3.54,5.37,1.26
company_04737,Tejas Retail 349 LLP,0,0,0,0.2396,None,763,1.4807,3.93,4.3,2.75
company_04738,Vidya Chemicals 118 Partnership Firm,1,0,1,0.5811,circular_trading,639,0.2,22.18,13.98,5.71
company_04739,Radhe Power 144 Private Limited,0,0,0,0.066,None,796,1.3944,17.93,2.35,2.38
company_04740,Zenith Logistics 873 Private Limited,0,0,0,0.1579,None,718,1.3397,3.47,4.16,2.29
company_04741,Urja Power 255 LLP,0,0,0,0.186,None,773,1.3006,9.85,4.5,1.62
company_04742,Navrachana Metals 459 Partnership Firm,0,0,0,0.2996,None,745,1.5363,4.52,8.06,2.1
company_04743,Karan Energy 557 Private Limited,0,0,0,0.2939,None,755,1.0826,4.24,6.88,3.03
company_04744,Bhaskar Healthcare 583 Private Limited,0,0,0,0.2397,None,765,1.7,7.78,3.3,1.9
company_04745,Vidya Textiles 564 Partnership Firm,0,0,0,0.2566,None,680,0.6047,9.8,3.22,3.66
company_04746,Radhe Infotech 750 Private Limited,0,0,0,0.0528,None,735,2.0871,4.17,5.09,2.38
company_04747,Matrix Automotive 925 Private Limited,0,0,0,0.0793,None,777,1.8724,6.02,7.08,2.32
company_04748,Bharat Textiles 459 Private Limited,0,0,0,0.2154,None,774,1.3262,4.5,3.48,1.82
company_04749,Matrix Logistics 139 Private Limited,0,0,0,0.2028,None,728,2.3869,2.57,3.02,2.01
company_04750,Urja Textiles 580 LLP,0,0,0,0.2479,None,792,1.2309,5.71,2.72,1.85
company_04751,Apex Automotive 847 LLP,1,0,1,0.8717,revenue_inflation,694,1.6859,27.06,42.52,12.94
company_04752,Tejas Infotech 640 Partnership Firm,0,0,0,0.0665,None,718,1.4227,3.71,7.8,2.07
company_04753,Bhaskar Renewables 584 Private Limited,1,0,1,0.9004,benami_siphoning,603,0.7876,21.91,29.5,8.67
company_04754,Aditya Metals 168 Partnership Firm,0,0,0,0.3373,None,824,1.3787,3.04,7.19,0.68
company_04755,Radhe Logistics 657 Private Limited,0,0,0,0.3454,None,652,0.9824,4.04,4.03,3.89
company_04756,Navrachana Automotive 358 Partnership Firm,0,0,0,0.2751,None,711,1.0735,11.92,6.32,3.32
company_04757,Ganesh Energy 160 LLP,0,0,0,0.2318,None,766,1.8339,3.43,5.79,4.78
company_04758,Infinity Pharma 755 Partnership Firm,0,0,0,0.0722,None,784,1.4603,3.97,3.45,3.37
company_04759,Vanguard Infrastructure 803 LLP,0,0,0,0.1659,None,714,1.0628,4.87,3.74,1.34
company_04760,Tejas Renewables 586 LLP,1,0,1,0.8801,revenue_inflation,657,1.4241,35.87,43.35,7.35
company_04761,Radhe Energy 531 LLP,0,0,0,0.0996,None,775,1.0798,2.49,2.78,0.95
company_04762,Arogya Builders 603 Private Limited,0,0,0,0.2706,None,821,1.2983,2.98,8.7,2.79
company_04763,Arogya Renewables 501 Partnership Firm,0,0,0,0.2916,None,827,1.2338,3.12,6.7,0.25
company_04764,Karan Automotive 747 Partnership Firm,0,0,0,0.1309,None,743,1.8022,4.34,3.56,2.2
company_04765,Karan Enterprises 603 Partnership Firm,0,0,0,0.3305,None,761,1.1359,3.48,4.82,2.99
company_04766,Karan Healthcare LLP,0,0,0,0.0895,None,745,1.4218,6.1,5.19,2.57
company_04767,Delta Infrastructure 804 Private Limited,0,0,0,0.1531,None,691,1.4654,3.06,6.41,2.78
company_04768,Shivam Power 494 Private Limited,0,0,0,0.0231,None,736,2.1048,5.13,3.24,3.98
company_04769,Ganesh Healthcare 392 Private Limited,0,0,0,0.326,None,795,2.0549,4.12,2.91,1.07
company_04770,Radhe Infotech 930 Private Limited,0,0,0,0.2695,None,696,2.2355,4.0,5.85,1.92
company_04771,Aditya Textiles 167 Partnership Firm,1,0,1,0.8966,evergreening,622,0.9612,46.94,22.17,14.82
company_04772,Hindustan Automotive 727 Private Limited,0,0,0,0.2581,None,730,1.0442,3.25,4.3,4.19
company_04773,Ambika Textiles 449 LLP,0,0,0,0.2687,None,709,1.1477,3.58,2.99,3.19
company_04774,Karan Textiles 743 Partnership Firm,0,0,0,0.0773,None,754,1.7623,6.61,4.34,1.67
company_04775,Karan Metals 900 LLP,0,0,0,0.2985,None,710,1.1249,3.83,5.55,2.27
company_04776,Vidya Solutions 195 Partnership Firm,0,0,0,0.2957,None,734,1.7911,3.32,3.99,1.66
company_04777,Surya Textiles 604 Partnership Firm,0,0,0,0.0936,None,679,1.5409,1.8,5.44,2.75
company_04778,Delta Metals 382 Partnership Firm,1,0,1,0.8341,circular_trading,620,0.7568,20.79,16.69,4.99
company_04779,Bhaskar Builders 215 LLP,0,0,0,0.3435,None,770,1.89,5.15,3.66,4.38
company_04780,Zenith Enterprises 603 Private Limited,0,0,0,0.1891,None,785,1.3006,1.77,2.26,1.97
company_04781,Vanguard Automotive 316 Partnership Firm,0,0,0,0.2934,None,751,1.6924,7.04,7.29,2.34
company_04782,Navrachana Foods 947 Partnership Firm,0,0,0,0.2727,None,723,1.7624,3.49,4.04,2.88
company_04783,Navrachana Power 124 Partnership Firm,0,0,0,0.0327,None,762,0.904,3.59,3.24,2.05
company_04784,Zenith Pharma 558 Private Limited,0,0,0,0.165,None,703,1.579,5.07,5.08,6.71
company_04785,Ganesh Infotech 817 Partnership Firm,0,0,0,0.2631,None,806,2.1555,4.07,5.13,1.44
company_04786,Urja Logistics 316 LLP,0,0,0,0.1882,None,707,1.5253,3.69,3.94,2.59
company_04787,Urja Metals 363 LLP,0,0,0,0.1464,None,702,1.147,3.73,4.21,1.67
company_04788,Hindustan Automotive 280 Partnership Firm,0,0,0,0.0654,None,774,1.9165,4.8,3.71,2.31
company_04789,Infinity Healthcare 194 Partnership Firm,1,0,1,0.5689,revenue_inflation,613,1.3485,32.03,31.95,4.82
company_04790,Arogya Solutions 882 LLP,0,0,0,0.0925,None,711,0.8804,4.92,6.33,2.3
company_04791,Vanguard Healthcare 228 Partnership Firm,0,1,1,0.4708,circular_trading,755,1.4968,4.75,3.84,2.28
company_04792,Ambika Automotive 186 LLP,0,0,0,0.1285,None,759,1.4606,5.0,8.45,1.72
company_04793,Tejas Enterprises 455 Partnership Firm,0,0,0,0.1224,None,760,1.6096,5.98,7.47,2.83
company_04794,Bhaskar Builders 975 LLP,0,0,0,0.3217,None,786,0.8178,2.8,3.69,3.52
company_04795,Ambika Automotive 621 Private Limited,0,0,0,0.2961,None,717,0.978,4.0,4.0,2.94
company_04796,Vidya Power 851 Partnership Firm,0,0,0,0.1194,None,766,1.366,4.85,3.44,1.57
company_04797,Apex Retail 302 Partnership Firm,0,0,0,0.1957,None,785,1.5459,5.01,8.65,1.25
company_04798,Sterling Logistics 111 LLP,0,0,0,0.1692,None,721,1.1973,4.29,4.3,4.07
company_04799,Zenith Power 187 Partnership Firm,0,0,0,0.1088,None,813,1.4246,8.03,4.81,0.74
company_04800,Arogya Industries 334 Private Limited,0,0,0,0.1517,None,726,1.4382,9.09,6.12,2.06
company_04801,Sterling Automotive 121 LLP,0,0,0,0.0956,None,783,1.7466,3.2,4.74,2.32
company_04802,Zenith Builders 495 Partnership Firm,0,0,0,0.2693,None,771,1.598,5.15,5.42,3.93
company_04803,Urja Renewables 331 Private Limited,0,0,0,0.2045,None,729,1.3314,8.36,2.83,3.12
company_04804,Shivam Metals 424 LLP,0,0,0,0.228,None,781,2.2628,6.18,3.94,1.91
company_04805,Surya Infotech 219 Partnership Firm,0,0,0,0.2379,None,741,1.4311,5.12,7.71,2.67
company_04806,Bhaskar Power 834 Partnership Firm,0,0,0,0.277,None,750,1.1988,3.35,7.21,1.39
company_04807,Navrachana Metals 399 Partnership Firm,0,0,0,0.1513,None,740,1.1739,3.51,6.22,3.83
company_04808,Infinity Logistics 127 Partnership Firm,0,0,0,0.1166,None,705,1.3239,5.63,3.97,2.7
company_04809,Ambika Foods 781 Partnership Firm,1,0,1,0.6981,circular_trading,620,0.6766,24.4,23.8,5.31
company_04810,Tejas Retail 571 Partnership Firm,0,0,0,0.2862,None,819,1.6605,6.98,4.67,1.23
company_04811,Vidya Builders 794 Partnership Firm,0,0,0,0.1142,None,775,2.0449,5.76,2.92,2.09
company_04812,Zenith Builders 427 Private Limited,0,0,0,0.0113,None,752,1.5666,3.64,5.37,1.33
company_04813,Zenith Builders 580 Partnership Firm,0,0,0,0.3413,None,726,1.5924,4.64,3.71,3.31
company_04814,Bhaskar Infotech 330 Private Limited,0,0,0,0.1676,None,731,3.3749,4.69,3.73,1.8
company_04815,Urja Renewables 230 LLP,0,0,0,0.1386,None,798,1.585,1.55,5.4,1.62
company_04816,Surya Power 436 Private Limited,0,0,0,0.125,None,756,1.1343,5.76,3.77,2.49
company_04817,Surya Pharma 326 Partnership Firm,0,0,0,0.0679,None,752,1.2162,3.3,5.03,1.93
company_04818,Karan Power 840 LLP,0,0,0,0.1815,None,837,1.4542,8.99,4.6,0.54
company_04819,Vidya Infrastructure 992 LLP,0,0,0,0.1059,None,721,1.439,3.55,3.72,2.87
company_04820,Arogya Retail 968 LLP,0,0,0,0.3181,None,730,1.4827,8.56,2.63,1.45
company_04821,Delta Pharma 466 Private Limited,0,0,0,0.0821,None,677,1.4218,6.74,3.72,2.7
company_04822,Radhe Infrastructure 217 Partnership Firm,0,0,0,0.3267,None,711,1.7958,5.24,3.55,2.38
company_04823,Zenith Textiles 176 Private Limited,0,0,0,0.0274,None,840,1.0433,3.49,5.51,0.0
company_04824,Vanguard Chemicals 206 LLP,0,0,0,0.062,None,744,2.19,8.66,3.8,2.96
company_04825,Surya Chemicals 228 Private Limited,0,0,0,0.1611,None,791,1.5944,6.09,3.32,1.92
company_04826,Navrachana Energy 126 Partnership Firm,1,0,1,0.6884,seasonal_manipulation,684,0.8727,24.37,8.9,7.86
company_04827,Ganesh Infotech 994 LLP,0,0,0,0.0372,None,716,1.9205,4.14,3.41,3.19
company_04828,Ambika Power 490 LLP,0,0,0,0.1539,None,713,1.7099,5.78,8.54,2.59
company_04829,Sterling Chemicals 961 Partnership Firm,0,0,0,0.0729,None,703,1.2653,5.14,4.41,3.5
company_04830,Aditya Automotive 882 Partnership Firm,0,0,0,0.166,None,683,1.6885,3.27,4.13,3.72
company_04831,Bhaskar Chemicals 196 Partnership Firm,0,0,0,0.2703,None,752,1.3616,3.07,2.96,2.41
company_04832,Ganesh Renewables 661 Private Limited,0,0,0,0.0185,None,712,2.0295,2.58,4.64,1.36
company_04833,Navrachana Infotech 141 Private Limited,0,0,0,0.1568,None,791,2.3838,4.12,6.48,0.63
company_04834,Ganesh Chemicals 836 LLP,0,0,0,0.1766,None,668,1.5713,13.57,4.06,4.78
company_04835,Vidya Solutions 401 Partnership Firm,0,0,0,0.1088,None,812,2.0212,2.69,2.44,3.13
company_04836,Vidya Pharma 663 Private Limited,0,0,0,0.1495,None,710,1.3869,5.88,4.55,2.34
company_04837,Ambika Chemicals 418 LLP,0,0,0,0.2966,None,732,0.9212,3.98,3.38,5.89
company_04838,Matrix Renewables 680 LLP,0,0,0,0.2225,None,768,1.241,5.51,3.69,7.05
company_04839,Vanguard Industries 565 Private Limited,0,0,0,0.3168,None,833,0.9833,10.24,3.0,0.3
company_04840,Arogya Metals 975 Private Limited,0,0,0,0.1727,None,690,1.5361,7.06,4.56,4.61
company_04841,Delta Energy 184 LLP,0,0,0,0.1744,None,707,1.6157,2.58,3.75,3.69
company_04842,Tejas Solutions 107 LLP,0,0,0,0.0672,None,719,1.4142,4.0,3.53,1.39
company_04843,Tejas Foods 152 LLP,0,0,0,0.0275,None,678,1.0354,6.04,7.95,2.74
company_04844,Radhe Automotive Partnership Firm,0,0,0,0.0662,None,737,0.8788,3.11,5.2,1.96
company_04845,Delta Solutions 866 LLP,1,0,1,0.9676,revenue_inflation,651,0.8058,59.59,31.25,10.28
company_04846,Navrachana Power 441 LLP,0,0,0,0.3074,None,762,1.8213,11.2,8.87,0.91
company_04847,Infinity Infrastructure 295 LLP,0,0,0,0.1677,None,732,1.977,4.93,4.77,2.2
company_04848,Matrix Automotive 320 Partnership Firm,0,0,0,0.0587,None,685,1.2806,3.08,3.12,2.8
company_04849,Delta Infotech 183 Partnership Firm,0,0,0,0.3303,None,725,1.3323,12.51,5.06,1.59
company_04850,Aditya Solutions 449 LLP,0,0,0,0.1327,None,757,1.2114,4.26,5.49,2.24
company_04851,Bharat Builders 948 Partnership Firm,1,0,1,0.9351,revenue_inflation,605,1.6081,38.49,26.26,6.51
company_04852,Bhaskar Energy 633 Partnership Firm,0,0,0,0.3418,None,721,2.1776,2.8,3.35,3.82
company_04853,Hindustan Healthcare 353 LLP,0,0,0,0.2961,None,785,1.424,3.69,8.95,1.91
company_04854,Surya Industries 481 Private Limited,0,0,0,0.1197,None,701,1.7108,10.12,3.64,2.33
company_04855,Bhaskar Metals 168 Private Limited,1,0,1,0.92,revenue_inflation,598,0.9355,31.14,26.14,9.83
company_04856,Infinity Enterprises 988 Partnership Firm,1,0,1,0.9685,evergreening,668,0.4123,23.45,11.75,19.39
company_04857,Arogya Healthcare 241 Private Limited,0,0,0,0.3453,None,768,1.6643,7.69,3.91,1.38
company_04858,Aditya Automotive 650 Partnership Firm,0,0,0,0.077,None,720,1.9001,2.91,3.7,3.32
company_04859,Ambika Builders 616 LLP,0,0,0,0.0893,None,798,1.4823,3.61,3.43,0.9
company_04860,Bharat Energy 974 Private Limited,0,0,0,0.131,None,732,1.216,3.43,5.16,3.24
company_04861,Surya Retail 654 Private Limited,0,1,1,0.6791,benami_siphoning,700,1.4945,4.66,4.37,3.67
company_04862,Matrix Enterprises 253 Partnership Firm,0,0,0,0.2387,None,811,1.8445,5.47,3.81,0.52
company_04863,Kalyani Power 730 Partnership Firm,0,0,0,0.1632,None,687,1.8135,5.05,4.23,4.16
company_04864,Karan Textiles 860 Partnership Firm,0,0,0,0.3301,None,706,1.7511,6.32,4.73,3.33
company_04865,Sterling Builders 867 LLP,0,1,1,0.5361,circular_trading,759,1.8388,6.04,4.57,1.25
company_04866,Kalyani Healthcare 160 LLP,0,0,0,0.3281,None,768,1.3658,3.92,3.56,2.96
company_04867,Vidya Metals 626 Partnership Firm,0,0,0,0.2691,None,785,1.2771,8.32,5.99,1.33
company_04868,Sterling Textiles 385 LLP,1,0,1,0.9068,benami_siphoning,642,1.4755,46.85,34.54,9.8
company_04869,Apex Energy 129 Private Limited,0,0,0,0.2334,None,839,1.6011,9.02,5.52,0.19
company_04870,Tejas Automotive 326 LLP,0,0,0,0.0629,None,827,2.3388,6.76,3.37,0.67
company_04871,Infinity Builders 149 LLP,1,0,1,0.8952,revenue_inflation,631,0.5155,42.49,55.62,7.27
company_04872,Bharat Energy 393 Partnership Firm,1,0,1,0.9711,shell_company,535,1.6387,42.04,28.13,10.09
company_04873,Delta Renewables 788 Private Limited,0,0,0,0.1447,None,762,1.9318,4.59,3.54,1.55
company_04874,Arogya Power 522 Private Limited,0,0,0,0.0969,None,734,1.7424,8.92,5.08,3.64
company_04875,Sterling Renewables 336 Partnership Firm,0,0,0,0.046,None,775,2.1042,3.42,3.4,1.85
company_04876,Bhaskar Chemicals 734 Private Limited,0,0,0,0.2856,None,762,1.4191,5.54,3.51,1.56
company_04877,Surya Renewables 619 LLP,0,0,0,0.06,None,741,1.5705,3.1,4.13,3.13
company_04878,Navrachana Automotive 460 Private Limited,0,0,0,0.0856,None,783,1.195,3.29,4.52,0.56
company_04879,Tejas Metals 681 Partnership Firm,1,0,1,0.9491,revenue_inflation,592,1.0505,38.42,55.81,11.32
company_04880,Infinity Builders 688 Private Limited,1,0,1,0.8932,revenue_inflation,612,0.9822,34.12,27.59,7.53
company_04881,Tejas Builders 400 Partnership Firm,0,0,0,0.2297,None,720,1.7821,4.76,3.44,3.67
company_04882,Tejas Renewables 443 LLP,0,0,0,0.3472,None,723,1.268,3.75,10.67,3.44
company_04883,Matrix Metals 559 Private Limited,1,0,1,0.8692,shell_company,635,0.6152,37.27,63.19,9.39
company_04884,Vidya Renewables 584 LLP,0,0,0,0.0704,None,800,1.7717,3.28,4.72,0.69
company_04885,Navrachana Builders 415 Partnership Firm,0,0,0,0.2441,None,754,1.7896,3.81,3.33,1.27
company_04886,Vanguard Builders 998 LLP,0,0,0,0.0934,None,797,1.3786,8.11,3.77,1.13
company_04887,Tejas Textiles 549 Partnership Firm,0,0,0,0.2933,None,755,1.6794,2.18,2.82,1.47
company_04888,Kalyani Foods 709 Private Limited,1,0,1,0.9423,evergreening,597,1.1034,31.18,13.67,17.43
company_04889,Vidya Infotech 675 LLP,0,0,0,0.163,None,756,1.5411,3.74,5.66,0.68
company_04890,Bhaskar Infrastructure 753 Partnership Firm,0,0,0,0.3216,None,752,1.4343,6.78,2.75,3.78
company_04891,Surya Solutions 718 Private Limited,0,0,0,0.2693,None,698,2.1636,9.36,3.9,2.59
company_04892,Hindustan Logistics 903 Private Limited,0,0,0,0.2329,None,793,1.6835,4.21,4.11,1.6
company_04893,Aditya Infotech 719 LLP,0,0,0,0.0174,None,807,1.5531,9.12,3.48,1.69
company_04894,Sterling Automotive 210 LLP,0,0,0,0.0777,None,723,1.5447,3.29,5.13,1.96
company_04895,Karan Enterprises 293 Partnership Firm,0,0,0,0.173,None,723,2.0135,5.06,5.85,2.91
company_04896,Apex Retail 970 Private Limited,0,0,0,0.1844,None,719,1.3296,2.55,8.32,2.78
company_04897,Shivam Infrastructure 288 Partnership Firm,0,0,0,0.2351,None,678,2.4301,2.9,3.7,2.64
company_04898,Ganesh Chemicals 380 Private Limited,0,0,0,0.0201,None,746,1.3933,4.38,4.93,2.6
company_04899,Navrachana Pharma 245 Partnership Firm,0,0,0,0.072,None,806,1.1678,3.15,3.34,2.92
company_04900,Urja Textiles 415 LLP,0,0,0,0.221,None,718,2.0922,6.01,3.95,1.9
company_04901,Radhe Industries 650 LLP,0,0,0,0.169,None,823,1.7053,4.76,3.88,2.48
company_04902,Aditya Builders 375 Partnership Firm,1,0,1,0.9789,benami_siphoning,629,0.8249,36.14,28.43,11.93
company_04903,Hindustan Power 377 LLP,0,0,0,0.3049,None,747,1.7198,3.22,3.24,2.12
company_04904,Kalyani Metals 642 Private Limited,0,0,0,0.3392,None,765,1.5352,6.65,5.23,2.35
company_04905,Bhaskar Pharma 662 Partnership Firm,1,0,1,0.9883,evergreening,700,1.6216,19.71,16.13,13.34
company_04906,Karan Energy 406 Private Limited,0,0,0,0.013,None,704,2.2871,1.38,4.74,3.79
company_04907,Arogya Energy 111 Partnership Firm,0,0,0,0.3164,None,733,0.8818,7.16,5.15,2.3
company_04908,Kalyani Automotive LLP,0,0,0,0.1081,None,790,2.6442,3.82,1.87,1.93
company_04909,Karan Enterprises 342 LLP,0,1,1,0.4844,circular_trading,755,2.1617,11.04,4.41,2.69
company_04910,Apex Renewables 618 Partnership Firm,0,0,0,0.2365,None,781,1.5423,5.54,3.73,1.33
company_04911,Arogya Renewables 100 Private Limited,0,0,0,0.2335,None,714,2.2915,4.23,3.08,3.0
company_04912,Ambika Automotive 446 Private Limited,0,0,0,0.2629,None,760,1.4396,5.26,4.39,3.49
company_04913,Tejas Infotech 776 Private Limited,0,0,0,0.0628,None,734,2.4633,4.18,3.28,2.24
company_04914,Aditya Logistics 294 Partnership Firm,0,0,0,0.2495,None,762,1.0586,4.05,4.29,1.32
company_04915,Sterling Infotech 397 Private Limited,0,1,1,0.4308,evergreening,762,1.4511,3.83,4.59,1.13
company_04916,Aditya Healthcare 385 Partnership Firm,1,0,1,0.9392,benami_siphoning,699,0.7581,43.21,28.12,6.3
company_04917,Surya Energy 977 LLP,0,0,0,0.046,None,729,1.1304,2.48,3.85,3.69
company_04918,Vanguard Power 814 LLP,0,0,0,0.0128,None,700,1.3904,1.79,2.22,2.53
company_04919,Infinity Enterprises 152 Partnership Firm,0,0,0,0.1817,None,738,1.3216,4.45,2.76,1.22
company_04920,Sterling Infrastructure 133 LLP,0,0,0,0.0533,None,687,1.6376,3.58,3.75,4.56
company_04921,Infinity Healthcare 809 LLP,1,0,1,0.9655,shell_company,598,1.0892,60.88,29.79,6.59
company_04922,Ambika Retail 616 Partnership Firm,0,0,0,0.0358,None,794,1.9721,3.35,3.37,0.82
company_04923,Vidya Solutions 375 Partnership Firm,0,0,0,0.1358,None,746,1.341,4.1,6.72,2.83
company_04924,Ambika Retail 499 Partnership Firm,0,0,0,0.1814,None,720,1.2135,2.83,7.0,1.54
company_04925,Bhaskar Foods LLP,0,0,0,0.1782,None,806,1.643,7.47,3.3,2.79
company_04926,Hindustan Chemicals 706 Partnership Firm,0,0,0,0.2756,None,761,0.9663,3.53,4.82,1.59
company_04927,Matrix Infotech 199 Private Limited,1,0,1,0.6061,revenue_inflation,638,1.0926,31.7,32.86,4.99
company_04928,Infinity Industries 203 Private Limited,0,0,0,0.2268,None,773,1.4319,2.85,6.32,2.63
company_04929,Ganesh Builders 587 LLP,0,0,0,0.2358,None,738,1.1765,3.82,5.25,1.45
company_04930,Tejas Solutions 378 Partnership Firm,0,0,0,0.2972,None,709,1.1887,2.7,3.59,4.27
company_04931,Bhaskar Industries 735 Private Limited,0,0,0,0.3439,None,765,1.2662,9.85,3.57,1.7
company_04932,Aditya Metals 420 Partnership Firm,0,0,0,0.1539,None,764,1.2247,4.99,7.1,1.21
company_04933,Zenith Solutions 598 LLP,0,0,0,0.133,None,742,1.6877,2.81,3.18,2.36
company_04934,Zenith Textiles 160 LLP,1,0,1,0.9729,evergreening,699,0.845,15.58,11.02,17.67
company_04935,Bharat Industries 190 LLP,0,0,0,0.0796,None,774,2.0332,6.29,3.16,2.04
company_04936,Hindustan Industries 754 Private Limited,0,0,0,0.0148,None,660,1.3262,5.09,6.93,4.14
company_04937,Apex Industries 639 Private Limited,0,0,0,0.3401,None,754,1.6675,3.57,3.9,1.78
company_04938,Hindustan Solutions 179 Private Limited,0,0,0,0.1967,None,785,1.4426,5.06,3.5,1.25
company_04939,Ganesh Energy 496 LLP,0,0,0,0.3118,None,790,1.105,3.67,4.09,1.11
company_04940,Infinity Metals 331 LLP,0,0,0,0.0479,None,814,1.8787,3.09,3.51,0.62
company_04941,Sterling Energy 261 LLP,0,1,1,0.7474,benami_siphoning,766,1.4738,9.11,8.88,3.89
company_04942,Ambika Foods 876 Partnership Firm,0,0,0,0.0522,None,716,1.86,7.05,5.89,2.91
company_04943,Vidya Metals 309 LLP,0,0,0,0.3247,None,804,0.6892,7.77,3.62,1.83
company_04944,Aditya Energy 702 LLP,0,0,0,0.0389,None,746,1.8278,7.28,5.07,1.14
company_04945,Sterling Infotech 665 Private Limited,0,0,0,0.2722,None,823,1.5371,3.28,4.32,1.47
company_04946,Arogya Power 882 Partnership Firm,0,0,0,0.2909,None,770,1.0966,1.65,3.27,1.27
company_04947,Surya Healthcare 855 Partnership Firm,1,0,1,0.8542,revenue_inflation,666,1.54,38.26,33.79,6.16
company_04948,Ganesh Foods 690 Partnership Firm,0,0,0,0.1789,None,787,1.4389,5.37,3.0,4.65
company_04949,Kalyani Infotech 703 Private Limited,0,0,0,0.2082,None,708,1.5523,5.12,3.77,3.41
company_04950,Navrachana Automotive 676 Private Limited,0,0,0,0.1301,None,783,1.7668,3.82,2.7,5.44
company_04951,Sterling Logistics 392 Private Limited,0,0,0,0.1205,None,741,1.5145,3.57,4.11,1.71
company_04952,Vidya Logistics 265 Private Limited,0,0,0,0.0393,None,802,0.922,6.65,4.64,1.95
company_04953,Shivam Solutions 282 Partnership Firm,0,0,0,0.123,None,718,1.0527,3.7,4.15,2.22
company_04954,Hindustan Builders 612 LLP,0,0,0,0.18,None,763,1.8298,3.31,10.19,2.25
company_04955,Karan Infrastructure 180 Private Limited,0,0,0,0.2435,None,743,1.7032,3.68,3.62,5.66
company_04956,Surya Renewables 415 Private Limited,0,1,1,0.5665,shell_company,746,2.6367,5.54,4.56,2.37
company_04957,Delta Infotech 913 LLP,0,0,0,0.1335,None,799,1.7467,4.26,4.96,1.76
company_04958,Vanguard Industries 679 Partnership Firm,0,1,1,0.462,circular_trading,737,2.295,8.39,4.92,2.67
company_04959,Matrix Logistics 500 LLP,0,0,0,0.0665,None,699,1.2981,3.18,7.42,2.98
company_04960,Matrix Healthcare 348 Partnership Firm,0,0,0,0.1609,None,819,1.8345,7.8,3.25,1.29
company_04961,Navrachana Energy 933 Private Limited,0,0,0,0.2056,None,772,1.3571,2.79,3.33,1.49
company_04962,Ambika Energy 833 Partnership Firm,0,0,0,0.2981,None,731,0.8134,3.6,2.88,2.73
company_04963,Tejas Logistics 526 Private Limited,0,0,0,0.211,None,740,1.1433,5.76,3.82,2.15
company_04964,Hindustan Automotive 920 LLP,0,0,0,0.0963,None,832,1.3424,5.65,3.48,1.45
company_04965,Infinity Textiles 763 Partnership Firm,1,0,1,0.7803,shell_company,478,0.8691,38.02,30.75,11.55
company_04966,Karan Foods 577 Partnership Firm,0,0,0,0.1479,None,768,2.0345,5.39,4.11,0.63
company_04967,Vanguard Industries 697 Partnership Firm,1,0,1,0.9266,evergreening,680,0.6404,45.95,12.42,13.68
company_04968,Aditya Healthcare 919 LLP,0,0,0,0.0599,None,775,1.2578,6.68,3.32,2.28
company_04969,Apex Builders 546 LLP,0,0,0,0.1989,None,725,1.1793,2.57,4.0,2.04
company_04970,Hindustan Retail 111 LLP,1,0,1,0.9087,revenue_inflation,619,1.1642,65.15,24.5,11.67
company_04971,Surya Pharma 391 Private Limited,0,0,0,0.2864,None,759,1.402,7.13,3.12,2.59
company_04972,Zenith Builders 518 Private Limited,0,0,0,0.2274,None,750,1.4264,4.85,2.5,1.82
company_04973,Tejas Foods 434 LLP,0,0,0,0.3212,None,755,1.6564,3.9,5.45,1.43
company_04974,Vanguard Healthcare 794 LLP,0,0,0,0.183,None,768,1.8804,4.01,5.01,1.84
company_04975,Ambika Renewables 400 Private Limited,0,0,0,0.1127,None,730,1.3692,8.03,4.61,3.4
company_04976,Matrix Logistics 227 LLP,0,0,0,0.1178,None,726,1.2845,9.38,4.25,3.55
company_04977,Delta Industries 618 Private Limited,0,0,0,0.0144,None,776,1.5564,8.45,5.59,2.18
company_04978,Delta Pharma 497 Partnership Firm,0,0,0,0.2818,None,703,1.6468,12.05,4.44,2.1
company_04979,Bhaskar Foods 511 Partnership Firm,0,0,0,0.316,None,758,1.18,3.78,3.71,3.64
company_04980,Hindustan Retail 657 Partnership Firm,0,0,0,0.0584,None,742,1.2806,3.91,3.7,2.56
company_04981,Vanguard Pharma 514 Private Limited,0,0,0,0.1219,None,730,0.9043,5.75,4.87,2.34
company_04982,Bhaskar Healthcare 895 Private Limited,0,0,0,0.2406,None,724,1.0052,3.08,7.14,3.03
company_04983,Bhaskar Solutions 195 LLP,0,0,0,0.0788,None,752,1.2789,3.24,5.6,2.13
company_04984,Shivam Energy 330 LLP,0,0,0,0.3143,None,817,1.8569,4.19,5.03,3.63
company_04985,Tejas Solutions 519 Private Limited,0,0,0,0.1866,None,745,1.7433,4.43,2.69,1.22
company_04986,Sterling Builders 894 Partnership Firm,0,0,0,0.202,None,727,1.3152,6.17,3.84,1.38
company_04987,Karan Retail 890 Private Limited,0,0,0,0.3129,None,759,1.0363,3.68,5.48,3.72
company_04988,Tejas Foods 486 Partnership Firm,0,0,0,0.178,None,747,1.9771,4.2,3.35,1.25
company_04989,Radhe Automotive 408 Private Limited,0,0,0,0.2949,None,738,1.6022,4.5,3.77,1.96
company_04990,Surya Infotech 478 LLP,0,0,0,0.1311,None,714,1.604,6.33,3.27,3.56
company_04991,Infinity Builders 772 Partnership Firm,0,0,0,0.0592,None,780,1.261,6.65,3.3,4.54
company_04992,Radhe Infotech 932 LLP,0,0,0,0.3135,None,800,1.4761,3.98,2.56,0.84
company_04993,Delta Pharma 472 LLP,0,0,0,0.181,None,735,0.7794,2.99,4.06,2.6
company_04994,Surya Builders 342 Private Limited,0,0,0,0.2956,None,737,0.8028,6.15,4.38,2.37
company_04995,Hindustan Power 856 Partnership Firm,0,0,0,0.2644,None,709,1.803,4.8,2.85,1.49
company_04996,Radhe Chemicals 297 Partnership Firm,0,0,0,0.2259,None,775,1.3757,4.04,3.36,1.83
company_04997,Delta Builders 160 LLP,0,0,0,0.165,None,728,1.3576,7.72,3.7,2.09
company_04998,Aditya Energy 869 LLP,0,0,0,0.3364,None,721,1.2201,3.42,2.45,2.6
company_04999,Surya Metals 968 Private Limited,0,0,0,0.0318,None,777,2.1027,3.54,2.93,2.64
company_05000,Vanguard Infrastructure 573 Private Limited,0,0,0,0.0895,None,747,1.3507,4.81,3.86,2.16
company_05001,Vidya Industries 858 Partnership Firm,0,0,0,0.3344,None,820,1.1774,2.12,3.13,2.06
company_05002,Ambika Solutions 285 LLP,0,0,0,0.3179,None,703,2.5372,5.43,4.58,3.14
company_05003,Shivam Power 298 Partnership Firm,0,0,0,0.2998,None,710,0.8828,4.49,3.91,2.14
company_05004,Delta Textiles 709 Private Limited,0,0,0,0.3014,None,702,1.4176,3.64,4.13,2.37
company_05005,Tejas Enterprises 225 Private Limited,1,0,1,0.9084,revenue_inflation,614,1.8143,36.84,61.24,11.48
company_05006,Kalyani Power 373 Partnership Firm,0,0,0,0.1503,None,718,1.1991,4.55,5.07,3.36
company_05007,Zenith Enterprises 746 Private Limited,0,0,0,0.1953,None,746,1.7258,4.67,3.44,2.29
company_05008,Matrix Builders 627 Partnership Firm,0,0,0,0.0639,None,821,1.716,3.26,3.6,2.2
company_05009,Sterling Healthcare 897 Private Limited,0,0,0,0.2379,None,728,1.5149,6.34,7.0,1.6
company_05010,Urja Builders 734 Partnership Firm,0,0,0,0.2292,None,674,0.9578,4.05,4.02,1.79
company_05011,Vidya Foods 777 Partnership Firm,0,0,0,0.2416,None,767,1.6775,5.0,4.88,4.44
company_05012,Urja Retail 311 LLP,0,0,0,0.1554,None,750,1.3484,2.54,3.7,2.19
company_05013,Karan Automotive 788 Private Limited,0,0,0,0.1386,None,781,1.8026,3.23,3.17,2.17
company_05014,Apex Energy 837 LLP,0,0,0,0.0223,None,748,1.6206,2.36,2.43,3.46
company_05015,Vidya Retail 615 Partnership Firm,0,0,0,0.1386,None,750,1.2128,5.92,3.93,2.06
company_05016,Karan Chemicals 887 LLP,0,0,0,0.2518,None,782,1.3215,2.72,3.43,1.57
company_05017,Infinity Renewables 240 Partnership Firm,0,0,0,0.2057,None,725,1.5957,6.81,3.67,1.48
company_05018,Radhe Industries 502 Partnership Firm,0,0,0,0.0182,None,761,1.2869,6.81,3.15,0.81
company_05019,Zenith Foods 942 Partnership Firm,0,0,0,0.2184,None,745,1.7354,10.73,3.34,3.74
company_05020,Bharat Retail 633 Private Limited,1,0,1,0.9124,benami_siphoning,616,0.3603,21.75,43.23,10.01
company_05021,Vanguard Textiles 103 Private Limited,0,0,0,0.0496,None,700,1.0082,3.67,3.57,2.66
company_05022,Vanguard Infotech LLP,0,0,0,0.1876,None,786,1.9486,2.81,4.48,1.11
company_05023,Matrix Metals 318 Private Limited,0,0,0,0.2516,None,739,1.811,2.95,6.78,3.25
company_05024,Surya Textiles 932 LLP,0,0,0,0.2603,None,768,1.6288,13.06,3.04,2.69
company_05025,Vidya Enterprises 170 Partnership Firm,0,0,0,0.1174,None,742,0.772,3.06,3.18,1.49
company_05026,Ambika Foods 449 Partnership Firm,0,0,0,0.3245,None,833,1.1356,2.5,3.43,0.41
company_05027,Bharat Infrastructure 666 Private Limited,0,0,0,0.1655,None,746,1.76,4.3,3.95,2.57
company_05028,Delta Foods 123 Private Limited,0,0,0,0.2376,None,729,2.1998,2.59,4.45,2.5
company_05029,Vanguard Builders 190 Partnership Firm,0,0,0,0.2464,None,746,1.0043,5.43,5.39,2.03
company_05030,Zenith Metals 602 Partnership Firm,0,0,0,0.1401,None,766,1.856,3.53,3.59,1.66
company_05031,Sterling Infotech 106 Private Limited,1,0,1,0.9856,seasonal_manipulation,666,1.441,34.35,13.61,11.59
company_05032,Karan Enterprises 557 Partnership Firm,0,0,0,0.2064,None,773,0.5133,3.82,6.65,2.62
company_05033,Vidya Healthcare 357 Private Limited,0,0,0,0.1268,None,799,1.6508,3.86,5.21,1.25
company_05034,Vanguard Builders 565 LLP,0,0,0,0.3318,None,713,1.413,8.24,7.05,2.75
company_05035,Sterling Foods 354 Partnership Firm,0,0,0,0.074,None,740,1.9068,3.74,4.37,1.83
company_05036,Sterling Solutions 424 Partnership Firm,0,0,0,0.3104,None,692,1.6113,4.85,3.26,2.53
company_05037,Zenith Automotive 934 Partnership Firm,0,0,0,0.144,None,779,1.2581,2.7,3.37,3.96
company_05038,Bharat Pharma 838 Private Limited,1,0,1,0.9366,shell_company,485,0.6368,67.84,29.98,7.98
company_05039,Navrachana Logistics LLP,0,0,0,0.0235,None,731,1.5763,4.19,3.69,4.5
company_05040,Radhe Textiles 721 Partnership Firm,0,0,0,0.2827,None,676,1.2038,2.95,2.44,3.53
company_05041,Shivam Builders 130 Partnership Firm,0,0,0,0.1487,None,754,1.3012,3.62,3.06,2.27
company_05042,Ganesh Energy 422 Partnership Firm,0,0,0,0.1897,None,712,1.3853,3.18,3.5,2.48
company_05043,Surya Chemicals 635 LLP,0,0,0,0.1182,None,773,0.8806,2.97,3.02,1.88
company_05044,Bharat Pharma 338 Private Limited,0,0,0,0.0231,None,753,1.5603,4.93,4.58,2.26
company_05045,Ambika Healthcare 284 LLP,0,0,0,0.3042,None,786,1.8128,15.08,5.34,2.56
company_05046,Kalyani Automotive 706 Private Limited,0,1,1,0.4447,shell_company,719,0.7376,7.29,7.12,3.14
company_05047,Tejas Textiles 977 Private Limited,0,0,0,0.0903,None,691,1.6062,3.61,3.82,3.48
company_05048,Karan Chemicals 880 LLP,0,0,0,0.2689,None,788,1.5066,8.06,5.32,3.3
company_05049,Hindustan Metals 518 Private Limited,0,0,0,0.021,None,668,1.5205,6.41,4.86,4.44
company_05050,Surya Infrastructure 652 LLP,0,0,0,0.2179,None,763,1.8058,5.86,3.86,1.32
company_05051,Radhe Retail 219 Private Limited,0,0,0,0.1945,None,754,1.4745,2.93,6.49,4.54
company_05052,Matrix Automotive 822 Private Limited,1,0,1,0.9889,seasonal_manipulation,616,1.0779,24.9,11.21,13.8
company_05053,Aditya Enterprises 397 Partnership Firm,0,0,0,0.2502,None,754,0.8401,2.63,5.22,2.2
company_05054,Apex Metals 342 Partnership Firm,0,0,0,0.2216,None,713,1.816,4.5,3.09,2.47
company_05055,Navrachana Industries 172 Partnership Firm,0,0,0,0.0742,None,760,1.1639,3.54,7.18,1.79
company_05056,Radhe Automotive 798 LLP,1,0,1,0.6334,shell_company,511,0.769,37.1,31.72,6.44
company_05057,Apex Pharma 284 Private Limited,0,0,0,0.2824,None,738,2.1739,3.5,3.71,1.9
company_05058,Ambika Power 874 Partnership Firm,0,0,0,0.0116,None,753,1.6703,4.13,3.85,4.85
company_05059,Radhe Energy 578 Private Limited,0,0,0,0.2599,None,779,1.4488,5.85,5.1,1.74
company_05060,Hindustan Infrastructure 426 Partnership Firm,0,0,0,0.2498,None,740,1.14,1.84,5.83,1.05
company_05061,Surya Industries 152 Partnership Firm,1,0,1,0.989,evergreening,663,0.6802,16.57,13.63,23.8
company_05062,Ganesh Pharma 374 LLP,0,0,0,0.1605,None,718,1.6373,3.34,3.32,2.4
company_05063,Bhaskar Solutions 203 Private Limited,0,0,0,0.2103,None,692,1.512,7.22,4.46,2.23
company_05064,Sterling Renewables 955 Partnership Firm,0,0,0,0.0624,None,768,1.815,8.23,4.22,2.48
company_05065,Shivam Power 632 Private Limited,1,0,1,0.9374,seasonal_manipulation,638,0.992,32.18,13.92,9.02
company_05066,Urja Infrastructure 520 LLP,0,0,0,0.1692,None,791,1.1132,4.92,4.99,1.6
company_05067,Navrachana Energy 378 Private Limited,0,0,0,0.3203,None,785,1.5586,5.5,3.5,0.85
company_05068,Tejas Enterprises 926 LLP,0,0,0,0.0382,None,779,1.482,3.35,3.46,1.84
company_05069,Karan Pharma 331 Private Limited,0,0,0,0.2195,None,806,0.9046,1.78,3.35,1.48
company_05070,Radhe Metals 829 LLP,0,0,0,0.3467,None,753,1.7898,6.49,3.47,2.38
company_05071,Vidya Logistics 768 Partnership Firm,0,0,0,0.3441,None,672,1.2051,3.56,7.01,4.57
company_05072,Vidya Automotive 599 LLP,0,0,0,0.2201,None,760,1.6106,10.0,4.41,1.07
company_05073,Tejas Automotive 510 LLP,0,0,0,0.2407,None,722,0.9076,7.08,4.13,2.25
company_05074,Navrachana Textiles 402 Private Limited,0,0,0,0.2072,None,742,1.1716,5.67,4.15,2.35
company_05075,Vidya Pharma 339 Partnership Firm,0,0,0,0.3034,None,735,1.5581,3.81,6.95,2.27
company_05076,Bharat Power 426 Private Limited,0,0,0,0.2469,None,775,0.9968,2.88,8.15,1.28
company_05077,Shivam Industries 657 LLP,0,0,0,0.2946,None,752,1.9016,1.5,4.76,2.15
company_05078,Bhaskar Renewables 244 Partnership Firm,0,0,0,0.0811,None,755,1.161,10.02,3.93,2.87
company_05079,Vidya Pharma 496 Partnership Firm,0,0,0,0.2604,None,727,1.493,5.04,2.82,3.45
company_05080,Hindustan Chemicals 673 LLP,0,0,0,0.1138,None,753,1.5676,5.11,3.47,3.59
company_05081,Arogya Energy 182 LLP,0,0,0,0.3436,None,791,1.3934,11.12,5.92,2.46
company_05082,Hindustan Energy 824 LLP,0,0,0,0.0522,None,761,1.5328,8.79,4.57,1.79
company_05083,Vidya Metals 824 LLP,0,0,0,0.103,None,783,1.9054,3.18,2.68,2.19
company_05084,Vidya Renewables 622 Private Limited,0,0,0,0.2627,None,801,2.0082,6.32,3.52,2.01
company_05085,Urja Chemicals 921 Partnership Firm,0,0,0,0.3075,None,806,1.5834,4.47,5.77,1.26
company_05086,Aditya Renewables Private Limited,0,0,0,0.3228,None,763,1.4621,6.74,2.9,1.35
company_05087,Apex Logistics 927 Private Limited,0,0,0,0.0839,None,765,1.2826,6.03,4.66,1.92
company_05088,Infinity Solutions 398 LLP,1,0,1,0.9293,revenue_inflation,597,1.0022,22.94,30.33,8.78
company_05089,Radhe Healthcare 340 Partnership Firm,0,0,0,0.1892,None,770,1.1307,3.8,3.69,2.72
company_05090,Arogya Renewables 551 LLP,1,0,1,0.9748,revenue_inflation,630,0.9614,43.63,38.29,6.74
company_05091,Delta Metals 773 Private Limited,0,0,0,0.095,None,770,1.5631,3.57,3.51,0.97
company_05092,Vanguard Renewables 328 Partnership Firm,0,0,0,0.0464,None,785,1.5957,4.42,8.06,1.88
company_05093,Urja Healthcare 162 Partnership Firm,0,0,0,0.2056,None,780,1.6694,3.65,8.42,1.0
company_05094,Kalyani Textiles 319 Private Limited,0,0,0,0.1672,None,812,1.2559,2.3,2.77,1.04
company_05095,Navrachana Power 278 Private Limited,0,0,0,0.3391,None,707,1.4145,3.5,5.49,4.48
company_05096,Sterling Power 926 LLP,0,0,0,0.2788,None,748,1.6689,4.44,4.46,2.99
company_05097,Hindustan Metals 718 LLP,0,0,0,0.3201,None,747,2.2042,6.01,4.26,3.66
company_05098,Vidya Retail 318 Partnership Firm,1,0,1,0.9584,revenue_inflation,651,0.2154,42.48,29.61,10.21
company_05099,Sterling Infrastructure 582 Private Limited,0,0,0,0.1952,None,691,1.5136,9.68,4.15,2.91
company_05100,Infinity Renewables 603 LLP,1,0,1,0.9072,benami_siphoning,682,0.5504,29.52,23.62,6.8
company_05101,Bharat Renewables 343 Private Limited,0,0,0,0.1832,None,740,1.9179,5.14,5.63,2.13
company_05102,Surya Foods 841 Private Limited,0,0,0,0.0654,None,757,1.5103,4.87,3.37,2.76
company_05103,Hindustan Retail 115 LLP,0,0,0,0.1368,None,839,1.4888,3.76,3.46,3.06
company_05104,Navrachana Textiles 230 Partnership Firm,0,0,0,0.3049,None,706,1.0195,4.8,7.36,3.39
company_05105,Bharat Automotive 229 Partnership Firm,1,0,1,0.6527,circular_trading,696,0.6774,23.99,14.71,4.34
company_05106,Sterling Infrastructure 248 LLP,0,0,0,0.0597,None,730,1.4571,2.38,2.65,2.59
company_05107,Urja Energy 881 Private Limited,0,0,0,0.2245,None,765,1.1091,5.03,4.58,0.62
company_05108,Hindustan Energy 513 Partnership Firm,0,0,0,0.21,None,798,1.4719,4.34,5.74,3.22
company_05109,Surya Renewables 413 LLP,0,0,0,0.2565,None,707,1.4913,4.62,5.34,4.17
company_05110,Aditya Energy 153 Private Limited,1,0,1,0.7438,circular_trading,665,0.9096,21.2,21.43,4.63
company_05111,Bharat Textiles 342 LLP,0,0,0,0.0848,None,754,1.7441,6.29,3.44,2.31
company_05112,Navrachana Metals 383 LLP,0,0,0,0.1576,None,813,1.8357,4.65,4.12,0.35
company_05113,Kalyani Metals 640 Partnership Firm,0,0,0,0.3059,None,704,1.1809,3.74,6.46,4.85
company_05114,Sterling Infotech 389 Partnership Firm,0,0,0,0.2266,None,739,1.5727,6.65,3.8,2.86
company_05115,Vanguard Automotive 750 Partnership Firm,0,0,0,0.1328,None,773,1.205,3.56,5.3,1.01
company_05116,Shivam Metals 407 LLP,0,0,0,0.0386,None,765,2.4909,4.47,6.31,1.91
company_05117,Urja Renewables 280 Partnership Firm,1,0,1,0.8927,seasonal_manipulation,660,0.7779,39.98,11.12,6.29
company_05118,Hindustan Infotech 889 Partnership Firm,0,0,0,0.0503,None,764,1.538,3.99,3.37,2.32
company_05119,Aditya Retail 168 LLP,0,0,0,0.2981,None,769,1.232,3.42,7.27,3.03
company_05120,Shivam Chemicals 426 Partnership Firm,0,0,0,0.3264,None,688,1.3608,3.28,3.25,3.89
company_05121,Matrix Solutions 414 Private Limited,0,0,0,0.2874,None,650,1.5334,3.41,6.34,4.17
company_05122,Matrix Infrastructure 342 Private Limited,0,0,0,0.141,None,833,1.6604,4.09,2.35,0.5
company_05123,Karan Retail 744 LLP,0,0,0,0.2959,None,796,1.2624,13.54,3.89,1.47
company_05124,Karan Pharma 359 Private Limited,0,0,0,0.2492,None,751,0.8999,3.55,4.04,1.97
company_05125,Karan Infotech 993 Partnership Firm,0,0,0,0.2207,None,712,1.2471,4.07,3.29,3.79
company_05126,Urja Automotive 503 Private Limited,0,0,0,0.0186,None,814,1.3779,4.23,4.94,2.6
company_05127,Urja Chemicals 435 Partnership Firm,0,0,0,0.1483,None,829,1.6703,7.09,4.76,1.32
company_05128,Navrachana Healthcare 981 LLP,1,0,1,0.592,circular_trading,733,0.5874,22.15,22.46,6.77
company_05129,Apex Renewables 987 Partnership Firm,0,0,0,0.0669,None,762,0.889,6.71,3.33,1.15
company_05130,Infinity Logistics 986 Private Limited,0,0,0,0.3306,None,753,1.0708,6.18,4.72,3.64
company_05131,Ambika Infotech 852 Private Limited,1,0,1,0.9039,evergreening,673,0.7269,21.02,11.61,27.96
company_05132,Vanguard Healthcare 615 Private Limited,1,0,1,0.9186,evergreening,650,0.9216,17.54,12.12,19.48
company_05133,Delta Textiles 735 Partnership Firm,0,0,0,0.2671,None,774,1.0458,2.22,2.94,1.07
company_05134,Infinity Textiles 129 Private Limited,0,0,0,0.3014,None,808,1.3527,3.29,3.67,3.53
company_05135,Aditya Builders 814 Private Limited,0,0,0,0.2149,None,746,1.7345,7.29,4.35,2.62
company_05136,Vidya Energy 845 LLP,0,0,0,0.1741,None,779,1.4713,5.12,4.4,7.51
company_05137,Sterling Industries 784 Partnership Firm,0,0,0,0.1057,None,669,1.3549,5.93,3.43,1.83
company_05138,Tejas Industries 692 LLP,1,0,1,0.5402,seasonal_manipulation,693,0.8082,15.67,18.65,3.69
company_05139,Ambika Automotive 220 Partnership Firm,0,0,0,0.2559,None,739,1.5073,3.91,8.83,1.32
company_05140,Vanguard Healthcare 622 Partnership Firm,0,0,0,0.101,None,810,1.3941,5.53,9.02,0.6
company_05141,Aditya Builders 760 Private Limited,1,0,1,0.9265,shell_company,601,1.291,46.17,58.47,12.91
company_05142,Surya Foods 360 LLP,1,0,1,0.7318,revenue_inflation,684,0.7974,19.0,25.17,8.62
company_05143,Bharat Infotech 101 Partnership Firm,0,0,0,0.0972,None,723,1.7515,3.31,11.24,1.63
company_05144,Delta Power 367 Partnership Firm,1,0,1,0.7279,circular_trading,657,0.877,18.7,21.77,5.56
company_05145,Radhe Infotech 289 Private Limited,0,0,0,0.1106,None,712,1.3507,2.4,12.38,3.84
company_05146,Navrachana Chemicals 546 Partnership Firm,0,0,0,0.286,None,695,1.7035,5.31,3.77,3.24
company_05147,Hindustan Industries 621 Private Limited,0,0,0,0.1412,None,678,2.3992,7.81,3.33,6.24
company_05148,Radhe Chemicals 638 LLP,0,0,0,0.3493,None,778,1.2728,4.75,5.65,1.58
company_05149,Surya Logistics 930 LLP,0,0,0,0.1193,None,807,2.011,5.65,2.73,1.58
company_05150,Navrachana Automotive 448 Partnership Firm,0,0,0,0.1094,None,776,1.9851,2.93,5.49,2.85
company_05151,Vidya Renewables 957 LLP,0,0,0,0.1457,None,792,0.6491,3.66,6.49,1.43
company_05152,Navrachana Metals 581 Partnership Firm,0,0,0,0.2136,None,724,1.6034,3.59,3.83,3.17
company_05153,Arogya Pharma 648 Partnership Firm,0,0,0,0.0606,None,748,1.919,2.3,2.78,1.95
company_05154,Delta Automotive 887 Private Limited,0,0,0,0.313,None,757,1.9762,3.96,3.0,1.64
company_05155,Bharat Energy 772 LLP,0,0,0,0.2282,None,811,1.9319,6.34,3.59,1.41
company_05156,Urja Chemicals 717 Private Limited,0,0,0,0.1103,None,744,1.295,4.85,4.62,3.11
company_05157,Radhe Pharma 561 Partnership Firm,1,0,1,0.8775,seasonal_manipulation,697,0.8517,49.78,34.07,7.83
company_05158,Vidya Solutions 629 Private Limited,0,0,0,0.2499,None,770,1.974,3.89,3.48,1.92
company_05159,Bharat Renewables 175 Partnership Firm,0,0,0,0.2045,None,823,1.4713,4.56,5.61,2.69
company_05160,Arogya Metals 666 Private Limited,1,0,1,0.5386,revenue_inflation,664,2.0764,16.79,32.3,6.39
company_05161,Hindustan Enterprises 159 Partnership Firm,0,0,0,0.0817,None,830,2.0609,2.76,3.45,0.25
company_05162,Zenith Renewables 796 Private Limited,1,0,1,0.928,revenue_inflation,638,1.1183,23.12,32.85,9.9
company_05163,Urja Retail 328 Private Limited,0,0,0,0.2023,None,811,1.7423,2.07,3.28,1.52
company_05164,Apex Logistics 955 LLP,1,0,1,0.8958,seasonal_manipulation,618,0.5881,27.59,17.54,7.29
company_05165,Apex Foods 512 Partnership Firm,0,0,0,0.0822,None,780,1.6941,4.51,3.3,3.29
company_05166,Urja Automotive 251 LLP,0,1,1,0.5118,benami_siphoning,754,1.3631,6.45,3.42,3.01
company_05167,Matrix Chemicals 474 LLP,0,0,0,0.0445,None,715,1.0865,8.34,2.93,2.85
company_05168,Tejas Energy 159 Partnership Firm,0,0,0,0.2535,None,740,0.9646,3.63,3.25,1.59
company_05169,Bhaskar Infrastructure 938 LLP,0,0,0,0.1013,None,813,2.0886,4.65,4.43,4.31
company_05170,Apex Automotive 276 LLP,0,0,0,0.1087,None,756,1.4959,5.01,4.47,1.16
company_05171,Aditya Builders 424 Private Limited,0,0,0,0.1446,None,774,1.9143,5.48,6.13,1.43
company_05172,Sterling Power 773 LLP,0,0,0,0.1166,None,854,1.6438,8.96,4.87,2.42
company_05173,Urja Renewables 558 Partnership Firm,0,0,0,0.2664,None,746,1.0334,3.91,3.99,1.82
company_05174,Delta Healthcare 312 LLP,0,0,0,0.2709,None,753,0.9589,6.3,2.89,1.82
company_05175,Bhaskar Renewables 869 LLP,0,0,0,0.1266,None,700,1.873,4.52,3.92,3.53
company_05176,Aditya Solutions 144 LLP,0,0,0,0.309,None,818,1.9684,5.65,3.39,0.98
company_05177,Vidya Healthcare 339 Partnership Firm,0,0,0,0.2198,None,761,2.2169,2.04,2.79,1.48
company_05178,Apex Automotive 603 Private Limited,0,0,0,0.1226,None,773,0.8753,5.51,3.99,1.86
company_05179,Matrix Infotech 812 Private Limited,1,0,1,0.6385,evergreening,632,0.8988,19.99,6.42,10.52
company_05180,Radhe Power 747 LLP,0,0,0,0.1886,None,773,1.1314,4.13,3.48,1.66
company_05181,Radhe Pharma 631 Partnership Firm,0,0,0,0.0746,None,652,1.2375,9.7,4.62,2.8
company_05182,Sterling Energy 479 Partnership Firm,0,0,0,0.1394,None,862,1.8645,3.23,5.57,1.42
company_05183,Bhaskar Infotech 759 Private Limited,0,0,0,0.0333,None,741,1.9761,3.65,7.29,2.51
company_05184,Surya Automotive 340 LLP,0,0,0,0.0667,None,711,1.4181,4.23,6.24,3.57
company_05185,Ganesh Infotech 490 Partnership Firm,0,0,0,0.3377,None,729,1.6465,3.55,3.39,1.76
company_05186,Bhaskar Automotive 336 Partnership Firm,0,0,0,0.1839,None,744,2.563,2.99,3.1,3.97
company_05187,Matrix Logistics 397 Private Limited,0,0,0,0.2007,None,724,1.107,3.51,5.4,1.97
company_05188,Ambika Enterprises 802 LLP,0,0,0,0.3232,None,775,1.2204,6.58,5.91,2.49
company_05189,Radhe Foods LLP,0,0,0,0.2606,None,720,1.6743,9.12,2.69,4.79
company_05190,Karan Retail 924 LLP,0,0,0,0.0867,None,797,1.3422,7.32,4.0,2.85
company_05191,Ambika Enterprises 409 Private Limited,0,0,0,0.1074,None,761,1.4172,9.94,4.93,0.9
company_05192,Kalyani Foods 378 Partnership Firm,1,0,1,0.8092,shell_company,494,0.9884,34.17,34.16,6.53
company_05193,Radhe Infrastructure 563 LLP,0,0,0,0.1162,None,770,0.9701,5.21,5.96,0.89
company_05194,Tejas Textiles 240 Private Limited,0,0,0,0.1239,None,803,1.8102,8.61,3.04,1.86
company_05195,Ganesh Logistics 965 Partnership Firm,1,0,1,0.9028,shell_company,582,0.9893,50.77,28.63,8.98
company_05196,Vidya Solutions 699 Partnership Firm,0,0,0,0.145,None,764,1.3765,2.92,4.95,2.42
company_05197,Arogya Power 111 Private Limited,0,0,0,0.242,None,783,1.4256,2.98,6.81,1.15
company_05198,Urja Metals 726 LLP,0,0,0,0.1618,None,740,1.4715,4.17,5.31,2.55
company_05199,Ganesh Metals 670 LLP,0,0,0,0.1263,None,778,2.1706,5.5,3.2,5.95
company_05200,Radhe Renewables 598 Private Limited,0,0,0,0.1844,None,721,1.4201,2.67,2.47,3.93
company_05201,Hindustan Retail 687 Partnership Firm,0,0,0,0.2246,None,747,1.4067,3.89,4.02,1.82
company_05202,Zenith Infrastructure 938 LLP,0,0,0,0.2027,None,815,2.6722,4.59,2.89,0.66
company_05203,Vidya Energy 899 Partnership Firm,1,0,1,0.8828,circular_trading,691,0.9501,38.46,15.21,7.71
company_05204,Hindustan Logistics 170 Partnership Firm,0,0,0,0.0211,None,701,1.5099,5.59,4.97,2.1
company_05205,Vanguard Enterprises 398 Partnership Firm,1,0,1,0.9615,seasonal_manipulation,578,1.2497,34.14,10.12,13.89
company_05206,Zenith Solutions 171 Partnership Firm,0,0,0,0.1028,None,757,2.0235,4.88,5.2,1.99
company_05207,Vanguard Infrastructure 525 LLP,1,0,1,0.9574,revenue_inflation,679,0.4876,38.65,29.62,9.88
company_05208,Kalyani Infrastructure 897 Partnership Firm,1,0,1,0.7183,seasonal_manipulation,627,0.8413,27.16,8.59,10.13
company_05209,Ambika Textiles 438 Partnership Firm,0,0,0,0.0477,None,792,1.3609,4.94,4.64,0.6
company_05210,Shivam Retail 911 Partnership Firm,0,0,0,0.2698,None,718,1.8507,5.77,3.4,2.48
company_05211,Kalyani Builders 601 Private Limited,1,0,1,0.5145,benami_siphoning,676,1.1208,10.41,18.74,7.14
company_05212,Aditya Builders 502 Private Limited,0,0,0,0.18,None,826,1.3297,5.48,5.24,2.73
company_05213,Karan Healthcare 938 Private Limited,0,0,0,0.0116,None,792,0.5244,4.19,3.56,0.81
company_05214,Infinity Solutions 176 Private Limited,0,0,0,0.3143,None,764,2.5184,2.77,3.05,2.41
company_05215,Vanguard Infrastructure 257 Private Limited,0,0,0,0.1599,None,738,1.7347,6.4,4.99,3.52
company_05216,Hindustan Retail 987 LLP,0,0,0,0.0321,None,773,1.6566,3.09,5.85,2.15
company_05217,Shivam Power 516 LLP,0,0,0,0.1562,None,706,1.029,4.2,5.0,2.12
company_05218,Aditya Industries 990 LLP,0,1,1,0.5616,revenue_inflation,735,1.2604,5.09,3.72,2.11
company_05219,Zenith Solutions 395 LLP,1,0,1,0.9233,shell_company,571,1.7232,47.27,32.04,9.82
company_05220,Vidya Solutions 144 LLP,0,0,0,0.3429,None,764,1.1728,6.81,3.31,1.97
company_05221,Shivam Infrastructure 512 LLP,0,0,0,0.3251,None,759,1.5173,2.33,2.71,3.32
company_05222,Apex Retail 208 LLP,0,0,0,0.24,None,679,1.7154,8.5,4.57,3.49
company_05223,Vanguard Logistics 877 Private Limited,0,0,0,0.1509,None,745,1.1345,4.82,3.58,3.12
company_05224,Bharat Logistics 986 Private Limited,0,0,0,0.0335,None,766,1.0542,6.45,3.93,4.4
company_05225,Zenith Industries 777 LLP,0,0,0,0.3127,None,774,1.6491,3.6,3.36,0.86
company_05226,Kalyani Healthcare 615 Partnership Firm,0,0,0,0.0354,None,745,2.2809,3.84,3.39,2.82
company_05227,Aditya Healthcare 810 Partnership Firm,1,0,1,0.5079,circular_trading,589,0.2,32.47,17.32,7.76
company_05228,Sterling Metals 599 LLP,1,0,1,0.9434,revenue_inflation,682,1.6891,29.16,27.38,6.41
company_05229,Vidya Builders 898 LLP,0,0,0,0.134,None,707,1.8162,2.41,3.13,2.22
company_05230,Hindustan Textiles 191 Partnership Firm,0,0,0,0.1659,None,718,0.9364,4.16,5.06,2.33
company_05231,Vidya Enterprises 849 LLP,0,0,0,0.1182,None,721,1.3056,5.5,5.82,2.76
company_05232,Zenith Builders 863 LLP,0,0,0,0.2413,None,789,1.1706,2.78,2.39,1.93
company_05233,Apex Chemicals 416 Private Limited,0,0,0,0.2826,None,757,1.6638,5.16,6.0,5.96
company_05234,Karan Enterprises 186 Partnership Firm,0,0,0,0.1838,None,733,1.5162,8.69,3.32,1.85
company_05235,Vanguard Energy 633 Private Limited,0,0,0,0.1619,None,763,1.1413,3.95,3.83,1.31
company_05236,Zenith Chemicals 848 Private Limited,0,0,0,0.3204,None,745,1.6066,3.2,2.67,1.9
company_05237,Shivam Industries 183 LLP,0,0,0,0.2318,None,730,1.5015,4.75,12.47,3.27
company_05238,Infinity Infrastructure 901 LLP,0,0,0,0.2874,None,810,1.2448,5.04,3.38,2.03
company_05239,Bharat Healthcare 969 Partnership Firm,0,0,0,0.3352,None,839,1.1987,15.95,3.66,0.62
company_05240,Ganesh Industries 813 LLP,0,0,0,0.2882,None,738,2.5934,2.81,3.51,3.6
company_05241,Navrachana Solutions 887 Partnership Firm,0,0,0,0.3466,None,822,1.7955,3.01,3.41,2.89
company_05242,Hindustan Automotive 577 Private Limited,0,0,0,0.1866,None,732,0.9991,4.4,3.22,2.73
company_05243,Bhaskar Infotech 517 Private Limited,0,0,0,0.346,None,699,1.2957,4.25,5.48,4.92
company_05244,Bhaskar Enterprises 772 Private Limited,0,0,0,0.1872,None,716,0.8479,3.2,3.25,2.52
company_05245,Bharat Industries 983 LLP,0,0,0,0.1945,None,729,1.0381,8.02,3.77,1.9
company_05246,Matrix Textiles 682 Private Limited,0,0,0,0.3204,None,663,1.9046,3.67,6.5,4.29
company_05247,Aditya Logistics 974 Private Limited,0,0,0,0.0985,None,836,1.6059,3.69,2.48,2.29
company_05248,Vidya Renewables 697 LLP,0,0,0,0.0913,None,697,1.5288,3.63,8.36,2.46
company_05249,Navrachana Infotech 660 LLP,0,0,0,0.2768,None,748,1.7066,3.44,4.66,1.67
company_05250,Vanguard Builders 123 LLP,0,0,0,0.2344,None,718,0.7803,4.77,4.09,0.99
company_05251,Infinity Infotech 637 Partnership Firm,0,0,0,0.0301,None,754,1.6903,2.55,7.82,3.04
company_05252,Surya Retail 664 Partnership Firm,0,0,0,0.2084,None,751,1.7095,4.11,6.51,8.34
company_05253,Apex Pharma 760 Partnership Firm,0,0,0,0.3194,None,680,1.9238,2.45,2.54,2.66
company_05254,Karan Infotech 997 Private Limited,0,0,0,0.1844,None,729,1.9046,4.23,3.39,3.27
company_05255,Infinity Logistics 485 Partnership Firm,0,0,0,0.3079,None,791,1.0827,8.07,7.11,2.05
company_05256,Radhe Energy 681 Private Limited,0,0,0,0.0757,None,757,1.3326,5.51,5.78,1.13
company_05257,Hindustan Healthcare 456 Partnership Firm,0,0,0,0.3059,None,775,1.3301,2.19,5.18,1.96
company_05258,Arogya Pharma 483 Private Limited,0,0,0,0.2783,None,755,1.4079,10.82,4.73,1.55
company_05259,Sterling Logistics 881 LLP,0,0,0,0.1121,None,680,0.7577,5.68,3.55,4.63
company_05260,Ambika Chemicals 349 LLP,0,0,0,0.0699,None,711,1.4096,5.26,3.26,2.25
company_05261,Karan Builders 918 Private Limited,1,0,1,0.9177,revenue_inflation,624,0.9698,26.35,49.53,6.98
company_05262,Kalyani Renewables 527 LLP,0,0,0,0.1498,None,734,1.8168,3.55,7.75,2.22
company_05263,Bharat Builders 211 LLP,0,0,0,0.1579,None,823,1.3094,3.86,3.02,0.61
company_05264,Ambika Retail 140 Private Limited,0,0,0,0.0812,None,810,0.9831,5.63,3.46,2.46
company_05265,Bharat Builders 868 LLP,0,1,1,0.5631,revenue_inflation,765,1.7871,7.67,3.63,3.12
company_05266,Apex Textiles 300 Partnership Firm,0,0,0,0.1452,None,736,1.9225,6.01,3.17,4.22
company_05267,Matrix Retail 438 Partnership Firm,0,0,0,0.2342,None,656,0.867,4.97,5.28,2.58
company_05268,Surya Metals 522 LLP,0,0,0,0.1334,None,710,0.7387,2.08,3.67,3.07
company_05269,Arogya Retail 238 Partnership Firm,0,0,0,0.2675,None,804,1.1547,3.4,3.92,2.11
company_05270,Radhe Textiles 212 Private Limited,0,0,0,0.115,None,733,1.4535,3.55,3.53,3.08
company_05271,Navrachana Automotive 378 Private Limited,0,1,1,0.6541,revenue_inflation,722,1.5408,2.27,3.06,1.73
company_05272,Karan Textiles 659 Private Limited,0,0,0,0.2857,None,665,1.7138,3.57,3.55,4.25
company_05273,Matrix Builders 730 Partnership Firm,0,0,0,0.1833,None,722,2.6129,4.48,3.34,4.2
company_05274,Shivam Infrastructure 513 Private Limited,0,0,0,0.0723,None,741,1.2149,4.32,4.92,3.38
company_05275,Radhe Chemicals 259 Partnership Firm,0,0,0,0.2521,None,770,1.722,3.1,2.87,1.61
company_05276,Surya Enterprises 594 Private Limited,0,0,0,0.2504,None,697,1.7562,5.23,3.53,3.71
company_05277,Vidya Solutions 900 Private Limited,0,0,0,0.1649,None,733,1.2167,3.37,4.67,4.43
company_05278,Ambika Pharma 921 LLP,0,0,0,0.1135,None,784,1.4041,3.6,4.55,1.14
company_05279,Surya Automotive 152 Private Limited,0,0,0,0.0196,None,764,1.2679,6.18,3.92,1.85
company_05280,Apex Metals 969 Partnership Firm,0,0,0,0.1605,None,782,0.9186,6.23,4.45,3.99
company_05281,Bhaskar Textiles 350 Partnership Firm,0,1,1,0.7457,revenue_inflation,764,0.9968,4.31,2.83,1.36
company_05282,Bharat Solutions 909 LLP,0,0,0,0.2334,None,795,1.553,7.25,4.33,0.96
company_05283,Karan Metals 852 Partnership Firm,0,0,0,0.0631,None,730,1.4313,4.34,5.64,4.24
company_05284,Arogya Pharma 939 LLP,0,0,0,0.1235,None,734,2.1381,4.05,7.37,1.52
company_05285,Bhaskar Logistics 974 Partnership Firm,1,0,1,0.9807,evergreening,650,0.7554,20.75,11.26,17.48
company_05286,Ganesh Renewables 730 LLP,0,0,0,0.1947,None,763,1.0129,3.22,15.0,1.39
company_05287,Matrix Builders 753 Partnership Firm,0,0,0,0.0596,None,771,1.5052,8.09,3.42,2.95
company_05288,Hindustan Metals 705 Private Limited,0,0,0,0.1039,None,727,1.3086,6.98,4.28,2.6
company_05289,Ganesh Retail 751 LLP,0,0,0,0.2625,None,745,0.9581,7.78,4.85,2.15
company_05290,Radhe Logistics 246 LLP,0,0,0,0.3223,None,707,1.1627,2.63,4.27,6.31
company_05291,Sterling Builders 854 Private Limited,0,0,0,0.1547,None,738,1.3058,3.33,3.58,2.42
company_05292,Hindustan Healthcare 411 LLP,0,0,0,0.2561,None,748,0.9331,3.04,2.92,1.35
company_05293,Arogya Retail 183 Partnership Firm,0,0,0,0.0402,None,778,1.1754,3.39,3.9,2.78
company_05294,Infinity Power 341 Private Limited,0,0,0,0.338,None,773,1.2755,2.58,2.65,1.86
company_05295,Infinity Energy 466 LLP,0,0,0,0.0238,None,720,1.0767,3.25,3.89,2.23
company_05296,Arogya Logistics 512 Partnership Firm,1,0,1,0.9007,evergreening,616,0.4676,37.82,15.11,17.81
company_05297,Karan Renewables 850 LLP,0,0,0,0.1795,None,718,2.4654,5.44,3.09,1.63
company_05298,Infinity Textiles 730 Partnership Firm,0,0,0,0.1833,None,752,1.2606,6.49,5.25,2.35
company_05299,Sterling Healthcare 542 Private Limited,0,0,0,0.304,None,722,1.7367,4.81,4.48,1.68
company_05300,Arogya Healthcare 841 Private Limited,0,0,0,0.3317,None,874,1.0805,2.7,3.15,2.75
company_05301,Hindustan Logistics 781 Private Limited,0,0,0,0.0296,None,744,1.8669,4.68,4.42,2.55
company_05302,Matrix Healthcare 805 Partnership Firm,1,0,1,0.6194,evergreening,720,0.4308,16.48,16.95,16.92
company_05303,Vidya Infotech 866 Partnership Firm,0,0,0,0.1058,None,681,1.5061,6.62,7.7,2.73
company_05304,Tejas Renewables 534 LLP,0,0,0,0.2249,None,846,1.1038,3.92,5.38,1.35
company_05305,Bhaskar Industries 394 Private Limited,0,0,0,0.1618,None,737,1.5342,3.46,3.46,5.39
company_05306,Zenith Healthcare Private Limited,1,0,1,0.9836,benami_siphoning,662,1.3932,15.48,41.95,9.07
company_05307,Hindustan Infotech 336 Partnership Firm,0,1,1,0.6956,benami_siphoning,747,0.7828,8.49,4.69,1.96
company_05308,Apex Metals 423 LLP,0,0,0,0.0657,None,780,1.358,3.72,3.5,2.47
company_05309,Tejas Foods 509 Partnership Firm,1,0,1,0.8903,seasonal_manipulation,590,0.7438,29.62,39.36,13.48
company_05310,Sterling Textiles 843 Partnership Firm,1,0,1,0.8817,revenue_inflation,646,0.4576,36.75,32.12,15.92
company_05311,Vanguard Pharma 329 Private Limited,0,0,0,0.2575,None,689,1.2659,2.77,3.04,2.51
company_05312,Karan Infrastructure 854 Private Limited,0,0,0,0.2981,None,662,1.16,2.0,3.11,4.52
company_05313,Zenith Energy 355 Private Limited,0,0,0,0.2354,None,695,1.281,5.82,5.89,1.71
company_05314,Delta Chemicals 151 Partnership Firm,0,0,0,0.048,None,737,1.5667,4.49,4.0,2.01
company_05315,Infinity Chemicals 708 LLP,0,0,0,0.3182,None,668,1.698,5.05,3.41,5.99
company_05316,Karan Chemicals 713 Private Limited,0,0,0,0.2863,None,794,1.3119,5.49,4.33,1.83
company_05317,Urja Solutions 865 LLP,0,0,0,0.2639,None,750,0.7981,5.32,3.97,1.31
company_05318,Vanguard Infrastructure 468 Private Limited,0,0,0,0.301,None,787,1.8388,2.28,5.02,1.9
company_05319,Delta Builders 131 Private Limited,0,0,0,0.1356,None,799,1.9366,4.35,4.37,2.46
company_05320,Bharat Logistics 335 LLP,1,0,1,0.6449,revenue_inflation,651,0.8274,28.46,42.93,4.77
company_05321,Arogya Automotive 252 LLP,0,0,0,0.2145,None,816,1.461,2.84,3.39,0.11
company_05322,Aditya Builders 112 Private Limited,0,0,0,0.2984,None,851,1.7385,4.64,3.81,1.08
company_05323,Vanguard Renewables 264 Private Limited,0,0,0,0.2816,None,711,2.365,1.76,3.1,7.54
company_05324,Aditya Metals 698 LLP,0,0,0,0.1578,None,798,1.5624,4.65,3.63,2.74
company_05325,Ambika Pharma 581 LLP,0,0,0,0.0813,None,761,1.8189,7.78,4.18,2.43
company_05326,Infinity Textiles 181 Partnership Firm,0,0,0,0.1112,None,740,0.8984,2.77,8.11,1.8
company_05327,Sterling Solutions 772 Partnership Firm,0,0,0,0.0397,None,739,1.4408,6.51,4.44,1.86
company_05328,Vidya Renewables 938 Private Limited,1,0,1,0.9761,circular_trading,645,0.7155,23.14,35.5,12.35
company_05329,Ambika Solutions 340 LLP,0,0,0,0.2134,None,765,1.1201,13.05,3.99,1.65
company_05330,Kalyani Pharma 287 LLP,0,0,0,0.2019,None,789,1.8014,5.89,4.28,1.79
company_05331,Infinity Enterprises 937 Partnership Firm,1,0,1,0.9884,revenue_inflation,645,0.8083,40.61,36.24,10.34
company_05332,Kalyani Pharma 617 LLP,0,0,0,0.3187,None,757,1.198,3.87,3.75,2.03
company_05333,Apex Infotech 575 LLP,0,0,0,0.2203,None,758,1.5111,2.62,4.87,2.17
company_05334,Sterling Automotive 847 Partnership Firm,1,0,1,0.9136,benami_siphoning,622,1.1225,47.91,34.76,8.8
company_05335,Kalyani Chemicals 238 Private Limited,0,0,0,0.34,None,754,1.0844,2.4,6.14,1.78
company_05336,Karan Healthcare 715 Partnership Firm,0,0,0,0.1539,None,772,2.091,3.71,5.69,2.52
company_05337,Vidya Energy 993 Partnership Firm,0,0,0,0.1633,None,760,0.8098,9.46,4.05,1.08
company_05338,Shivam Renewables 571 Partnership Firm,0,0,0,0.0736,None,795,1.3708,2.44,5.3,0.81
company_05339,Surya Automotive 776 Partnership Firm,0,0,0,0.0932,None,782,2.5536,4.36,4.91,1.61
company_05340,Urja Power 237 Private Limited,0,0,0,0.0152,None,677,1.0302,5.15,5.43,2.56
company_05341,Zenith Pharma 685 Private Limited,0,0,0,0.1879,None,746,1.2603,6.25,4.02,1.93
company_05342,Surya Builders 768 Partnership Firm,1,0,1,0.9204,shell_company,638,0.8008,45.86,26.37,13.08
company_05343,Delta Power 478 LLP,0,1,1,0.6488,circular_trading,784,1.5176,7.55,6.58,1.84
company_05344,Urja Healthcare 966 Partnership Firm,0,0,0,0.2558,None,741,1.5566,4.85,3.68,2.13
company_05345,Delta Industries 431 Partnership Firm,0,0,0,0.1403,None,743,1.5788,3.42,5.44,1.6
company_05346,Urja Textiles 393 LLP,0,0,0,0.1511,None,731,1.814,5.33,3.8,3.78
company_05347,Tejas Textiles 470 Private Limited,0,0,0,0.232,None,748,1.418,6.3,6.48,2.4
company_05348,Radhe Retail 555 Partnership Firm,0,0,0,0.07,None,723,1.5771,3.91,4.35,2.38
company_05349,Bhaskar Energy 381 Partnership Firm,0,0,0,0.2474,None,740,1.5339,4.53,3.38,2.21
company_05350,Aditya Retail Partnership Firm,0,0,0,0.3442,None,814,1.5375,4.89,4.26,0.36
company_05351,Radhe Healthcare 245 Partnership Firm,0,0,0,0.2583,None,730,1.3679,4.64,4.4,8.08
company_05352,Radhe Pharma 224 Partnership Firm,1,0,1,0.9631,benami_siphoning,674,1.5019,17.06,38.0,6.51
company_05353,Hindustan Logistics 747 Private Limited,0,0,0,0.2298,None,707,1.2648,3.2,4.04,3.08
company_05354,Aditya Energy 209 LLP,0,0,0,0.1721,None,832,1.6189,5.5,3.86,0.46
company_05355,Vidya Logistics 754 LLP,0,0,0,0.1355,None,801,1.6695,3.81,3.9,0.69
company_05356,Radhe Infrastructure 690 Private Limited,0,0,0,0.1806,None,760,1.5302,3.93,4.85,1.01
company_05357,Bhaskar Infrastructure 971 Partnership Firm,0,0,0,0.1882,None,812,1.2921,5.55,4.15,1.96
company_05358,Delta Pharma 507 Private Limited,1,0,1,0.7851,seasonal_manipulation,599,1.3565,19.56,7.58,6.47
company_05359,Surya Foods 418 Private Limited,0,0,0,0.0576,None,762,1.745,3.95,3.8,1.45
company_05360,Navrachana Automotive 911 Partnership Firm,0,0,0,0.1591,None,749,1.5623,2.73,6.42,3.74
company_05361,Zenith Metals 172 Partnership Firm,0,0,0,0.1123,None,715,1.044,7.13,3.33,1.95
company_05362,Aditya Builders 103 Partnership Firm,1,0,1,0.8811,benami_siphoning,667,1.6739,20.55,30.93,13.41
company_05363,Karan Automotive 702 LLP,0,0,0,0.1211,None,772,1.7946,3.49,3.53,2.11
company_05364,Hindustan Energy 730 Private Limited,0,0,0,0.1471,None,738,1.2414,3.27,5.25,2.41
company_05365,Sterling Logistics 647 LLP,0,0,0,0.0973,None,797,1.388,4.76,3.22,1.25
company_05366,Infinity Renewables 374 Partnership Firm,0,0,0,0.073,None,725,1.8165,4.73,3.54,1.02
company_05367,Delta Renewables 917 LLP,0,0,0,0.196,None,747,1.1729,5.38,6.57,1.72
company_05368,Radhe Industries 146 Private Limited,0,0,0,0.2096,None,762,1.317,4.29,4.91,1.71
company_05369,Infinity Energy 879 Partnership Firm,0,0,0,0.1105,None,674,1.2536,2.42,2.51,2.67
company_05370,Ambika Builders 347 LLP,0,0,0,0.0545,None,730,2.2448,4.62,3.29,3.55
company_05371,Tejas Logistics 516 Partnership Firm,0,0,0,0.1846,None,700,1.29,18.0,7.09,4.19
company_05372,Ambika Energy 975 Private Limited,0,0,0,0.2062,None,713,2.1601,2.49,4.09,2.26
company_05373,Aditya Infrastructure 898 Private Limited,0,0,0,0.2002,None,699,1.3287,5.87,4.28,3.04
company_05374,Surya Textiles 418 LLP,0,0,0,0.2039,None,690,1.7057,4.15,2.85,4.26
company_05375,Surya Industries 790 Partnership Firm,0,0,0,0.0539,None,635,1.1248,2.49,5.41,4.01
company_05376,Sterling Textiles 188 Partnership Firm,0,0,0,0.2057,None,793,1.7619,7.41,3.41,2.48
company_05377,Vanguard Industries 611 Partnership Firm,0,0,0,0.1469,None,706,1.6745,3.63,4.08,3.52
company_05378,Sterling Renewables 389 Private Limited,0,0,0,0.1164,None,713,0.9587,4.67,6.29,3.87
company_05379,Bhaskar Energy 837 Partnership Firm,0,0,0,0.1074,None,729,2.0805,4.69,4.03,1.86
company_05380,Infinity Enterprises 321 Private Limited,0,0,0,0.0471,None,756,1.718,6.18,3.98,2.5
company_05381,Matrix Enterprises 169 LLP,0,0,0,0.1612,None,766,1.4201,5.24,4.89,3.13
company_05382,Tejas Foods 926 LLP,0,0,0,0.3466,None,713,2.0496,2.55,5.09,2.65
company_05383,Vidya Renewables 149 LLP,1,0,1,0.9762,revenue_inflation,578,0.7936,22.71,49.97,8.81
company_05384,Bharat Enterprises 549 LLP,0,0,0,0.0639,None,761,1.6905,4.69,3.31,1.85
company_05385,Ambika Industries 902 LLP,0,0,0,0.0466,None,742,1.8957,3.96,5.42,1.63
company_05386,Surya Logistics 992 Partnership Firm,0,0,0,0.3047,None,765,1.2459,4.91,4.25,2.61
company_05387,Urja Logistics 481 Partnership Firm,0,0,0,0.3485,None,706,1.532,5.23,3.11,1.92
company_05388,Sterling Textiles 852 LLP,0,0,0,0.1372,None,765,1.5697,4.7,3.49,2.0
company_05389,Surya Pharma 399 Partnership Firm,1,0,1,0.9114,benami_siphoning,685,1.4288,28.37,34.65,6.94
company_05390,Aditya Logistics 150 Private Limited,0,0,0,0.2239,None,771,1.0831,3.11,3.76,1.98
company_05391,Apex Logistics 814 Private Limited,0,0,0,0.2493,None,734,2.1601,5.19,4.91,2.41
company_05392,Apex Enterprises 541 Private Limited,1,0,1,0.6058,evergreening,604,1.0411,25.0,6.44,14.54
company_05393,Vanguard Textiles 177 Private Limited,0,0,0,0.0374,None,755,2.8066,4.66,4.34,1.75
company_05394,Hindustan Automotive 813 Partnership Firm,0,0,0,0.2502,None,759,1.2844,3.05,5.52,1.82
company_05395,Aditya Infrastructure 751 Private Limited,1,0,1,0.9536,evergreening,606,0.8163,50.0,31.45,16.13
company_05396,Shivam Textiles 848 Private Limited,1,0,1,0.9545,circular_trading,684,1.1026,33.77,19.65,11.74
company_05397,Radhe Metals 192 Partnership Firm,1,0,1,0.745,evergreening,641,1.128,20.41,6.15,13.12
company_05398,Surya Retail 308 Partnership Firm,0,0,0,0.1047,None,746,1.2223,3.19,3.4,1.41
company_05399,Aditya Foods 513 Partnership Firm,0,0,0,0.2506,None,694,1.5407,6.55,4.03,2.25
company_05400,Radhe Metals 995 Partnership Firm,0,0,0,0.1471,None,799,2.0404,3.53,3.33,1.68
company_05401,Navrachana Healthcare 190 Partnership Firm,0,0,0,0.1905,None,745,1.9411,5.62,3.27,2.28
company_05402,Kalyani Infotech 992 Partnership Firm,0,0,0,0.3168,None,690,1.6378,4.12,3.81,2.54
company_05403,Vidya Infrastructure 487 LLP,1,0,1,0.7904,circular_trading,636,0.4143,23.33,16.49,6.23
company_05404,Shivam Enterprises 708 Private Limited,0,0,0,0.2022,None,786,2.0206,6.99,3.38,2.75
company_05405,Kalyani Retail 754 Private Limited,0,0,0,0.2671,None,722,1.3874,6.52,2.89,2.44
company_05406,Apex Foods 534 Partnership Firm,0,0,0,0.3433,None,762,2.8175,5.44,2.97,2.28
company_05407,Navrachana Metals 176 Private Limited,0,1,1,0.6892,seasonal_manipulation,789,1.2118,5.93,7.49,1.42
company_05408,Hindustan Infrastructure 391 Private Limited,0,0,0,0.3225,None,840,1.7154,5.73,5.06,1.41
company_05409,Hindustan Renewables 978 Private Limited,0,0,0,0.2977,None,726,1.48,4.32,3.19,4.66
company_05410,Apex Textiles 669 Private Limited,0,0,0,0.2576,None,774,1.9931,4.51,4.95,0.88
company_05411,Bhaskar Builders 562 Partnership Firm,0,0,0,0.328,None,726,1.7147,4.53,5.3,2.68
company_05412,Urja Pharma 618 Private Limited,0,0,0,0.2329,None,749,0.5885,4.81,3.83,2.04
company_05413,Aditya Infotech 211 Partnership Firm,0,0,0,0.3081,None,767,1.3663,2.82,2.75,1.31
company_05414,Vanguard Power 942 Private Limited,0,1,1,0.5912,revenue_inflation,718,1.5335,3.45,5.71,2.31
company_05415,Ambika Textiles 425 LLP,0,0,0,0.3439,None,696,1.2403,3.68,7.31,2.69
company_05416,Vanguard Metals 587 Private Limited,0,0,0,0.0651,None,704,2.5744,10.06,3.43,2.59
company_05417,Ganesh Foods 360 LLP,1,0,1,0.5023,benami_siphoning,695,0.8611,13.63,25.38,3.65
company_05418,Apex Solutions 893 LLP,0,0,0,0.083,None,707,1.704,2.52,3.01,1.94
company_05419,Urja Logistics 927 Partnership Firm,0,0,0,0.2512,None,688,1.3659,3.83,3.18,2.15
company_05420,Zenith Healthcare 729 Partnership Firm,0,0,0,0.1391,None,741,1.3876,5.73,6.64,4.83
company_05421,Urja Power 705 Private Limited,0,0,0,0.0429,None,662,2.3644,4.6,4.65,2.33
company_05422,Urja Logistics 258 LLP,0,0,0,0.1205,None,683,1.6167,2.63,3.98,4.25
company_05423,Radhe Metals 105 Partnership Firm,0,0,0,0.3015,None,750,1.7181,3.53,4.44,0.84
company_05424,Ganesh Solutions 833 Private Limited,1,0,1,0.8607,seasonal_manipulation,647,0.4116,31.0,21.0,7.68
company_05425,Bhaskar Pharma 168 Private Limited,0,0,0,0.2561,None,775,1.231,9.82,3.19,2.18
company_05426,Surya Energy 452 Private Limited,0,0,0,0.2906,None,793,0.8851,2.99,6.36,1.26
company_05427,Aditya Builders 806 LLP,0,0,0,0.3221,None,667,1.4315,3.25,2.64,2.84
company_05428,Bhaskar Chemicals 440 Private Limited,0,0,0,0.2326,None,766,1.4612,12.37,3.43,2.83
company_05429,Arogya Renewables 756 LLP,0,0,0,0.1675,None,718,1.2579,8.03,5.67,2.86
company_05430,Tejas Metals 895 Private Limited,0,0,0,0.0886,None,813,1.9284,3.95,4.74,0.56
company_05431,Vidya Energy 121 Private Limited,1,0,1,0.8027,shell_company,497,1.3658,45.47,25.93,5.52
company_05432,Arogya Textiles 827 Private Limited,0,0,0,0.1673,None,770,1.7885,5.0,6.19,1.33
company_05433,Apex Renewables 189 Private Limited,0,0,0,0.0698,None,772,1.7597,3.77,3.67,3.81
company_05434,Arogya Solutions 492 Partnership Firm,0,0,0,0.0807,None,683,1.4861,2.42,2.95,3.17
company_05435,Delta Power 912 LLP,0,0,0,0.2337,None,708,1.86,3.16,3.66,1.86
company_05436,Surya Logistics 630 LLP,1,0,1,0.9518,seasonal_manipulation,669,1.1153,30.08,13.69,8.27
company_05437,Sterling Enterprises 721 Private Limited,0,0,0,0.0543,None,711,1.704,3.72,3.14,4.99
company_05438,Vidya Logistics 741 Private Limited,0,0,0,0.3446,None,749,2.1165,5.03,7.95,2.73
company_05439,Aditya Energy 244 Private Limited,1,0,1,0.8744,revenue_inflation,699,1.3304,25.64,33.47,11.77
company_05440,Navrachana Retail 746 LLP,0,0,0,0.0444,None,735,1.1539,3.5,3.17,2.25
company_05441,Karan Infotech 428 Private Limited,1,0,1,0.9861,benami_siphoning,692,0.6383,21.21,33.98,17.34
company_05442,Apex Automotive 789 LLP,0,0,0,0.3255,None,730,1.4797,0.66,5.19,4.58
company_05443,Sterling Metals 538 Private Limited,0,0,0,0.2808,None,768,1.8871,3.78,2.69,4.15
company_05444,Aditya Automotive 297 LLP,0,0,0,0.317,None,775,1.1735,2.71,3.12,2.08
company_05445,Matrix Infrastructure 968 Partnership Firm,0,0,0,0.3284,None,760,1.5555,6.47,3.14,3.62
company_05446,Shivam Chemicals 176 Private Limited,0,0,0,0.1075,None,684,1.4662,9.19,2.88,3.35
company_05447,Ganesh Enterprises 538 LLP,0,0,0,0.2416,None,753,1.8004,4.27,4.25,6.05
company_05448,Tejas Metals 655 LLP,0,0,0,0.3423,None,781,2.1839,0.68,3.47,1.77
company_05449,Ganesh Automotive 101 Private Limited,0,0,0,0.3453,None,732,1.6733,6.69,3.53,1.7
company_05450,Navrachana Chemicals 581 Private Limited,0,0,0,0.0142,None,646,1.8301,1.0,3.55,2.73
company_05451,Bharat Retail 165 LLP,0,1,1,0.5308,seasonal_manipulation,787,1.8896,4.16,3.32,0.39
company_05452,Ganesh Power 530 Private Limited,0,0,0,0.1206,None,734,1.3595,8.97,11.84,2.61
company_05453,Matrix Metals 797 Private Limited,0,0,0,0.066,None,727,1.017,3.26,5.72,1.31
company_05454,Ambika Solutions Partnership Firm,0,0,0,0.1115,None,691,1.8538,3.89,3.45,3.87
company_05455,Infinity Infotech 841 LLP,0,0,0,0.2285,None,695,1.1153,8.97,4.93,2.17
company_05456,Navrachana Metals 439 Private Limited,0,0,0,0.0443,None,745,1.4124,2.91,3.91,1.6
company_05457,Arogya Healthcare 779 LLP,0,0,0,0.0708,None,716,1.7007,4.55,6.93,3.6
company_05458,Delta Builders 851 LLP,0,0,0,0.2135,None,730,0.9481,3.92,3.63,1.99
company_05459,Radhe Logistics 185 Partnership Firm,1,0,1,0.6005,evergreening,697,1.2011,10.54,11.03,13.57
company_05460,Kalyani Solutions Private Limited,0,0,0,0.0387,None,735,1.8029,4.89,3.74,1.55
company_05461,Vidya Enterprises 917 Private Limited,0,0,0,0.3382,None,840,2.0009,3.39,5.61,2.81
company_05462,Vidya Retail 714 LLP,0,0,0,0.1995,None,676,1.4129,4.48,7.96,3.56
company_05463,Surya Industries 358 Private Limited,0,0,0,0.0259,None,767,1.4131,8.48,3.15,1.45
company_05464,Urja Infotech Partnership Firm,1,0,1,0.8956,seasonal_manipulation,639,1.2984,34.54,25.91,7.37
company_05465,Arogya Chemicals 767 Partnership Firm,0,0,0,0.2089,None,763,2.0877,4.17,3.01,4.93
company_05466,Ambika Energy 976 LLP,1,0,1,0.7033,revenue_inflation,624,0.7912,19.43,28.08,5.36
company_05467,Surya Power 315 LLP,1,0,1,0.6852,shell_company,640,0.9299,38.37,26.16,6.69
company_05468,Radhe Logistics 842 Private Limited,0,0,0,0.345,None,742,1.4402,6.14,4.48,4.04
company_05469,Apex Renewables 189 LLP,0,0,0,0.1963,None,747,2.1106,5.39,3.04,1.62
company_05470,Ganesh Builders 526 Private Limited,0,0,0,0.1935,None,738,1.6442,5.71,4.74,2.49
company_05471,Navrachana Pharma 487 Private Limited,0,0,0,0.0157,None,726,1.2268,4.68,3.13,2.12
company_05472,Apex Retail 907 Private Limited,1,0,1,0.9819,evergreening,644,0.6032,50.0,28.78,20.85
company_05473,Infinity Logistics 252 LLP,0,0,0,0.1979,None,726,1.2567,5.55,6.71,3.1
company_05474,Delta Renewables 960 Private Limited,0,0,0,0.091,None,753,1.3207,5.51,3.33,1.49
company_05475,Bharat Power 145 Private Limited,1,0,1,0.8772,evergreening,646,0.8673,15.48,13.74,16.84
company_05476,Zenith Pharma 867 Private Limited,0,0,0,0.2536,None,754,1.6806,5.06,8.5,2.56
company_05477,Zenith Infotech 156 Private Limited,0,0,0,0.1782,None,742,1.2732,4.22,3.02,0.99
company_05478,Aditya Foods 122 Private Limited,1,0,1,0.9868,circular_trading,717,0.6374,37.63,36.3,14.73
company_05479,Ambika Chemicals 351 Partnership Firm,0,0,0,0.0105,None,718,1.4808,4.07,7.2,3.0
company_05480,Vidya Renewables 619 Private Limited,0,0,0,0.2322,None,739,1.6602,3.01,3.37,1.54
company_05481,Arogya Infrastructure 232 Private Limited,0,0,0,0.1425,None,786,1.3103,4.62,5.06,1.6
company_05482,Bhaskar Solutions 727 LLP,1,0,1,0.9561,benami_siphoning,683,0.8106,41.45,34.91,7.48
company_05483,Radhe Foods 154 Private Limited,0,0,0,0.2386,None,687,0.8935,4.13,8.9,3.27
company_05484,Bharat Pharma 318 LLP,1,0,1,0.8818,revenue_inflation,629,0.6528,34.08,33.29,9.52
company_05485,Bhaskar Infrastructure 926 Partnership Firm,0,0,0,0.3385,None,691,1.0768,2.05,10.58,1.81
company_05486,Kalyani Renewables 158 Private Limited,0,0,0,0.2853,None,763,2.111,4.01,2.74,1.76
company_05487,Navrachana Chemicals 969 Private Limited,0,0,0,0.2023,None,822,1.6586,3.46,4.02,3.71
company_05488,Hindustan Infotech 326 Partnership Firm,1,0,1,0.8745,evergreening,623,0.4784,18.36,13.94,15.7
company_05489,Vanguard Chemicals 252 LLP,0,0,0,0.2357,None,708,1.5948,3.44,7.63,2.63
company_05490,Delta Builders 386 Partnership Firm,0,0,0,0.2895,None,761,1.3775,3.34,2.93,1.93
company_05491,Zenith Infotech 211 Partnership Firm,1,0,1,0.9258,revenue_inflation,660,0.6743,45.17,31.24,8.63
company_05492,Hindustan Retail 277 Partnership Firm,0,0,0,0.0387,None,811,1.5967,6.75,3.03,2.14
company_05493,Arogya Industries 663 Private Limited,0,0,0,0.1563,None,786,1.3462,3.92,5.48,4.03
company_05494,Infinity Chemicals 795 Private Limited,0,0,0,0.2957,None,716,1.2777,3.23,5.49,2.94
company_05495,Zenith Solutions 424 Private Limited,0,0,0,0.2287,None,756,0.6959,4.85,3.26,2.83
company_05496,Bhaskar Enterprises 921 Private Limited,0,0,0,0.2779,None,786,1.2393,3.62,2.62,1.88
company_05497,Surya Pharma 722 LLP,0,0,0,0.1765,None,715,1.2785,10.9,3.09,2.02
company_05498,Radhe Infrastructure 431 LLP,1,0,1,0.887,evergreening,605,0.8877,26.12,14.37,13.3
company_05499,Sterling Textiles 468 Partnership Firm,0,0,0,0.1786,None,723,1.5185,9.09,5.19,1.52
company_05500,Zenith Foods 864 Private Limited,0,0,0,0.0912,None,710,1.1071,1.87,4.05,2.36
company_05501,Hindustan Automotive 342 Partnership Firm,0,0,0,0.2738,None,698,1.1985,4.75,3.27,2.63
company_05502,Apex Retail 692 Partnership Firm,0,0,0,0.0476,None,793,1.1327,4.84,4.55,1.43
company_05503,Radhe Energy 815 Partnership Firm,0,0,0,0.2262,None,678,2.0194,3.84,4.51,2.61
company_05504,Ganesh Healthcare 351 LLP,0,0,0,0.1734,None,729,1.1794,6.88,4.44,1.68
company_05505,Apex Automotive 576 LLP,0,0,0,0.2785,None,740,1.3192,6.76,3.85,1.89
company_05506,Urja Industries 366 LLP,0,0,0,0.2017,None,767,1.9879,4.61,3.57,5.15
company_05507,Delta Healthcare 324 LLP,0,0,0,0.1021,None,761,1.1165,9.29,5.04,1.14
company_05508,Arogya Enterprises 750 LLP,0,1,1,0.4898,revenue_inflation,798,1.9673,3.13,3.55,1.49
company_05509,Vidya Healthcare 725 Private Limited,0,1,1,0.4026,benami_siphoning,763,2.1806,3.75,3.34,1.25
company_05510,Surya Energy 122 Private Limited,0,0,0,0.1545,None,741,1.6094,5.72,4.65,1.63
company_05511,Delta Metals 977 Private Limited,0,0,0,0.2507,None,702,1.0246,3.24,5.3,3.16
company_05512,Bharat Automotive 633 LLP,0,0,0,0.1646,None,711,1.9265,4.59,4.73,3.21
company_05513,Zenith Renewables 443 LLP,0,0,0,0.2168,None,716,1.2001,5.17,5.42,2.49
company_05514,Ambika Builders 483 Partnership Firm,1,0,1,0.9083,benami_siphoning,652,1.0848,50.0,34.72,7.2
company_05515,Shivam Infotech 288 Private Limited,0,0,0,0.0702,None,735,1.8088,5.92,5.27,1.42
company_05516,Arogya Industries 692 LLP,0,0,0,0.2214,None,653,1.3958,5.38,4.91,5.4
company_05517,Radhe Power 192 Partnership Firm,0,0,0,0.0831,None,788,1.5574,6.04,4.45,1.31
company_05518,Bhaskar Automotive 828 Private Limited,0,0,0,0.0875,None,730,1.2965,2.09,2.89,1.84
company_05519,Delta Industries 814 Partnership Firm,1,0,1,0.9055,circular_trading,642,0.5177,36.11,14.44,11.49
company_05520,Apex Solutions 315 Private Limited,1,0,1,0.9353,benami_siphoning,681,0.9278,22.09,19.72,12.53
company_05521,Urja Automotive 550 LLP,0,0,0,0.0872,None,765,1.0723,3.34,4.65,1.37
company_05522,Vanguard Solutions 755 LLP,0,0,0,0.1401,None,740,1.3649,3.77,4.14,2.51
company_05523,Tejas Energy 811 Partnership Firm,0,0,0,0.1135,None,780,1.8232,15.4,4.66,1.54
company_05524,Shivam Logistics 963 Partnership Firm,0,0,0,0.2761,None,801,1.3026,3.77,4.44,0.86
company_05525,Karan Automotive 458 LLP,0,0,0,0.2558,None,760,1.8525,6.1,6.13,2.18
company_05526,Urja Infotech 914 LLP,0,0,0,0.2211,None,673,2.0187,3.68,5.74,2.23
company_05527,Hindustan Chemicals 905 LLP,0,0,0,0.3264,None,749,1.1528,5.33,4.6,1.87
company_05528,Tejas Automotive 350 Private Limited,1,0,1,0.9362,revenue_inflation,648,0.9499,26.25,34.19,11.27
company_05529,Surya Logistics 397 Partnership Firm,0,0,0,0.0986,None,772,1.4618,4.09,4.14,1.48
company_05530,Kalyani Healthcare 593 LLP,0,0,0,0.209,None,721,1.421,1.59,3.15,2.63
company_05531,Matrix Chemicals 926 LLP,0,0,0,0.1654,None,759,2.6037,3.27,5.52,1.47
company_05532,Arogya Power 153 Private Limited,0,0,0,0.0463,None,745,1.768,3.57,4.08,2.83
company_05533,Bhaskar Metals 644 LLP,0,0,0,0.2755,None,818,1.8748,4.45,4.93,3.02
company_05534,Arogya Automotive 868 Partnership Firm,0,0,0,0.0215,None,722,1.5188,4.56,5.99,3.68
company_05535,Ganesh Pharma 428 Partnership Firm,0,0,0,0.2017,None,708,1.7351,3.71,3.02,1.5
company_05536,Ganesh Logistics 771 Private Limited,0,0,0,0.1724,None,816,1.8152,2.66,2.9,4.88
company_05537,Arogya Automotive 418 LLP,0,0,0,0.0614,None,731,1.2204,3.77,3.53,1.52
company_05538,Delta Metals 265 Private Limited,1,0,1,0.9703,revenue_inflation,693,0.6208,22.52,32.37,9.51
company_05539,Karan Textiles 896 Partnership Firm,0,0,0,0.3262,None,742,1.901,4.22,3.58,2.01
company_05540,Delta Power 735 Partnership Firm,0,0,0,0.0856,None,772,2.1047,1.93,4.18,1.51
company_05541,Sterling Healthcare 952 Private Limited,0,0,0,0.2245,None,735,1.4142,3.37,4.65,2.54
company_05542,Vidya Solutions 452 LLP,0,0,0,0.2568,None,729,2.0626,5.36,5.52,1.72
company_05543,Tejas Foods Private Limited,0,0,0,0.1779,None,715,1.1074,3.85,5.46,2.26
company_05544,Infinity Renewables 343 Partnership Firm,0,0,0,0.1878,None,705,2.1834,5.87,4.73,2.09
company_05545,Zenith Logistics 529 LLP,0,0,0,0.2942,None,753,1.5768,4.16,3.2,3.09
company_05546,Sterling Chemicals 439 Private Limited,0,0,0,0.3118,None,725,1.0339,6.75,4.31,1.75
company_05547,Hindustan Energy 357 Private Limited,0,0,0,0.0281,None,672,1.5481,6.78,3.39,3.45
company_05548,Ganesh Chemicals 902 LLP,0,0,0,0.1987,None,773,1.3135,4.29,3.66,2.35
company_05549,Arogya Automotive 111 Private Limited,0,0,0,0.2266,None,679,0.9365,5.11,7.07,3.25
company_05550,Zenith Metals 369 LLP,0,0,0,0.2654,None,706,1.3878,9.24,5.4,2.1
company_05551,Kalyani Power 965 Private Limited,0,0,0,0.2246,None,764,1.723,5.82,3.78,2.84
company_05552,Surya Infrastructure 483 Private Limited,0,0,0,0.1165,None,702,1.3556,4.38,3.14,2.88
company_05553,Tejas Infrastructure 758 LLP,1,0,1,0.9415,seasonal_manipulation,683,0.6205,33.93,39.35,8.39
company_05554,Delta Renewables 114 LLP,0,0,0,0.1473,None,798,1.1676,2.66,3.21,2.89
company_05555,Bharat Infrastructure 135 LLP,0,0,0,0.2662,None,809,1.1175,4.92,9.64,1.47
company_05556,Tejas Automotive 175 LLP,0,0,0,0.1458,None,763,1.5872,4.84,2.89,1.24
company_05557,Hindustan Pharma 384 Partnership Firm,0,0,0,0.2483,None,718,1.4129,3.44,5.36,1.67
company_05558,Shivam Industries 697 Private Limited,0,0,0,0.2369,None,728,1.3181,5.6,2.7,3.28
company_05559,Hindustan Metals 482 Private Limited,0,0,0,0.0671,None,738,1.5441,3.78,4.33,1.83
company_05560,Vanguard Foods 690 Partnership Firm,0,0,0,0.2725,None,760,0.904,4.56,3.38,3.63
company_05561,Apex Renewables 181 LLP,0,0,0,0.3246,None,717,1.9405,3.35,4.06,3.97
company_05562,Apex Retail 183 Private Limited,0,0,0,0.0559,None,719,1.5074,4.6,5.7,6.66
company_05563,Ambika Industries 304 Partnership Firm,0,0,0,0.1562,None,751,1.677,2.93,3.81,5.27
company_05564,Surya Enterprises 165 Private Limited,1,0,1,0.8582,circular_trading,705,0.7844,24.65,18.59,6.82
company_05565,Arogya Chemicals 720 LLP,1,0,1,0.5846,evergreening,679,1.4974,8.74,7.36,9.17
company_05566,Vanguard Infotech 476 Private Limited,1,0,1,0.7999,revenue_inflation,669,0.1,25.14,23.02,7.56
company_05567,Surya Industries 803 Partnership Firm,0,0,0,0.3326,None,772,1.9814,10.61,6.56,1.33
company_05568,Bharat Industries 985 Private Limited,0,0,0,0.1167,None,798,1.2921,7.15,6.28,1.25
company_05569,Sterling Solutions 885 LLP,0,0,0,0.3298,None,738,1.9671,4.65,4.09,1.84
company_05570,Surya Infrastructure 764 LLP,0,0,0,0.0295,None,736,1.5968,3.56,3.24,2.46
company_05571,Hindustan Foods 283 LLP,0,0,0,0.3415,None,763,1.6782,4.55,3.17,1.68
company_05572,Vanguard Industries 772 Private Limited,0,0,0,0.0736,None,708,1.3953,2.99,3.21,3.63
company_05573,Infinity Automotive 887 LLP,0,0,0,0.2067,None,720,1.393,6.7,3.29,1.89
company_05574,Vidya Metals 122 Partnership Firm,1,0,1,0.8594,shell_company,453,1.2067,39.66,31.65,18.84
company_05575,Tejas Pharma 786 LLP,0,0,0,0.1382,None,738,1.2322,5.83,2.93,2.02
company_05576,Shivam Healthcare 848 Private Limited,0,0,0,0.1983,None,740,0.7676,4.2,5.31,2.01
company_05577,Navrachana Builders 980 Partnership Firm,0,0,0,0.0584,None,758,1.2987,4.69,4.45,6.64
company_05578,Kalyani Solutions 377 Private Limited,0,0,0,0.2116,None,706,1.6577,3.02,4.34,2.17
company_05579,Arogya Builders 208 LLP,0,0,0,0.2491,None,767,2.5633,5.67,10.66,1.58
company_05580,Vidya Builders 123 Partnership Firm,0,0,0,0.0628,None,736,1.3773,7.53,3.35,1.83
company_05581,Karan Energy 736 Private Limited,0,0,0,0.1053,None,705,1.6939,4.62,5.63,2.63
company_05582,Arogya Chemicals 529 LLP,0,1,1,0.5229,evergreening,720,1.6298,2.66,4.27,2.19
company_05583,Shivam Renewables 195 LLP,0,0,0,0.3453,None,810,1.5807,4.39,4.36,2.41
company_05584,Apex Pharma 666 Partnership Firm,0,0,0,0.3145,None,678,1.3342,3.31,4.12,2.45
company_05585,Delta Pharma 685 LLP,0,0,0,0.039,None,751,2.2637,9.23,2.31,1.6
company_05586,Surya Industries 742 Private Limited,0,0,0,0.142,None,713,1.2647,6.53,4.14,2.56
company_05587,Vanguard Builders 610 Partnership Firm,0,0,0,0.2646,None,713,1.9744,6.32,3.87,2.0
company_05588,Karan Foods 339 Partnership Firm,1,0,1,0.8861,revenue_inflation,699,1.0734,24.75,34.55,6.93
company_05589,Sterling Energy 460 LLP,0,0,0,0.0104,None,719,0.8793,4.74,3.99,2.78
company_05590,Surya Pharma 518 LLP,0,0,0,0.259,None,753,0.929,3.78,3.18,5.53
company_05591,Ganesh Infrastructure 312 LLP,1,0,1,0.7648,evergreening,672,1.0468,12.39,8.66,10.99
company_05592,Zenith Industries 943 Partnership Firm,0,0,0,0.1675,None,725,1.3776,11.8,9.68,1.17
company_05593,Karan Pharma 582 Partnership Firm,0,0,0,0.0342,None,738,1.2907,3.13,5.65,2.57
company_05594,Radhe Industries 218 Private Limited,0,0,0,0.141,None,821,2.0027,4.26,4.08,3.68
company_05595,Sterling Healthcare 473 Private Limited,0,0,0,0.1483,None,767,1.2242,4.5,3.4,2.08
company_05596,Karan Foods 211 Private Limited,0,0,0,0.0183,None,775,1.4928,5.15,8.39,0.97
company_05597,Kalyani Energy 712 Private Limited,0,0,0,0.3225,None,803,0.7725,4.82,3.0,0.42
company_05598,Karan Chemicals Partnership Firm,0,0,0,0.2453,None,795,2.0191,5.4,4.7,2.1
company_05599,Kalyani Enterprises 878 Partnership Firm,0,0,0,0.0519,None,737,1.7111,4.62,3.85,4.98
company_05600,Vidya Energy 398 Partnership Firm,1,0,1,0.8643,circular_trading,612,0.8484,33.53,17.4,11.28
company_05601,Infinity Solutions 809 LLP,0,0,0,0.0335,None,773,1.64,4.02,3.87,1.06
company_05602,Navrachana Logistics 961 LLP,0,0,0,0.3479,None,773,1.21,2.97,6.83,1.7
company_05603,Vidya Infotech 749 LLP,1,0,1,0.8057,shell_company,482,0.9563,29.12,28.92,8.45
company_05604,Vidya Power 770 Partnership Firm,1,0,1,0.8752,circular_trading,632,1.0277,32.95,15.24,14.55
company_05605,Urja Textiles 665 Private Limited,0,0,0,0.1093,None,826,0.9554,1.45,6.24,1.61
company_05606,Kalyani Industries 715 LLP,0,0,0,0.3254,None,702,1.9233,4.75,3.73,2.75
company_05607,Navrachana Chemicals 701 Partnership Firm,0,0,0,0.1006,None,737,0.9236,11.2,4.11,1.79
company_05608,Ambika Infotech 103 LLP,0,0,0,0.0427,None,702,0.9923,3.66,8.48,1.99
company_05609,Vidya Infrastructure 635 LLP,1,0,1,0.965,shell_company,584,0.7461,44.88,37.5,18.41
company_05610,Kalyani Retail 493 Partnership Firm,0,0,0,0.0676,None,739,1.3942,3.12,3.93,1.69
company_05611,Delta Industries 217 Partnership Firm,1,0,1,0.5431,revenue_inflation,696,1.5804,20.15,29.56,5.41
company_05612,Radhe Industries 626 Private Limited,0,0,0,0.3292,None,733,1.8549,4.65,3.4,1.03
company_05613,Delta Solutions 286 Private Limited,1,0,1,0.8969,benami_siphoning,628,0.7108,15.23,24.07,9.08
company_05614,Hindustan Pharma 888 Partnership Firm,0,0,0,0.2063,None,813,0.8459,6.98,5.91,3.98
company_05615,Kalyani Infotech 843 Partnership Firm,0,0,0,0.2006,None,751,1.6428,2.61,4.01,2.81
company_05616,Karan Energy 796 Partnership Firm,1,0,1,0.9026,revenue_inflation,648,0.526,32.41,35.76,10.44
company_05617,Surya Industries 277 Private Limited,0,0,0,0.2078,None,805,0.5276,8.21,3.15,1.64
company_05618,Radhe Infotech 109 LLP,1,0,1,0.9327,circular_trading,678,1.2517,29.84,17.53,10.42
company_05619,Arogya Solutions 742 Partnership Firm,0,0,0,0.0565,None,778,1.3249,5.01,8.79,1.32
company_05620,Radhe Infrastructure 648 LLP,0,0,0,0.254,None,732,1.5751,4.66,3.93,2.49
company_05621,Vanguard Renewables 885 Partnership Firm,0,0,0,0.2756,None,694,1.1856,5.44,3.72,5.1
company_05622,Urja Industries 531 LLP,0,1,1,0.5696,circular_trading,745,1.6589,5.61,6.23,1.72
company_05623,Ganesh Logistics 320 Private Limited,0,0,0,0.1874,None,738,1.0799,8.63,5.2,1.69
company_05624,Sterling Retail 583 LLP,1,0,1,0.9709,circular_trading,660,1.0685,41.6,19.74,11.26
company_05625,Zenith Solutions 164 Private Limited,0,0,0,0.2935,None,714,1.0796,3.96,3.65,2.59
company_05626,Hindustan Infrastructure 679 Private Limited,0,0,0,0.2931,None,745,1.4877,8.07,3.62,4.2
company_05627,Kalyani Infrastructure 932 LLP,0,0,0,0.0839,None,811,1.6956,4.77,3.45,2.23
company_05628,Ganesh Automotive 726 LLP,0,0,0,0.2085,None,760,1.3091,4.28,2.47,2.61
company_05629,Shivam Textiles 639 Private Limited,1,0,1,0.9013,revenue_inflation,618,0.1,41.45,34.38,8.12
company_05630,Ambika Infrastructure 246 Partnership Firm,1,0,1,0.9543,shell_company,626,0.6388,67.01,34.87,9.36
company_05631,Apex Metals 881 LLP,0,0,0,0.2862,None,691,0.8238,3.65,8.19,3.4
company_05632,Bharat Industries 840 Private Limited,0,0,0,0.3361,None,739,1.9417,4.62,6.08,2.53
company_05633,Sterling Industries 901 Private Limited,0,0,0,0.1252,None,723,1.7449,4.34,4.37,1.6
company_05634,Hindustan Pharma 863 Partnership Firm,0,0,0,0.3309,None,790,0.8337,7.66,7.07,4.89
company_05635,Ambika Power 850 Partnership Firm,0,0,0,0.3438,None,712,1.2854,6.53,5.11,2.04
company_05636,Ambika Solutions 761 Private Limited,0,0,0,0.297,None,777,0.941,3.51,5.49,1.3
company_05637,Bharat Healthcare 157 Private Limited,0,0,0,0.1956,None,745,1.3629,3.19,3.54,2.66
company_05638,Arogya Builders 194 Partnership Firm,0,0,0,0.0834,None,748,1.6777,3.54,4.95,2.18
company_05639,Radhe Healthcare 649 Partnership Firm,0,1,1,0.5541,revenue_inflation,679,1.1201,9.95,5.58,3.13
company_05640,Matrix Infrastructure 663 LLP,1,0,1,0.6113,shell_company,483,1.1906,37.93,31.82,6.97
company_05641,Matrix Healthcare 148 Private Limited,0,0,0,0.2238,None,760,1.8134,7.39,2.5,1.65
company_05642,Infinity Power 162 LLP,0,0,0,0.2725,None,719,2.3551,3.61,4.81,1.97
company_05643,Ganesh Foods 850 Partnership Firm,0,1,1,0.7403,revenue_inflation,770,1.2743,2.72,5.0,1.69
company_05644,Hindustan Industries 735 Partnership Firm,0,0,0,0.1885,None,719,1.6384,4.21,5.53,3.82
company_05645,Karan Energy 591 Partnership Firm,0,0,0,0.0579,None,722,2.2255,7.18,3.92,5.14
company_05646,Shivam Retail 321 Partnership Firm,0,0,0,0.0452,None,718,1.343,3.22,5.84,2.48
company_05647,Karan Builders 218 LLP,0,0,0,0.099,None,711,1.8767,4.99,7.39,2.56
company_05648,Radhe Energy 213 LLP,1,0,1,0.9619,evergreening,637,1.2881,23.91,17.04,14.22
company_05649,Apex Retail 922 Partnership Firm,0,0,0,0.0736,None,765,1.4809,3.79,4.31,1.12
company_05650,Vanguard Chemicals 743 Partnership Firm,0,0,0,0.3371,None,772,1.5969,5.7,4.18,2.03
company_05651,Zenith Retail 766 Private Limited,0,0,0,0.2328,None,728,1.3209,5.53,5.38,2.76
company_05652,Shivam Automotive 885 Private Limited,0,0,0,0.0319,None,751,1.3908,4.46,5.21,4.28
company_05653,Urja Healthcare 624 Partnership Firm,0,0,0,0.2369,None,712,1.2801,6.48,3.94,3.32
company_05654,Matrix Logistics 198 Partnership Firm,0,0,0,0.2487,None,786,1.1705,4.43,2.75,1.61
company_05655,Ganesh Infrastructure 684 LLP,0,0,0,0.2553,None,772,2.2519,4.0,3.39,1.86
company_05656,Zenith Logistics 719 LLP,0,0,0,0.3144,None,753,1.7497,2.92,3.16,2.2
company_05657,Apex Infrastructure 550 LLP,0,0,0,0.1558,None,709,1.4612,3.97,5.81,2.59
company_05658,Delta Chemicals 733 Private Limited,0,0,0,0.0602,None,772,0.9786,7.24,5.15,4.0
company_05659,Sterling Energy 872 LLP,1,0,1,0.9809,benami_siphoning,657,1.3613,21.88,38.5,6.31
company_05660,Radhe Logistics 279 LLP,0,0,0,0.0858,None,786,1.0233,3.29,6.84,1.28
company_05661,Bhaskar Builders 118 Private Limited,0,0,0,0.3272,None,733,1.6891,6.11,3.76,1.73
company_05662,Kalyani Textiles 902 Private Limited,0,0,0,0.0964,None,775,1.2671,4.02,3.81,5.13
company_05663,Urja Automotive 381 LLP,0,0,0,0.0618,None,747,1.0215,2.78,4.25,1.53
company_05664,Tejas Infrastructure 158 LLP,0,0,0,0.2323,None,685,1.7606,3.81,3.06,4.49
company_05665,Aditya Foods 120 Private Limited,0,0,0,0.0898,None,724,1.4052,1.73,3.14,1.5
company_05666,Apex Infrastructure 444 Private Limited,0,0,0,0.3291,None,758,1.3872,5.47,4.64,3.64
company_05667,Vanguard Power 195 LLP,0,0,0,0.2685,None,710,1.1758,2.5,2.6,3.06
company_05668,Aditya Infotech 496 LLP,0,0,0,0.1061,None,677,1.5603,3.4,8.89,2.72
company_05669,Surya Renewables 985 Private Limited,0,0,0,0.1778,None,739,1.3136,2.47,3.6,1.63
company_05670,Kalyani Pharma 779 LLP,0,0,0,0.1604,None,759,1.3037,6.19,4.17,2.98
company_05671,Hindustan Retail 664 Partnership Firm,0,0,0,0.343,None,692,2.0354,4.66,3.75,1.77
company_05672,Ganesh Retail 499 LLP,0,0,0,0.3493,None,785,1.6897,4.29,3.92,1.3
company_05673,Delta Industries 114 Partnership Firm,0,0,0,0.1533,None,814,0.7635,4.22,4.72,0.0
company_05674,Vidya Foods 821 LLP,0,0,0,0.1831,None,755,1.5439,6.25,6.08,1.28
company_05675,Surya Chemicals 386 Private Limited,0,0,0,0.0516,None,755,1.8281,4.26,3.6,1.31
company_05676,Karan Pharma 903 Private Limited,0,0,0,0.1497,None,775,1.1899,5.05,4.1,3.98
company_05677,Ganesh Power 599 LLP,0,0,0,0.3197,None,717,1.4881,3.02,3.58,4.78
company_05678,Shivam Metals 619 LLP,0,0,0,0.3025,None,731,0.6698,3.16,5.47,2.73
company_05679,Bhaskar Renewables 216 LLP,0,0,0,0.0402,None,724,1.2147,3.22,3.33,3.22
company_05680,Delta Enterprises 399 Private Limited,0,0,0,0.1948,None,731,0.7077,3.82,5.59,2.93
company_05681,Surya Automotive 329 Partnership Firm,1,0,1,0.9184,evergreening,681,0.8129,17.15,10.06,11.81
company_05682,Aditya Automotive 557 Partnership Firm,0,1,1,0.4992,evergreening,782,1.3242,3.22,3.11,2.43
company_05683,Ambika Infotech 538 Private Limited,0,0,0,0.3223,None,719,2.0063,2.65,2.98,2.46
company_05684,Matrix Chemicals 728 Partnership Firm,0,0,0,0.1356,None,668,1.443,5.58,4.39,5.47
company_05685,Zenith Industries 101 LLP,0,0,0,0.0514,None,760,1.2103,13.47,4.17,3.35
company_05686,Sterling Enterprises 818 Private Limited,0,0,0,0.0496,None,737,1.5567,3.03,3.9,2.85
company_05687,Tejas Pharma 348 LLP,0,0,0,0.2307,None,744,1.7086,4.76,5.16,2.49
company_05688,Shivam Infotech 286 Partnership Firm,0,0,0,0.047,None,728,1.6205,2.38,3.36,3.1
company_05689,Surya Foods 780 Private Limited,0,0,0,0.2183,None,749,1.0889,3.49,4.99,4.34
company_05690,Delta Solutions 977 LLP,0,0,0,0.1275,None,723,1.2871,4.46,3.23,1.91
company_05691,Infinity Foods 913 Partnership Firm,1,0,1,0.6755,shell_company,482,1.0332,33.97,39.53,3.9
company_05692,Apex Healthcare 513 Private Limited,0,0,0,0.2105,None,734,2.1866,2.89,5.63,2.26
company_05693,Hindustan Textiles 295 Private Limited,0,0,0,0.1818,None,764,1.6783,5.85,3.06,2.39
company_05694,Infinity Infotech 751 Private Limited,1,0,1,0.9653,revenue_inflation,675,1.2394,40.46,24.49,6.54
company_05695,Radhe Enterprises 222 Private Limited,0,1,1,0.6478,circular_trading,760,1.0089,2.86,3.69,2.06
company_05696,Arogya Enterprises 673 Partnership Firm,0,0,0,0.1217,None,735,1.1664,3.12,3.31,2.15
company_05697,Tejas Logistics 327 Private Limited,0,0,0,0.1629,None,749,1.7437,1.95,3.74,1.96
company_05698,Arogya Builders 482 LLP,0,0,0,0.0675,None,754,1.1774,5.17,4.03,1.33
company_05699,Radhe Healthcare 810 LLP,0,0,0,0.1142,None,761,1.3898,11.18,3.11,1.14
company_05700,Radhe Infrastructure 811 LLP,0,0,0,0.2648,None,681,1.9362,3.62,4.59,3.41
company_05701,Shivam Foods 102 LLP,1,0,1,0.5831,evergreening,645,0.6016,14.03,12.07,15.85
company_05702,Ganesh Pharma 469 LLP,1,0,1,0.9689,evergreening,669,0.7749,33.46,19.79,18.28
company_05703,Radhe Chemicals 386 Partnership Firm,0,0,0,0.2614,None,747,1.3809,4.7,4.24,2.41
company_05704,Urja Infrastructure 282 Private Limited,0,0,0,0.0403,None,796,0.9834,4.63,5.66,1.46
company_05705,Arogya Infrastructure 275 Partnership Firm,0,0,0,0.0676,None,699,1.115,1.89,2.44,4.52
company_05706,Karan Energy 295 Private Limited,0,0,0,0.0119,None,794,1.2979,5.12,5.64,1.05
company_05707,Delta Energy 510 Partnership Firm,0,0,0,0.3037,None,732,1.0621,7.55,4.04,2.02
company_05708,Sterling Healthcare 533 Private Limited,1,0,1,0.9173,benami_siphoning,683,0.9793,17.81,41.56,6.87
company_05709,Radhe Foods 753 Partnership Firm,1,0,1,0.7971,evergreening,697,0.8972,12.96,7.36,9.4
company_05710,Ambika Solutions 670 Private Limited,0,0,0,0.0329,None,659,1.8566,4.21,5.22,2.95
company_05711,Matrix Metals 280 LLP,0,0,0,0.1663,None,726,1.0151,3.95,5.9,3.07
company_05712,Karan Power 983 LLP,0,0,0,0.3207,None,740,1.7241,6.45,3.62,1.98
company_05713,Zenith Industries 192 Private Limited,0,0,0,0.1275,None,692,1.7444,10.5,3.11,2.57
company_05714,Zenith Solutions 886 LLP,0,0,0,0.3362,None,786,1.3632,3.25,2.59,1.56
company_05715,Hindustan Industries 139 LLP,1,0,1,0.5465,seasonal_manipulation,653,1.0115,18.02,7.13,5.07
company_05716,Radhe Retail 829 LLP,0,0,0,0.0178,None,798,1.7172,3.67,5.01,2.28
company_05717,Vanguard Metals 711 Partnership Firm,1,0,1,0.8539,benami_siphoning,586,0.8627,15.34,34.6,9.76
company_05718,Matrix Chemicals 120 Partnership Firm,0,0,0,0.2913,None,743,1.5174,3.5,4.23,1.13
company_05719,Infinity Enterprises 959 Private Limited,0,0,0,0.1768,None,755,2.3361,2.36,2.8,2.71
company_05720,Vanguard Healthcare 386 Partnership Firm,0,0,0,0.3247,None,742,1.7807,2.56,4.14,2.2
company_05721,Karan Textiles 668 Partnership Firm,0,0,0,0.2901,None,695,1.2483,1.15,2.78,2.57
company_05722,Surya Automotive 978 Private Limited,0,0,0,0.3011,None,738,1.285,3.97,6.72,1.98
company_05723,Infinity Foods 231 LLP,0,0,0,0.2109,None,731,0.8694,4.41,8.25,3.88
company_05724,Surya Energy 507 LLP,0,0,0,0.0995,None,826,2.6371,2.74,4.94,0.09
company_05725,Ambika Industries 888 Private Limited,0,0,0,0.0964,None,687,1.0705,10.02,2.95,2.91
company_05726,Hindustan Retail 495 LLP,0,0,0,0.2898,None,715,1.7982,4.59,6.73,2.68
company_05727,Aditya Solutions 898 Partnership Firm,0,0,0,0.2175,None,745,2.0343,8.04,4.16,1.1
company_05728,Zenith Infotech 648 Partnership Firm,0,0,0,0.3258,None,754,1.6773,4.36,4.03,2.73
company_05729,Bhaskar Enterprises 594 Private Limited,0,0,0,0.2471,None,703,1.5581,3.2,6.91,5.72
company_05730,Tejas Foods 981 Partnership Firm,0,0,0,0.1339,None,723,1.3879,3.73,10.85,4.66
company_05731,Sterling Logistics 866 Private Limited,0,0,0,0.3441,None,775,1.5409,2.42,3.36,1.58
company_05732,Surya Logistics 360 Private Limited,0,0,0,0.051,None,785,1.1824,2.23,9.97,5.42
company_05733,Sterling Enterprises 454 Private Limited,0,0,0,0.1954,None,748,1.6624,6.15,7.79,1.39
company_05734,Ambika Metals 683 Partnership Firm,0,0,0,0.0173,None,687,1.4055,6.04,10.91,2.54
company_05735,Surya Pharma 314 LLP,1,0,1,0.9647,shell_company,616,1.3753,55.94,31.95,10.13
company_05736,Radhe Renewables 984 Partnership Firm,0,0,0,0.2834,None,745,1.7128,2.84,6.45,2.03
company_05737,Infinity Enterprises 719 Private Limited,0,0,0,0.1663,None,753,1.0621,3.33,7.61,2.59
company_05738,Navrachana Infrastructure 793 Private Limited,1,0,1,0.7414,evergreening,697,0.6497,20.62,9.67,10.94
company_05739,Bhaskar Industries 246 Partnership Firm,0,0,0,0.1995,None,765,1.0514,4.85,4.51,2.36
company_05740,Sterling Builders 205 Partnership Firm,0,0,0,0.1551,None,723,1.3284,2.7,4.34,1.82
company_05741,Karan Builders 426 Private Limited,0,0,0,0.3338,None,726,1.7027,4.81,6.34,1.81
company_05742,Navrachana Enterprises 495 Private Limited,0,0,0,0.0253,None,720,1.8368,4.36,3.52,1.76
company_05743,Sterling Pharma 122 Private Limited,0,0,0,0.0384,None,736,1.5578,3.84,3.73,2.64
company_05744,Radhe Energy 946 LLP,0,0,0,0.1108,None,794,1.5969,4.72,3.46,2.46
company_05745,Karan Industries 681 LLP,1,0,1,0.9361,revenue_inflation,717,1.0698,46.63,34.7,9.15
company_05746,Ganesh Infotech 610 LLP,0,0,0,0.1506,None,764,1.121,4.06,3.49,1.96
company_05747,Bharat Renewables 575 Private Limited,0,0,0,0.1978,None,777,0.8149,2.84,5.24,2.42
company_05748,Ambika Energy 900 Partnership Firm,0,0,0,0.2054,None,751,1.0639,6.02,2.84,1.67
company_05749,Kalyani Infotech 997 LLP,0,0,0,0.1063,None,799,0.9215,3.83,2.93,0.87
company_05750,Navrachana Builders 774 Private Limited,0,0,0,0.0415,None,761,1.872,3.18,7.25,2.37
company_05751,Matrix Logistics 602 Partnership Firm,0,0,0,0.3045,None,730,1.6284,5.69,6.91,1.66
company_05752,Tejas Healthcare 390 Private Limited,0,0,0,0.1214,None,684,1.1667,2.73,2.7,2.0
company_05753,Hindustan Industries 126 Private Limited,0,0,0,0.1999,None,820,1.2727,2.93,2.93,1.62
company_05754,Zenith Solutions 593 Private Limited,0,0,0,0.0774,None,781,1.2348,3.75,3.4,1.6
company_05755,Hindustan Foods 748 LLP,0,0,0,0.1496,None,802,1.3669,4.6,4.83,2.42
company_05756,Ambika Industries 657 Private Limited,0,0,0,0.1054,None,652,1.5099,5.76,2.97,3.85
company_05757,Sterling Pharma 956 Private Limited,1,0,1,0.5177,circular_trading,727,1.2249,25.02,23.59,6.94
company_05758,Navrachana Logistics 428 Partnership Firm,0,0,0,0.1643,None,758,1.5515,4.08,3.82,1.75
company_05759,Tejas Pharma 467 Partnership Firm,0,0,0,0.0817,None,748,1.1445,3.47,3.11,1.42
company_05760,Hindustan Healthcare 554 LLP,0,0,0,0.0927,None,763,2.2891,4.86,3.54,1.93
company_05761,Surya Energy 364 LLP,1,0,1,0.9738,benami_siphoning,698,1.1132,19.34,47.4,5.51
company_05762,Bhaskar Energy 372 LLP,0,0,0,0.0335,None,732,1.2931,4.05,3.91,2.18
company_05763,Apex Chemicals 924 Partnership Firm,0,0,0,0.2194,None,788,2.1961,9.01,2.99,1.83
company_05764,Arogya Textiles 849 LLP,0,0,0,0.3008,None,822,1.8068,2.84,9.54,2.56
company_05765,Sterling Textiles 845 Partnership Firm,0,0,0,0.1433,None,755,1.3082,3.53,6.96,2.92
company_05766,Surya Industries 314 LLP,0,0,0,0.0687,None,637,2.6577,4.92,5.21,3.48
company_05767,Bharat Pharma 435 Private Limited,0,0,0,0.1557,None,728,1.498,3.76,5.97,1.03
company_05768,Infinity Power 902 Partnership Firm,0,0,0,0.1881,None,673,1.1726,2.83,3.4,3.01
company_05769,Zenith Infrastructure 732 LLP,0,0,0,0.3235,None,744,1.0596,7.31,7.65,2.01
company_05770,Apex Industries 798 Partnership Firm,0,0,0,0.1938,None,768,1.7466,5.82,3.09,2.52
company_05771,Urja Metals 742 Partnership Firm,0,0,0,0.2654,None,774,1.2779,6.18,4.66,2.42
company_05772,Ganesh Textiles 741 LLP,0,0,0,0.2589,None,730,1.337,4.03,4.26,2.97
company_05773,Infinity Industries 848 LLP,0,0,0,0.077,None,726,1.1945,5.14,3.89,2.6
company_05774,Hindustan Renewables 711 Private Limited,0,0,0,0.2535,None,703,1.6012,1.13,2.81,2.07
company_05775,Sterling Chemicals 390 Partnership Firm,0,0,0,0.0206,None,721,1.7698,4.18,4.04,3.25
company_05776,Sterling Energy 387 Partnership Firm,1,0,1,0.9124,revenue_inflation,684,0.9819,47.24,32.67,7.11
company_05777,Sterling Infrastructure Partnership Firm,0,0,0,0.104,None,724,1.6473,3.52,5.19,2.57
company_05778,Vanguard Foods 364 Private Limited,0,0,0,0.2371,None,761,1.5132,7.9,7.84,1.26
company_05779,Radhe Foods 304 Partnership Firm,1,0,1,0.8799,shell_company,477,1.0585,38.39,40.12,9.37
company_05780,Radhe Pharma 432 LLP,0,0,0,0.1717,None,800,1.1924,7.01,3.4,0.98
company_05781,Matrix Pharma 659 Private Limited,0,0,0,0.2064,None,729,1.2796,4.63,5.23,1.1
company_05782,Bharat Solutions 370 LLP,0,0,0,0.1442,None,775,1.1236,4.15,3.64,2.21
company_05783,Arogya Solutions 409 Partnership Firm,0,0,0,0.167,None,775,1.8242,2.93,4.02,0.9
company_05784,Kalyani Retail 627 Private Limited,0,0,0,0.0792,None,731,1.346,4.78,6.26,2.41
company_05785,Aditya Solutions 574 Private Limited,0,0,0,0.2175,None,744,1.4131,3.32,3.32,0.99
company_05786,Ambika Metals 591 Private Limited,0,0,0,0.0913,None,715,1.4269,5.71,8.1,3.21
company_05787,Zenith Automotive 405 Private Limited,0,0,0,0.0351,None,760,2.0862,3.41,6.24,3.82
company_05788,Radhe Industries 953 Private Limited,0,0,0,0.0917,None,741,1.6445,9.06,5.28,2.2
company_05789,Urja Automotive 745 LLP,0,0,0,0.241,None,787,1.4532,7.87,3.27,0.32
company_05790,Ganesh Infrastructure 381 Private Limited,1,0,1,0.9849,evergreening,676,0.9315,36.11,12.58,15.0
company_05791,Vidya Infotech 518 Private Limited,0,0,0,0.0715,None,729,1.1698,7.43,5.5,2.46
company_05792,Vanguard Enterprises 459 Partnership Firm,0,0,0,0.2617,None,776,0.8636,4.26,6.33,0.93
company_05793,Matrix Energy 397 Partnership Firm,0,0,0,0.3385,None,753,1.8132,3.88,3.47,1.72
company_05794,Infinity Retail 806 LLP,0,0,0,0.329,None,719,1.4815,2.88,3.19,4.57
company_05795,Vidya Textiles 963 LLP,0,0,0,0.3121,None,673,1.7212,5.7,3.8,2.54
company_05796,Karan Logistics 227 LLP,0,0,0,0.3143,None,763,1.3897,6.88,3.88,1.54
company_05797,Bhaskar Retail Partnership Firm,0,0,0,0.03,None,831,1.0538,3.43,6.17,2.17
company_05798,Shivam Energy 238 Private Limited,0,0,0,0.1385,None,791,1.3617,1.86,2.73,3.16
company_05799,Ambika Logistics 177 Private Limited,0,0,0,0.0615,None,798,0.9421,3.39,6.13,1.68
company_05800,Kalyani Solutions 747 Partnership Firm,1,0,1,0.8968,circular_trading,683,0.2,28.37,15.71,10.26
company_05801,Karan Logistics 526 LLP,0,0,0,0.1221,None,738,0.9646,4.13,6.52,1.53
company_05802,Ambika Builders 182 LLP,0,0,0,0.2635,None,725,1.4028,3.86,3.38,1.5
company_05803,Vidya Automotive 673 Partnership Firm,0,0,0,0.1005,None,727,1.4888,2.88,5.01,1.75
company_05804,Zenith Metals 967 Private Limited,0,0,0,0.342,None,718,0.8993,3.97,3.22,1.47
company_05805,Surya Logistics 421 Partnership Firm,0,0,0,0.0848,None,707,1.5071,5.51,3.88,5.18
company_05806,Bharat Automotive 825 Private Limited,0,0,0,0.2003,None,711,1.3193,2.81,2.93,3.12
company_05807,Zenith Infotech 599 Private Limited,0,0,0,0.237,None,737,1.8187,2.51,3.35,2.9
company_05808,Navrachana Foods 166 Private Limited,0,0,0,0.0692,None,822,0.8623,3.0,4.67,0.56
company_05809,Ambika Pharma 787 Partnership Firm,0,0,0,0.1242,None,818,1.9975,4.26,3.71,3.0
company_05810,Arogya Power 337 LLP,0,0,0,0.3175,None,741,1.1166,6.51,3.87,1.35
company_05811,Shivam Automotive 933 Private Limited,0,0,0,0.3492,None,717,2.2321,5.75,4.66,2.9
company_05812,Ambika Foods 154 Private Limited,0,0,0,0.164,None,753,1.258,5.5,3.71,3.82
company_05813,Surya Builders 748 LLP,0,0,0,0.1874,None,745,1.1252,2.73,4.92,2.36
company_05814,Tejas Metals 898 LLP,0,0,0,0.0434,None,767,2.1311,3.48,4.35,2.27
company_05815,Vanguard Retail 463 LLP,0,0,0,0.0404,None,723,1.6367,5.02,4.58,2.53
company_05816,Bhaskar Builders 192 Private Limited,0,0,0,0.2791,None,754,1.8084,3.73,3.87,2.31
company_05817,Surya Metals 105 Partnership Firm,0,0,0,0.0542,None,779,1.3725,5.49,4.34,6.1
company_05818,Delta Textiles 321 LLP,0,0,0,0.077,None,766,1.1425,6.14,2.76,2.59
company_05819,Surya Chemicals 254 LLP,0,0,0,0.23,None,704,1.9079,4.51,3.12,4.19
company_05820,Surya Pharma 671 Private Limited,0,0,0,0.2337,None,725,0.6996,4.75,2.87,2.04
company_05821,Ganesh Automotive 302 Partnership Firm,0,0,0,0.0398,None,737,1.1794,3.21,7.62,2.07
company_05822,Vidya Metals 977 LLP,0,0,0,0.0996,None,766,1.8784,4.31,6.66,1.15
company_05823,Matrix Infrastructure 112 Private Limited,0,0,0,0.1956,None,749,1.1216,4.67,4.04,2.11
company_05824,Hindustan Automotive 569 Partnership Firm,0,0,0,0.1796,None,743,1.3366,5.94,4.99,3.74
company_05825,Radhe Builders 642 Private Limited,1,0,1,0.9773,benami_siphoning,695,1.2503,18.67,29.04,7.21
company_05826,Arogya Logistics 809 Partnership Firm,1,0,1,0.9891,revenue_inflation,595,1.6618,28.85,33.12,11.59
company_05827,Apex Pharma 439 Private Limited,0,0,0,0.3005,None,750,1.8253,5.13,3.82,2.07
company_05828,Infinity Solutions 286 Partnership Firm,0,0,0,0.152,None,827,0.6393,3.74,5.77,1.59
company_05829,Kalyani Logistics 444 Partnership Firm,0,1,1,0.4143,revenue_inflation,772,1.8284,7.67,6.37,1.85
company_05830,Bhaskar Healthcare 752 Private Limited,0,0,0,0.0295,None,702,1.8723,3.77,3.59,2.87
company_05831,Ambika Power 927 LLP,0,0,0,0.1195,None,751,1.8793,7.51,7.5,1.52
company_05832,Matrix Chemicals 911 Partnership Firm,0,0,0,0.1671,None,747,1.2874,4.76,3.69,1.48
company_05833,Radhe Logistics 107 Private Limited,0,0,0,0.0547,None,738,2.0895,3.29,3.12,2.18
company_05834,Infinity Builders 313 Private Limited,0,0,0,0.2541,None,740,1.3966,4.9,3.62,2.63
company_05835,Zenith Energy 920 Private Limited,0,1,1,0.4592,circular_trading,721,1.096,2.95,3.91,2.27
company_05836,Urja Logistics 409 Private Limited,0,1,1,0.6779,revenue_inflation,765,0.6779,2.69,4.02,1.13
company_05837,Bhaskar Logistics 884 Private Limited,0,0,0,0.2814,None,767,1.7109,4.2,9.13,2.03
company_05838,Karan Enterprises 854 Private Limited,0,1,1,0.6022,benami_siphoning,759,1.7765,3.72,3.47,1.5
company_05839,Zenith Infotech 479 Private Limited,1,0,1,0.8991,shell_company,451,2.0374,60.29,30.07,7.41
company_05840,Radhe Pharma 206 Private Limited,0,0,0,0.3176,None,776,1.6594,5.7,5.26,1.08
company_05841,Vanguard Renewables 490 Partnership Firm,0,0,0,0.1163,None,757,1.4495,4.3,4.58,0.7
company_05842,Zenith Energy 585 LLP,0,0,0,0.0156,None,775,1.6403,5.52,3.6,1.96
company_05843,Navrachana Retail 262 LLP,0,0,0,0.3141,None,737,1.2767,5.62,3.14,2.41
company_05844,Bharat Infrastructure 184 LLP,0,0,0,0.1351,None,807,1.8214,3.83,3.56,0.63
company_05845,Surya Energy 794 LLP,0,0,0,0.1481,None,712,1.4929,7.82,6.75,2.4
company_05846,Apex Chemicals 833 Private Limited,0,0,0,0.2785,None,736,1.1835,9.95,9.43,2.2
company_05847,Hindustan Metals 900 Partnership Firm,0,0,0,0.2364,None,778,1.8346,2.74,3.68,1.72
company_05848,Infinity Metals 617 Private Limited,0,0,0,0.1478,None,770,1.3446,13.74,5.16,0.76
company_05849,Urja Energy 162 Private Limited,0,0,0,0.2775,None,793,2.4275,5.82,6.44,3.21
company_05850,Infinity Energy 974 Private Limited,0,1,1,0.7407,revenue_inflation,856,1.5069,5.97,3.83,0.11
company_05851,Apex Healthcare 368 LLP,0,0,0,0.224,None,742,1.5301,3.56,3.8,1.55
company_05852,Hindustan Metals 479 Partnership Firm,0,0,0,0.2847,None,731,1.366,4.66,4.03,3.19
company_05853,Aditya Energy 427 Private Limited,0,0,0,0.1068,None,829,1.5858,7.58,3.3,0.24
company_05854,Matrix Retail 727 LLP,0,0,0,0.2777,None,754,1.0039,3.79,4.91,3.98
company_05855,Matrix Pharma 779 Partnership Firm,0,0,0,0.3269,None,755,1.3408,15.45,2.53,1.35
company_05856,Ambika Builders 275 Partnership Firm,0,0,0,0.3187,None,770,0.8782,3.55,3.6,1.71
company_05857,Ganesh Foods 195 LLP,1,0,1,0.9306,evergreening,641,0.9409,18.68,18.98,16.51
company_05858,Ganesh Builders 539 Partnership Firm,0,0,0,0.2205,None,788,1.1778,2.04,2.78,1.68
company_05859,Bhaskar Metals 639 LLP,1,0,1,0.6602,revenue_inflation,662,0.9966,22.5,30.21,5.08
company_05860,Matrix Builders 686 Private Limited,0,0,0,0.0889,None,768,1.618,3.09,3.51,3.37
company_05861,Navrachana Logistics 274 Partnership Firm,0,0,0,0.1456,None,764,1.7075,3.54,4.37,1.51
company_05862,Aditya Automotive 960 LLP,0,0,0,0.2473,None,758,2.3442,4.95,8.3,1.31
company_05863,Aditya Enterprises 184 Partnership Firm,0,0,0,0.2143,None,780,1.952,3.82,2.48,1.28
company_05864,Vidya Logistics 576 Partnership Firm,0,0,0,0.3204,None,762,2.0255,5.38,6.96,2.33
company_05865,Shivam Foods 753 Private Limited,0,0,0,0.1955,None,749,1.24,4.68,2.85,3.62
company_05866,Kalyani Pharma 320 Private Limited,0,1,1,0.5713,revenue_inflation,712,1.5225,7.03,5.34,1.74
company_05867,Vidya Metals 426 Partnership Firm,0,0,0,0.2506,None,701,0.9718,4.93,3.06,3.58
company_05868,Arogya Industries 100 Private Limited,0,0,0,0.1231,None,774,1.4497,1.74,2.45,1.63
company_05869,Karan Chemicals 123 LLP,1,0,1,0.7952,benami_siphoning,692,0.9985,23.85,28.18,6.55
company_05870,Infinity Foods 158 Private Limited,0,0,0,0.0806,None,769,0.8478,5.75,4.82,2.56
company_05871,Tejas Pharma 608 Partnership Firm,0,0,0,0.1258,None,719,1.874,2.5,3.16,2.4
company_05872,Vanguard Builders 459 Private Limited,0,0,0,0.1823,None,705,1.2149,4.41,5.07,2.16
company_05873,Shivam Chemicals 879 Private Limited,1,0,1,0.8969,benami_siphoning,654,0.7712,19.26,20.94,9.02
company_05874,Bharat Foods 941 LLP,0,0,0,0.104,None,733,1.9555,6.51,3.69,1.8
company_05875,Aditya Renewables 752 Private Limited,0,0,0,0.3344,None,777,1.5959,1.25,4.38,1.18
company_05876,Shivam Power 409 Partnership Firm,0,0,0,0.052,None,752,1.3232,4.71,3.4,2.09
company_05877,Shivam Pharma 895 Private Limited,1,0,1,0.9296,benami_siphoning,735,0.4105,30.19,48.25,11.06
company_05878,Ganesh Renewables 655 Partnership Firm,0,0,0,0.318,None,794,2.3132,3.19,2.99,2.61
company_05879,Bhaskar Infrastructure 390 Private Limited,0,0,0,0.0978,None,835,1.6328,5.92,4.19,1.49
company_05880,Matrix Foods 473 Partnership Firm,0,0,0,0.3383,None,826,1.3093,2.03,2.78,0.83
company_05881,Bharat Textiles 144 Partnership Firm,0,0,0,0.1524,None,790,1.4998,4.41,3.24,2.02
company_05882,Delta Automotive 903 Partnership Firm,0,0,0,0.0622,None,708,1.5434,3.19,2.87,1.61
company_05883,Bhaskar Textiles 827 Partnership Firm,1,0,1,0.9077,revenue_inflation,663,0.6625,34.26,25.5,7.52
company_05884,Surya Healthcare 851 Private Limited,0,0,0,0.0911,None,794,1.0218,2.89,3.61,1.77
company_05885,Infinity Chemicals 721 LLP,0,0,0,0.025,None,745,2.0874,3.32,3.71,1.83
company_05886,Apex Energy 130 Partnership Firm,0,0,0,0.1717,None,807,1.702,1.6,3.73,0.29
company_05887,Vidya Energy 777 Private Limited,0,0,0,0.3118,None,678,0.8369,2.49,4.04,2.15
company_05888,Ambika Industries 816 Private Limited,0,0,0,0.2442,None,786,1.2331,7.62,4.37,1.13
company_05889,Urja Industries 503 LLP,0,1,1,0.6258,circular_trading,742,1.335,3.37,3.25,2.08
company_05890,Vidya Renewables 709 Partnership Firm,0,0,0,0.0658,None,752,1.5351,4.37,3.81,1.19
company_05891,Tejas Industries 436 Private Limited,0,0,0,0.3257,None,756,1.525,10.72,2.78,2.08
company_05892,Ambika Pharma 433 LLP,0,0,0,0.0256,None,747,1.2576,8.19,5.17,1.98
company_05893,Vanguard Builders 426 Private Limited,0,0,0,0.1,None,764,1.87,4.32,4.2,2.81
company_05894,Hindustan Infrastructure 279 Partnership Firm,0,0,0,0.2739,None,690,2.7148,6.28,3.3,2.66
company_05895,Zenith Healthcare 435 Private Limited,0,0,0,0.2941,None,716,0.8801,3.18,5.74,3.15
company_05896,Urja Retail 843 Private Limited,0,0,0,0.1774,None,785,1.5821,3.32,2.89,2.18
company_05897,Radhe Logistics 452 LLP,0,0,0,0.0944,None,802,1.6939,3.47,3.15,1.78
company_05898,Navrachana Metals 409 Private Limited,0,0,0,0.1231,None,730,1.2706,4.31,3.37,3.12
company_05899,Hindustan Healthcare 871 Private Limited,0,1,1,0.5631,shell_company,740,1.092,11.19,5.1,2.56
company_05900,Aditya Power 866 Private Limited,0,0,0,0.2297,None,809,0.7923,9.06,3.07,0.29
company_05901,Urja Industries 501 Private Limited,0,0,0,0.2076,None,773,1.6053,4.42,3.83,2.56
company_05902,Infinity Solutions 447 LLP,0,0,0,0.1737,None,731,1.8091,6.74,3.72,2.01
company_05903,Radhe Automotive 841 LLP,0,0,0,0.2044,None,799,2.2205,6.56,5.55,2.25
company_05904,Urja Retail 182 Private Limited,0,0,0,0.0494,None,785,1.3381,2.91,5.94,2.78
company_05905,Radhe Logistics 371 Partnership Firm,0,0,0,0.1571,None,681,1.4381,3.81,7.82,3.75
company_05906,Radhe Textiles 223 Private Limited,1,0,1,0.8783,revenue_inflation,669,0.9621,39.12,26.7,8.29
company_05907,Arogya Builders 879 LLP,0,0,0,0.3003,None,790,1.611,3.4,6.97,2.93
company_05908,Ambika Renewables 529 Private Limited,1,0,1,0.9268,benami_siphoning,709,1.5846,27.97,28.38,10.75
company_05909,Vidya Metals 516 Private Limited,0,0,0,0.1042,None,732,2.4562,2.24,7.38,4.62
company_05910,Urja Enterprises 270 Partnership Firm,0,0,0,0.2962,None,755,1.3397,2.75,4.88,2.45
company_05911,Navrachana Builders 179 Private Limited,0,0,0,0.2583,None,741,1.2537,3.34,3.73,2.08
company_05912,Hindustan Healthcare 294 Private Limited,0,0,0,0.1281,None,767,0.9788,4.57,3.95,1.87
company_05913,Delta Renewables 840 LLP,0,0,0,0.3045,None,766,2.2524,6.0,3.33,4.47
company_05914,Infinity Retail 428 LLP,0,0,0,0.0801,None,735,1.2003,3.75,5.96,4.39
company_05915,Delta Energy 268 Private Limited,0,0,0,0.0367,None,808,1.4586,2.41,5.66,0.83
company_05916,Bhaskar Chemicals 976 Private Limited,0,0,0,0.0509,None,745,1.0648,3.83,3.66,4.65
company_05917,Tejas Infotech 270 Partnership Firm,0,0,0,0.2026,None,741,1.2914,4.86,3.78,2.83
company_05918,Urja Enterprises 751 Private Limited,0,0,0,0.2418,None,703,1.3221,3.52,6.92,3.95
company_05919,Aditya Renewables 479 LLP,1,0,1,0.9792,circular_trading,610,0.2662,30.14,27.29,8.52
company_05920,Kalyani Automotive 129 Partnership Firm,0,0,0,0.2259,None,693,1.0732,8.39,4.92,3.23
company_05921,Urja Logistics 719 Private Limited,0,0,0,0.176,None,718,1.4367,4.72,2.99,1.84
company_05922,Surya Foods 226 Partnership Firm,0,0,0,0.3067,None,784,2.0148,2.48,3.16,2.42
company_05923,Vanguard Automotive 656 Partnership Firm,0,0,0,0.1048,None,693,1.0369,4.5,4.1,2.54
company_05924,Shivam Textiles 272 Private Limited,0,0,0,0.2519,None,800,1.0813,5.6,2.46,2.17
company_05925,Tejas Metals 601 LLP,0,0,0,0.2042,None,783,2.1248,5.64,4.13,2.46
company_05926,Navrachana Pharma 219 LLP,0,0,0,0.0274,None,789,1.7465,3.12,2.74,3.46
company_05927,Zenith Industries 897 LLP,0,0,0,0.1259,None,756,1.5655,2.74,3.3,2.44
company_05928,Sterling Builders 410 Private Limited,1,0,1,0.982,circular_trading,623,0.8152,34.34,32.85,10.78
company_05929,Arogya Builders 349 Private Limited,1,0,1,0.9351,seasonal_manipulation,706,0.8404,21.91,15.9,13.35
company_05930,Matrix Enterprises 459 Partnership Firm,1,0,1,0.9789,benami_siphoning,652,1.4802,22.59,26.35,9.74
company_05931,Sterling Logistics 454 Private Limited,0,0,0,0.0365,None,717,1.2456,8.91,3.16,1.98
company_05932,Shivam Foods 118 Partnership Firm,0,0,0,0.2255,None,796,1.3358,2.08,3.89,1.46
company_05933,Radhe Pharma 843 LLP,1,0,1,0.8574,circular_trading,591,0.6037,41.97,22.75,11.8
company_05934,Vidya Chemicals 125 LLP,0,0,0,0.0962,None,768,1.1088,2.67,3.79,2.99
company_05935,Arogya Infotech 609 Partnership Firm,0,0,0,0.2168,None,728,1.4602,5.27,3.87,2.18
company_05936,Apex Automotive 262 Private Limited,0,0,0,0.0896,None,793,1.4005,4.95,5.57,1.12
company_05937,Arogya Infrastructure 152 LLP,0,0,0,0.0189,None,826,1.2699,4.33,3.5,2.1
company_05938,Kalyani Power 615 Private Limited,0,0,0,0.2053,None,704,1.4198,5.08,4.3,2.59
company_05939,Radhe Infotech 743 Private Limited,0,0,0,0.162,None,757,1.2395,4.94,4.05,1.28
company_05940,Karan Solutions 712 LLP,0,0,0,0.1275,None,755,1.6569,2.14,2.76,2.65
company_05941,Navrachana Retail 429 Private Limited,0,0,0,0.0606,None,687,1.5849,4.09,3.63,3.24
company_05942,Zenith Chemicals 575 LLP,0,0,0,0.1948,None,757,1.0877,1.66,2.75,1.31
company_05943,Bharat Enterprises 939 Partnership Firm,0,0,0,0.033,None,736,0.7978,3.1,3.46,3.38
company_05944,Kalyani Pharma 182 LLP,0,0,0,0.3009,None,769,1.9746,4.12,3.81,1.86
company_05945,Vidya Solutions 226 Partnership Firm,0,0,0,0.2955,None,774,1.3519,5.5,2.94,3.14
company_05946,Kalyani Foods 550 LLP,0,0,0,0.0873,None,721,1.7329,4.06,4.62,2.41
company_05947,Tejas Logistics 870 Private Limited,0,0,0,0.0404,None,773,1.3128,4.52,3.68,1.32
company_05948,Ganesh Power 526 LLP,1,0,1,0.8504,revenue_inflation,671,0.2973,28.0,29.81,10.17
company_05949,Kalyani Renewables 314 Partnership Firm,0,0,0,0.1117,None,751,2.1079,4.26,2.96,2.12
company_05950,Ganesh Foods 992 LLP,0,0,0,0.3378,None,802,1.4815,4.9,3.57,0.66
company_05951,Apex Industries 393 Partnership Firm,0,0,0,0.1001,None,790,1.4781,4.62,3.44,1.61
company_05952,Infinity Retail 997 LLP,0,0,0,0.2593,None,726,1.5955,4.54,3.53,8.84
company_05953,Ganesh Builders 308 Partnership Firm,0,0,0,0.3079,None,760,1.8161,2.97,4.04,1.2
company_05954,Tejas Logistics 337 Private Limited,0,0,0,0.2228,None,768,0.9451,3.76,4.46,2.32
company_05955,Kalyani Logistics 870 LLP,0,0,0,0.0893,None,727,1.3926,4.93,7.19,1.56
company_05956,Arogya Metals 304 LLP,1,0,1,0.873,revenue_inflation,660,0.9023,26.45,46.84,6.54
company_05957,Karan Industries Partnership Firm,0,0,0,0.3278,None,832,1.415,3.95,2.56,2.14
company_05958,Sterling Solutions 921 LLP,0,0,0,0.0798,None,760,1.4565,4.1,3.42,2.02
company_05959,Tejas Industries 390 Partnership Firm,0,0,0,0.2395,None,752,1.9826,2.78,4.39,3.05
company_05960,Surya Enterprises 665 LLP,0,0,0,0.125,None,792,2.1745,4.28,4.7,3.33
company_05961,Matrix Infotech 571 Private Limited,0,0,0,0.2971,None,798,0.9398,4.34,3.11,1.19
company_05962,Apex Healthcare 387 Partnership Firm,0,0,0,0.0719,None,754,1.6841,2.93,5.23,2.7
company_05963,Hindustan Healthcare 980 Private Limited,0,0,0,0.1151,None,809,1.8135,3.09,4.33,0.61
company_05964,Surya Solutions 421 Partnership Firm,0,0,0,0.2813,None,721,1.4661,3.26,5.4,2.39
company_05965,Infinity Logistics 339 LLP,0,0,0,0.0954,None,735,1.4541,7.57,4.9,1.88
company_05966,Aditya Infotech 650 LLP,0,0,0,0.2747,None,750,2.0647,4.6,2.75,3.65
company_05967,Surya Energy 741 Partnership Firm,1,0,1,0.9839,evergreening,683,0.7452,32.6,12.78,19.0
company_05968,Shivam Industries 898 Private Limited,0,0,0,0.1082,None,782,1.9814,3.94,10.25,1.99
company_05969,Infinity Pharma 158 Private Limited,0,0,0,0.1449,None,707,0.9354,3.33,2.52,2.57
company_05970,Zenith Healthcare 524 Partnership Firm,0,0,0,0.083,None,700,1.2277,4.1,2.8,1.77
company_05971,Zenith Solutions 655 Partnership Firm,0,0,0,0.0544,None,733,1.3689,3.93,3.59,1.83
company_05972,Tejas Retail 556 Private Limited,0,0,0,0.0697,None,803,1.2645,5.23,3.36,2.02
company_05973,Matrix Foods 723 LLP,0,0,0,0.0279,None,753,1.1445,2.69,4.25,1.6
company_05974,Vanguard Pharma 162 LLP,0,0,0,0.0529,None,731,1.0555,4.78,11.2,2.4
company_05975,Bhaskar Energy 171 Partnership Firm,0,0,0,0.2933,None,684,1.2701,5.97,6.55,2.24
company_05976,Hindustan Power 224 LLP,0,0,0,0.275,None,763,1.5438,3.31,3.02,2.62
company_05977,Arogya Logistics 455 Partnership Firm,0,0,0,0.3488,None,824,2.3429,2.88,3.22,1.84
company_05978,Arogya Pharma 381 Partnership Firm,0,0,0,0.1429,None,761,1.2084,4.46,4.92,3.09
company_05979,Arogya Solutions 898 LLP,0,0,0,0.2241,None,731,1.3899,4.09,3.73,2.19
company_05980,Hindustan Foods 708 Private Limited,0,0,0,0.276,None,737,1.5251,5.06,6.03,3.43
company_05981,Urja Solutions 865 LLP,0,0,0,0.0685,None,663,1.4573,6.97,6.62,1.58
company_05982,Vidya Retail 413 LLP,0,0,0,0.0643,None,737,1.1317,3.68,4.28,2.01
company_05983,Navrachana Industries 972 Partnership Firm,0,0,0,0.2732,None,730,1.8011,4.11,3.11,1.84
company_05984,Zenith Textiles 800 Partnership Firm,1,0,1,0.9555,evergreening,689,1.2007,25.52,16.79,13.44
company_05985,Urja Foods 713 Partnership Firm,0,0,0,0.3076,None,719,1.7525,3.8,4.46,2.74
company_05986,Shivam Healthcare 386 Private Limited,0,0,0,0.2866,None,790,1.2692,9.2,4.51,1.48
company_05987,Bharat Foods 934 Partnership Firm,0,0,0,0.0354,None,797,1.2122,4.67,7.01,1.8
company_05988,Radhe Energy 973 LLP,0,0,0,0.1734,None,792,1.4162,2.31,5.55,1.75
company_05989,Tejas Infrastructure 446 LLP,1,0,1,0.9097,seasonal_manipulation,620,1.1423,25.4,10.0,20.0
company_05990,Infinity Energy 365 Private Limited,0,0,0,0.0346,None,817,1.3835,4.01,5.62,1.91
company_05991,Surya Textiles 454 Private Limited,0,0,0,0.2638,None,710,1.2547,7.24,4.65,2.95
company_05992,Ganesh Solutions 271 Private Limited,1,0,1,0.9034,revenue_inflation,679,0.8641,38.08,25.83,7.2
company_05993,Arogya Pharma 734 LLP,0,0,0,0.0377,None,765,1.0042,6.18,2.34,1.2
company_05994,Kalyani Pharma 544 Partnership Firm,0,1,1,0.7343,circular_trading,785,1.9541,3.73,3.74,1.17
company_05995,Delta Infrastructure 598 Partnership Firm,0,0,0,0.0257,None,746,1.3177,5.0,6.23,4.11
company_05996,Surya Solutions 315 Private Limited,0,0,0,0.0346,None,717,1.7839,3.61,3.4,3.2
company_05997,Tejas Enterprises 502 Private Limited,0,0,0,0.0804,None,816,1.8749,3.37,2.9,1.95
company_05998,Ambika Healthcare 447 Partnership Firm,0,0,0,0.2223,None,721,1.4475,10.16,7.06,3.29
company_05999,Karan Builders 474 LLP,0,0,0,0.3499,None,748,1.5551,4.07,3.09,6.72
company_06000,Matrix Chemicals 571 Private Limited,0,0,0,0.3163,None,710,1.6353,5.29,2.52,1.73
company_06001,Radhe Infrastructure 593 Private Limited,0,0,0,0.2644,None,770,1.4245,4.96,5.52,1.73
company_06002,Delta Metals 220 LLP,0,0,0,0.2904,None,778,1.6321,3.82,5.25,0.65
company_06003,Navrachana Energy 750 LLP,0,0,0,0.2486,None,867,2.1058,7.05,3.56,0.02
company_06004,Apex Retail 208 LLP,0,0,0,0.0375,None,752,2.1246,3.97,3.8,1.49
company_06005,Infinity Pharma 455 Partnership Firm,0,0,0,0.0506,None,743,1.3469,3.31,3.86,4.11
company_06006,Navrachana Automotive 614 LLP,0,0,0,0.2601,None,712,1.34,3.14,2.56,3.6
company_06007,Sterling Enterprises 628 LLP,0,0,0,0.1403,None,704,1.4927,6.24,3.81,1.79
company_06008,Ambika Infrastructure 959 LLP,0,0,0,0.25,None,770,0.9253,9.07,4.44,2.2
company_06009,Ambika Solutions 255 LLP,0,0,0,0.2767,None,750,2.0125,4.75,3.97,2.08
company_06010,Tejas Logistics 589 Private Limited,0,0,0,0.0815,None,749,1.4214,4.62,5.08,1.38
company_06011,Infinity Infotech 588 Private Limited,0,0,0,0.1453,None,767,1.8439,5.33,3.42,2.72
company_06012,Karan Retail 818 Partnership Firm,0,0,0,0.1171,None,735,2.2716,2.95,2.9,3.37
company_06013,Bhaskar Power 724 LLP,0,0,0,0.1101,None,749,1.5287,3.36,3.81,1.68
company_06014,Apex Energy 809 Partnership Firm,0,0,0,0.1824,None,783,1.5656,4.17,3.18,2.59
company_06015,Karan Logistics 879 Partnership Firm,0,0,0,0.1926,None,668,1.2619,5.32,2.44,3.52
company_06016,Urja Enterprises 338 Partnership Firm,0,0,0,0.17,None,785,1.6025,3.42,4.7,1.75
company_06017,Ambika Automotive 395 Private Limited,1,0,1,0.8901,circular_trading,512,1.1777,31.12,26.41,8.69
company_06018,Bhaskar Industries 654 Private Limited,0,0,0,0.3109,None,741,1.2775,2.35,2.96,1.56
company_06019,Zenith Retail 102 LLP,0,0,0,0.1199,None,790,1.2505,4.29,3.17,2.79
company_06020,Zenith Renewables 112 LLP,0,1,1,0.7205,benami_siphoning,842,1.7074,2.8,3.42,0.75
company_06021,Navrachana Textiles 798 LLP,0,0,0,0.179,None,792,0.7692,4.06,4.13,1.32
company_06022,Zenith Chemicals 798 LLP,0,0,0,0.3494,None,828,2.1067,4.16,3.3,0.46
company_06023,Vanguard Industries 237 Private Limited,0,0,0,0.1036,None,738,1.2807,3.26,3.97,3.32
company_06024,Urja Builders 184 LLP,0,0,0,0.3325,None,666,1.3436,2.64,2.49,3.0
company_06025,Vidya Foods 591 Partnership Firm,0,0,0,0.2226,None,765,1.4288,4.61,3.15,1.78
company_06026,Kalyani Logistics 732 LLP,0,0,0,0.0322,None,791,2.2602,6.25,4.33,1.34
company_06027,Radhe Retail 293 Private Limited,0,0,0,0.2832,None,796,1.3481,4.4,3.78,2.43
company_06028,Ganesh Retail 597 Private Limited,0,0,0,0.2742,None,796,1.1093,4.75,4.18,1.42
company_06029,Ganesh Textiles 874 Private Limited,0,0,0,0.2357,None,663,1.1019,3.45,5.81,5.56
company_06030,Radhe Textiles 550 LLP,0,0,0,0.1707,None,797,1.031,2.84,2.76,0.32
company_06031,Hindustan Logistics 585 Private Limited,1,0,1,0.7708,revenue_inflation,643,1.0168,30.18,26.94,4.34
company_06032,Radhe Retail 786 Private Limited,0,0,0,0.0896,None,722,1.2034,3.01,6.04,1.89
company_06033,Matrix Chemicals 433 LLP,1,0,1,0.9899,seasonal_manipulation,625,1.334,42.27,11.55,8.74
company_06034,Sterling Retail 164 Partnership Firm,0,0,0,0.186,None,656,1.4736,1.88,3.32,3.44
company_06035,Karan Retail 716 Partnership Firm,0,0,0,0.2516,None,785,1.5295,4.34,3.99,1.58
company_06036,Tejas Infrastructure 165 LLP,0,0,0,0.3236,None,756,1.4645,3.13,4.93,0.72
company_06037,Arogya Healthcare 630 LLP,0,0,0,0.3109,None,780,1.6502,4.38,3.27,2.57
company_06038,Tejas Energy 452 Partnership Firm,0,0,0,0.1059,None,779,1.2579,3.16,4.08,2.02
company_06039,Bharat Renewables 157 LLP,0,0,0,0.1864,None,724,1.4955,4.83,11.37,1.53
company_06040,Kalyani Solutions 166 Partnership Firm,0,0,0,0.0418,None,752,0.9265,4.74,4.25,2.09
company_06041,Vidya Foods 483 LLP,0,0,0,0.1106,None,643,1.9172,6.43,4.41,2.57
company_06042,Karan Automotive 710 LLP,1,0,1,0.9073,revenue_inflation,690,0.9677,28.21,23.25,6.11
company_06043,Karan Retail 381 Partnership Firm,0,0,0,0.0526,None,780,1.3909,5.73,3.41,2.46
company_06044,Apex Pharma 660 Partnership Firm,0,0,0,0.2134,None,732,1.7316,4.71,5.44,6.19
company_06045,Bharat Enterprises 166 LLP,0,0,0,0.0769,None,722,1.2774,6.56,3.93,2.52
company_06046,Radhe Chemicals 710 Private Limited,0,0,0,0.2447,None,754,1.456,2.06,4.0,1.18
company_06047,Hindustan Enterprises 456 LLP,0,0,0,0.2217,None,762,1.3507,5.98,3.11,1.04
company_06048,Shivam Industries 890 Partnership Firm,0,0,0,0.1734,None,762,1.3048,5.07,3.13,2.09
company_06049,Karan Pharma 764 Partnership Firm,0,0,0,0.0351,None,731,1.5172,6.62,3.98,7.99
company_06050,Tejas Metals 327 LLP,1,0,1,0.9095,circular_trading,686,1.0009,29.1,35.96,7.36
company_06051,Zenith Builders 105 Partnership Firm,0,0,0,0.0125,None,745,1.2214,5.16,5.48,2.14
company_06052,Zenith Logistics 185 Partnership Firm,0,0,0,0.06,None,813,1.0715,3.6,11.68,0.9
company_06053,Ambika Metals 288 LLP,0,0,0,0.1495,None,718,1.6142,2.87,2.83,2.79
company_06054,Shivam Chemicals 546 LLP,1,0,1,0.9449,evergreening,605,0.7086,24.08,17.87,18.11
company_06055,Delta Renewables 335 Partnership Firm,0,0,0,0.0231,None,733,1.3972,3.66,3.81,4.11
company_06056,Sterling Infrastructure 969 LLP,0,0,0,0.2456,None,733,2.095,5.05,3.8,2.79
company_06057,Infinity Textiles 434 Partnership Firm,1,0,1,0.5277,shell_company,581,1.3914,32.91,24.62,9.02
company_06058,Vidya Infrastructure 792 Partnership Firm,1,0,1,0.8712,revenue_inflation,689,1.039,49.66,24.74,7.86
company_06059,Vidya Infotech 752 Partnership Firm,0,0,0,0.2573,None,743,1.5152,8.68,3.48,1.45
company_06060,Bharat Automotive 329 Private Limited,0,0,0,0.258,None,712,1.2565,7.9,4.55,1.44
company_06061,Infinity Power 989 Partnership Firm,0,0,0,0.2606,None,790,1.7891,3.52,4.33,1.28
company_06062,Delta Pharma 397 Private Limited,0,0,0,0.1645,None,804,0.9298,3.63,4.23,3.21
company_06063,Surya Pharma 201 Partnership Firm,0,0,0,0.3143,None,651,1.2443,3.75,3.42,2.14
company_06064,Radhe Infrastructure 721 LLP,0,0,0,0.0258,None,759,0.8616,4.21,6.01,3.03
company_06065,Ambika Textiles 963 Partnership Firm,1,0,1,0.875,evergreening,677,1.5768,24.04,10.54,26.44
company_06066,Matrix Retail 535 LLP,0,0,0,0.2079,None,813,1.4026,3.87,3.52,1.21
company_06067,Hindustan Renewables 370 Private Limited,0,0,0,0.0375,None,734,0.9971,2.17,2.74,2.93
company_06068,Urja Power 280 Private Limited,0,1,1,0.6858,evergreening,726,1.4308,3.32,6.23,3.53
company_06069,Shivam Enterprises 921 LLP,0,0,0,0.2717,None,688,1.0268,3.13,3.5,2.8
company_06070,Hindustan Textiles 867 Partnership Firm,0,0,0,0.0817,None,804,1.4305,3.77,7.64,0.97
company_06071,Surya Chemicals 967 Private Limited,0,0,0,0.0877,None,733,1.1628,3.07,2.73,1.01
company_06072,Sterling Healthcare 162 LLP,0,0,0,0.1274,None,735,1.2043,3.44,3.16,1.55
company_06073,Ganesh Metals 341 LLP,0,1,1,0.4619,seasonal_manipulation,762,1.6297,3.51,5.68,3.26
company_06074,Bhaskar Power 446 LLP,0,0,0,0.1616,None,695,1.5131,7.36,7.29,2.36
company_06075,Matrix Healthcare 818 LLP,0,0,0,0.0755,None,727,1.0137,4.08,3.99,1.33
company_06076,Tejas Textiles 305 Private Limited,0,0,0,0.2507,None,720,1.6263,2.26,2.75,3.52
company_06077,Matrix Energy 946 Partnership Firm,0,0,0,0.1228,None,756,1.8475,6.73,3.19,3.95
company_06078,Karan Infotech 872 Partnership Firm,1,0,1,0.7256,revenue_inflation,641,1.2475,29.57,25.63,6.6
company_06079,Navrachana Retail 443 Partnership Firm,0,0,0,0.1267,None,755,1.7416,3.05,4.58,3.39
company_06080,Ambika Logistics 522 LLP,0,0,0,0.0143,None,745,1.7286,4.47,3.09,2.05
company_06081,Vidya Logistics 667 Partnership Firm,0,0,0,0.2785,None,807,1.6385,4.3,7.6,1.08
company_06082,Matrix Industries 374 LLP,0,0,0,0.0607,None,750,1.7289,3.9,3.77,1.53
company_06083,Sterling Automotive 972 LLP,1,0,1,0.7907,circular_trading,672,0.9275,33.22,8.46,8.43
company_06084,Aditya Healthcare 672 Private Limited,1,0,1,0.9409,circular_trading,718,0.8335,33.29,19.98,9.74
company_06085,Ganesh Foods 159 LLP,0,0,0,0.2901,None,666,1.6832,7.21,4.43,2.27
company_06086,Radhe Solutions 576 Partnership Firm,0,0,0,0.0759,None,757,1.3597,3.93,5.04,0.87
company_06087,Tejas Foods 763 Private Limited,0,0,0,0.2255,None,796,1.479,3.58,3.97,1.23
company_06088,Aditya Metals 701 Private Limited,0,0,0,0.0263,None,784,1.1126,3.95,5.16,1.8
company_06089,Urja Pharma 584 Partnership Firm,0,0,0,0.2616,None,717,1.7436,1.24,4.01,3.42
company_06090,Sterling Infotech 620 Private Limited,0,0,0,0.0458,None,789,2.4269,4.49,4.85,3.33
company_06091,Apex Enterprises 134 Private Limited,0,0,0,0.1842,None,731,0.9739,8.96,9.2,2.06
company_06092,Surya Logistics 586 LLP,0,0,0,0.1039,None,775,1.5192,4.58,3.34,3.27
company_06093,Kalyani Builders 487 LLP,0,0,0,0.0307,None,780,1.4962,6.88,4.13,1.32
company_06094,Kalyani Textiles 623 Private Limited,0,0,0,0.0315,None,688,1.4395,4.23,3.26,2.86
company_06095,Ambika Solutions 305 Partnership Firm,0,0,0,0.2784,None,704,1.8822,5.7,3.95,2.59
company_06096,Arogya Power 364 Partnership Firm,0,0,0,0.1262,None,750,1.7851,3.27,2.53,1.87
company_06097,Delta Solutions 414 Private Limited,0,0,0,0.1678,None,714,1.419,2.41,4.32,1.68
company_06098,Tejas Enterprises 453 Partnership Firm,0,0,0,0.1294,None,673,1.0798,3.79,2.51,2.29
company_06099,Radhe Enterprises 256 Private Limited,0,0,0,0.058,None,748,1.0133,3.4,4.3,1.32
company_06100,Radhe Pharma 327 Partnership Firm,0,1,1,0.6277,circular_trading,758,1.532,8.39,3.99,2.76
company_06101,Vidya Solutions 755 LLP,0,1,1,0.5414,shell_company,772,1.4252,2.51,3.12,0.75
company_06102,Navrachana Chemicals 292 Partnership Firm,1,0,1,0.7334,revenue_inflation,634,1.2407,26.55,23.96,7.71
company_06103,Hindustan Power 454 Partnership Firm,0,0,0,0.108,None,755,1.8345,3.99,3.07,2.97
company_06104,Urja Solutions 869 LLP,0,0,0,0.0147,None,741,1.3924,5.78,3.88,4.04
company_06105,Arogya Renewables 253 Private Limited,0,0,0,0.3311,None,791,0.9614,7.21,5.65,1.38
company_06106,Urja Metals 249 LLP,0,0,0,0.0217,None,740,1.6232,6.16,4.86,1.41
company_06107,Shivam Textiles 642 LLP,0,0,0,0.169,None,722,1.1676,6.43,5.7,3.11
company_06108,Sterling Infrastructure 325 Partnership Firm,0,0,0,0.0668,None,750,1.0861,2.5,7.04,1.56
company_06109,Aditya Enterprises 639 Private Limited,0,0,0,0.095,None,777,0.6194,3.2,5.38,2.24
company_06110,Urja Foods 342 Private Limited,0,0,0,0.022,None,761,2.1325,3.31,3.17,3.61
company_06111,Sterling Builders 475 LLP,0,0,0,0.1132,None,735,1.5427,6.52,4.21,3.47
company_06112,Infinity Healthcare 305 Partnership Firm,1,0,1,0.9244,evergreening,621,0.2,27.64,12.85,14.85
company_06113,Kalyani Foods 390 LLP,0,0,0,0.0137,None,833,1.4754,3.21,3.38,4.05
company_06114,Zenith Infrastructure 732 LLP,0,0,0,0.3298,None,730,1.4936,5.95,3.87,2.72
company_06115,Matrix Retail 428 Private Limited,0,0,0,0.2442,None,778,1.3682,3.23,3.11,3.57
company_06116,Hindustan Chemicals 104 Private Limited,0,0,0,0.1116,None,708,1.6088,2.42,4.85,2.19
company_06117,Aditya Solutions 367 Private Limited,0,0,0,0.3384,None,727,2.6374,5.02,10.97,1.56
company_06118,Apex Builders 573 Partnership Firm,0,1,1,0.5657,evergreening,687,1.3225,3.61,5.4,2.39
company_06119,Bharat Healthcare 713 LLP,0,0,0,0.2488,None,753,1.657,4.41,4.52,2.34
company_06120,Apex Energy 305 Partnership Firm,0,1,1,0.5715,evergreening,784,1.2501,3.45,4.06,3.62
company_06121,Aditya Foods 460 Private Limited,0,0,0,0.2307,None,814,1.2023,6.18,3.97,0.56
company_06122,Karan Power 493 LLP,0,0,0,0.1078,None,750,1.4122,3.3,7.29,2.41
company_06123,Kalyani Foods 409 LLP,1,0,1,0.971,shell_company,463,0.589,36.24,26.02,8.0
company_06124,Bhaskar Solutions 318 Partnership Firm,0,0,0,0.2147,None,688,1.6941,3.58,4.28,2.89
company_06125,Bharat Infrastructure 394 LLP,0,0,0,0.049,None,728,1.3844,2.47,5.37,6.32
company_06126,Hindustan Industries 286 LLP,0,0,0,0.226,None,747,2.3852,3.21,2.02,4.9
company_06127,Aditya Infotech 978 LLP,0,0,0,0.0339,None,782,1.5447,3.72,3.59,3.31
company_06128,Arogya Energy 484 LLP,0,0,0,0.0292,None,778,1.3312,7.73,4.11,1.56
company_06129,Navrachana Healthcare 461 Partnership Firm,0,0,0,0.154,None,743,1.3006,4.05,3.62,2.7
company_06130,Apex Builders 213 Private Limited,0,0,0,0.3277,None,732,1.4555,3.64,5.25,2.76
company_06131,Vidya Infrastructure 548 LLP,0,0,0,0.126,None,768,1.3174,5.64,6.35,3.45
company_06132,Ambika Healthcare 671 Private Limited,0,0,0,0.0282,None,785,2.0464,15.08,3.52,4.73
company_06133,Aditya Energy 928 LLP,0,0,0,0.1708,None,746,1.3892,5.26,3.82,2.55
company_06134,Bhaskar Industries 221 Private Limited,0,0,0,0.2623,None,733,1.1306,9.34,3.68,3.14
company_06135,Aditya Textiles 432 LLP,0,0,0,0.2373,None,757,1.6782,2.32,3.32,1.48
company_06136,Apex Builders 604 Private Limited,0,0,0,0.0763,None,762,1.3752,4.17,3.35,2.66
company_06137,Infinity Healthcare 814 Partnership Firm,0,0,0,0.1101,None,691,1.8119,4.07,3.42,1.92
company_06138,Zenith Builders 637 Private Limited,0,0,0,0.063,None,766,0.9832,5.13,4.86,1.85
company_06139,Shivam Enterprises 635 Partnership Firm,0,0,0,0.2692,None,753,2.2067,2.85,2.85,3.4
company_06140,Navrachana Renewables 271 Private Limited,0,0,0,0.0727,None,724,0.8218,3.48,5.3,1.06
company_06141,Kalyani Power 535 LLP,0,0,0,0.2243,None,790,1.596,5.94,8.05,2.73
company_06142,Ganesh Textiles 481 Private Limited,0,0,0,0.2682,None,736,1.3138,3.58,3.44,2.82
company_06143,Surya Retail 360 Partnership Firm,1,0,1,0.9404,benami_siphoning,642,0.9705,50.0,31.87,11.64
company_06144,Hindustan Power 260 Partnership Firm,0,0,0,0.128,None,688,1.0507,4.3,4.37,2.59
company_06145,Vidya Industries 894 Private Limited,0,0,0,0.0958,None,772,1.2291,2.29,2.86,3.1
company_06146,Matrix Textiles 214 Partnership Firm,0,0,0,0.0358,None,750,1.3648,4.58,3.26,1.41
company_06147,Hindustan Infrastructure 885 Partnership Firm,0,0,0,0.3134,None,775,1.199,4.04,4.21,1.17
company_06148,Zenith Infotech 670 Partnership Firm,0,0,0,0.16,None,688,1.2387,2.56,3.43,2.46
company_06149,Radhe Enterprises 522 Private Limited,0,0,0,0.2348,None,732,1.7308,3.8,3.8,2.47
company_06150,Arogya Power 744 LLP,0,0,0,0.2582,None,734,1.7914,3.44,3.67,2.86
company_06151,Aditya Pharma 711 Private Limited,0,0,0,0.2699,None,800,1.378,3.59,5.34,1.93
company_06152,Vidya Power 516 Private Limited,0,0,0,0.0448,None,738,1.7596,2.64,6.66,0.87
company_06153,Sterling Solutions 189 Private Limited,0,0,0,0.217,None,779,1.7206,3.34,6.85,0.84
company_06154,Radhe Builders 212 Private Limited,0,0,0,0.0182,None,727,1.0554,4.3,4.07,1.84
company_06155,Ambika Healthcare 726 LLP,0,0,0,0.1852,None,716,1.7351,5.0,8.3,2.84
company_06156,Ganesh Chemicals 975 Partnership Firm,1,0,1,0.9772,circular_trading,607,0.6516,49.11,16.44,10.71
company_06157,Radhe Power 902 Private Limited,0,0,0,0.0697,None,716,1.3745,2.59,7.33,2.06
company_06158,Bhaskar Infrastructure 583 Partnership Firm,0,0,0,0.1972,None,753,1.1626,2.24,3.04,0.98
company_06159,Aditya Foods 525 LLP,1,0,1,0.9774,revenue_inflation,729,1.2399,31.79,29.74,6.0
company_06160,Navrachana Metals 257 Partnership Firm,0,0,0,0.1974,None,729,1.0496,4.21,4.78,3.32
company_06161,Zenith Metals 209 LLP,0,0,0,0.0587,None,670,0.8381,4.29,3.6,2.39
company_06162,Tejas Infrastructure 357 Partnership Firm,0,0,0,0.0278,None,696,1.3724,8.32,5.83,3.04
company_06163,Radhe Logistics 599 Partnership Firm,0,0,0,0.2806,None,775,1.5538,7.24,3.22,1.37
company_06164,Navrachana Builders 391 Partnership Firm,0,0,0,0.2493,None,755,1.1802,2.21,4.53,1.54
company_06165,Kalyani Pharma 868 Partnership Firm,0,1,1,0.7133,revenue_inflation,821,1.0717,4.41,3.77,0.83
company_06166,Zenith Renewables 292 LLP,0,0,0,0.3476,None,730,2.2382,3.41,4.59,1.41
company_06167,Shivam Chemicals 471 Partnership Firm,0,0,0,0.1824,None,745,1.1473,5.77,5.71,2.08
company_06168,Hindustan Metals 872 LLP,1,0,1,0.7212,shell_company,540,0.6882,45.8,21.52,5.14
company_06169,Shivam Chemicals 593 LLP,0,0,0,0.1886,None,760,1.4208,3.85,4.94,1.92
company_06170,Vidya Logistics 179 Partnership Firm,1,0,1,0.7775,shell_company,606,0.8106,41.98,28.89,4.98
company_06171,Matrix Solutions 758 Partnership Firm,1,0,1,0.6074,revenue_inflation,701,1.2581,20.25,24.64,7.67
company_06172,Bharat Infotech 527 Partnership Firm,0,0,0,0.1983,None,708,1.4916,9.91,10.59,2.35
company_06173,Kalyani Textiles 124 Private Limited,0,0,0,0.3284,None,727,1.2574,6.1,5.91,1.74
company_06174,Karan Energy 130 Partnership Firm,0,0,0,0.3012,None,718,1.1923,5.96,4.18,2.29
company_06175,Kalyani Automotive 648 Private Limited,0,0,0,0.1388,None,819,2.4485,4.25,6.48,1.06
company_06176,Infinity Textiles 306 Private Limited,0,0,0,0.3064,None,750,1.7332,6.23,3.07,4.4
company_06177,Delta Infrastructure 318 Private Limited,0,0,0,0.3341,None,710,1.1332,8.77,4.64,1.76
company_06178,Matrix Solutions 479 Private Limited,0,0,0,0.1846,None,752,1.9227,3.75,5.12,1.99
company_06179,Navrachana Chemicals 394 LLP,0,0,0,0.0722,None,730,1.5568,3.95,4.23,2.88
company_06180,Shivam Infrastructure 384 Private Limited,0,0,0,0.1516,None,765,1.5058,3.56,5.1,1.3
company_06181,Karan Infrastructure Partnership Firm,0,0,0,0.3059,None,720,0.6642,3.35,3.48,2.88
company_06182,Surya Enterprises 831 Private Limited,0,0,0,0.1398,None,733,1.7578,3.12,4.95,3.38
company_06183,Infinity Foods 315 LLP,0,0,0,0.1281,None,773,1.5261,2.96,3.14,1.85
company_06184,Radhe Infotech 558 LLP,0,0,0,0.0684,None,752,1.5517,3.89,3.36,3.08
company_06185,Hindustan Textiles 626 Partnership Firm,0,0,0,0.2502,None,725,1.17,3.83,3.67,1.88
company_06186,Bharat Energy 483 LLP,0,0,0,0.0857,None,697,1.4415,6.88,3.17,4.89
company_06187,Zenith Pharma 165 Private Limited,0,0,0,0.2057,None,776,1.7009,5.76,10.84,2.31
company_06188,Arogya Enterprises 683 LLP,0,0,0,0.0982,None,779,1.5766,4.65,4.28,2.07
company_06189,Apex Infrastructure 334 LLP,0,0,0,0.0838,None,712,1.2569,9.44,3.0,3.75
company_06190,Apex Automotive 923 Partnership Firm,0,0,0,0.2426,None,697,1.0871,4.74,5.25,2.06
company_06191,Tejas Builders 932 LLP,0,0,0,0.1627,None,757,1.7096,5.41,5.15,2.72
company_06192,Apex Healthcare 880 Private Limited,0,0,0,0.313,None,738,1.1465,2.51,5.74,2.53
company_06193,Radhe Retail 550 Private Limited,0,0,0,0.122,None,790,1.8208,3.15,4.53,1.75
company_06194,Tejas Infrastructure 785 Partnership Firm,0,0,0,0.2195,None,728,1.9089,2.22,2.75,2.78
company_06195,Shivam Logistics 819 LLP,1,0,1,0.8945,evergreening,655,0.8439,32.42,15.13,18.31
company_06196,Karan Builders 904 LLP,0,0,0,0.2653,None,769,2.4128,7.8,4.93,1.4
company_06197,Zenith Retail 623 Private Limited,0,0,0,0.0859,None,717,1.7319,5.91,4.61,2.84
company_06198,Delta Enterprises 246 Private Limited,0,0,0,0.2889,None,802,2.3261,2.57,5.61,1.54
company_06199,Hindustan Renewables 642 LLP,0,0,0,0.0909,None,765,1.6423,5.5,3.74,2.33
company_06200,Ambika Retail 747 LLP,0,0,0,0.1656,None,672,1.7507,7.01,4.39,3.31
company_06201,Hindustan Chemicals 750 Private Limited,0,0,0,0.0309,None,757,1.7684,2.84,3.49,0.86
company_06202,Karan Infotech 606 LLP,0,0,0,0.3471,None,767,1.4929,4.52,2.08,2.41
company_06203,Kalyani Energy 908 Partnership Firm,0,0,0,0.1688,None,719,1.8461,4.34,2.84,2.35
company_06204,Tejas Textiles 497 Partnership Firm,0,0,0,0.152,None,732,1.3002,9.72,5.65,2.43
company_06205,Infinity Power 262 LLP,0,0,0,0.0248,None,753,1.8774,2.85,3.99,4.21
company_06206,Hindustan Healthcare 240 LLP,0,0,0,0.1536,None,681,1.4896,3.43,2.68,3.02
company_06207,Karan Power 812 Private Limited,0,0,0,0.118,None,706,1.5853,3.31,4.46,2.52
company_06208,Hindustan Healthcare 478 Private Limited,0,1,1,0.4549,circular_trading,713,0.6099,6.41,3.24,6.04
company_06209,Infinity Industries 759 Private Limited,0,0,0,0.2904,None,705,1.8458,2.59,5.06,3.22
company_06210,Surya Textiles 393 Private Limited,1,0,1,0.8388,circular_trading,649,0.6441,20.8,11.87,5.15
company_06211,Vanguard Automotive 391 LLP,0,0,0,0.1688,None,733,1.1342,1.72,2.57,3.21
company_06212,Urja Metals 513 Private Limited,1,0,1,0.8075,shell_company,465,0.9857,44.65,23.19,5.38
company_06213,Vidya Enterprises 873 Private Limited,0,0,0,0.2633,None,711,1.3898,3.52,5.19,2.19
company_06214,Ganesh Logistics 513 Private Limited,1,0,1,0.8574,circular_trading,666,1.0887,63.36,31.32,9.09
company_06215,Kalyani Infotech 812 LLP,0,0,0,0.145,None,766,1.6091,4.85,2.9,1.61
company_06216,Zenith Textiles 595 LLP,0,1,1,0.661,benami_siphoning,696,0.8327,7.72,4.37,3.18
company_06217,Zenith Metals 970 Private Limited,0,0,0,0.3181,None,736,1.4407,4.29,6.72,2.0
company_06218,Infinity Enterprises 105 Private Limited,1,0,1,0.9167,shell_company,632,0.1,47.49,26.84,9.08
company_06219,Zenith Logistics 182 Private Limited,0,0,0,0.3439,None,755,1.2496,8.3,3.11,1.06
company_06220,Radhe Pharma 940 Private Limited,0,0,0,0.2159,None,760,3.0981,8.91,6.63,2.35
company_06221,Ambika Pharma 554 Partnership Firm,0,0,0,0.2286,None,831,1.0083,4.09,4.52,0.1
company_06222,Vidya Automotive Private Limited,0,0,0,0.1564,None,734,1.2524,3.6,6.28,2.31
company_06223,Vidya Solutions 572 Partnership Firm,1,0,1,0.9832,circular_trading,615,0.7206,25.88,19.45,10.3
company_06224,Bharat Foods 631 Partnership Firm,0,0,0,0.0506,None,772,1.7594,3.22,3.2,1.91
company_06225,Ambika Textiles 117 Private Limited,1,0,1,0.9562,evergreening,736,1.2075,29.49,15.16,21.12
company_06226,Urja Infrastructure 927 LLP,0,0,0,0.347,None,779,1.7264,5.45,8.18,2.57
company_06227,Delta Pharma 928 Private Limited,1,0,1,0.9501,shell_company,502,1.0584,39.4,23.63,8.01
company_06228,Karan Foods 169 Private Limited,0,0,0,0.341,None,784,1.5342,6.38,4.07,0.86
company_06229,Ganesh Metals 449 Partnership Firm,0,0,0,0.2947,None,831,1.2037,3.68,3.46,1.69
company_06230,Radhe Textiles 807 LLP,0,0,0,0.2082,None,763,0.936,4.35,4.41,3.12
company_06231,Bhaskar Industries 636 Partnership Firm,0,1,1,0.4515,revenue_inflation,739,1.5189,5.28,3.93,1.19
company_06232,Infinity Textiles 181 LLP,0,0,0,0.0337,None,668,1.3956,3.38,3.45,2.73
company_06233,Navrachana Healthcare 103 LLP,0,0,0,0.3244,None,761,0.1632,4.26,5.02,1.17
company_06234,Apex Metals 473 LLP,0,0,0,0.3402,None,750,1.6357,8.45,3.98,2.16
company_06235,Radhe Retail 490 LLP,0,0,0,0.0733,None,648,1.322,5.86,2.78,3.78
company_06236,Shivam Infotech 668 Private Limited,1,0,1,0.9765,circular_trading,642,0.9418,21.1,21.64,7.5
company_06237,Shivam Automotive 811 LLP,1,0,1,0.86,benami_siphoning,653,0.3697,50.0,50.04,9.09
company_06238,Shivam Solutions 807 Private Limited,0,0,0,0.1558,None,723,1.7335,5.49,4.64,1.9
company_06239,Surya Chemicals 217 Private Limited,0,0,0,0.079,None,736,1.3025,3.05,3.47,1.91
company_06240,Radhe Infotech 553 Private Limited,0,0,0,0.328,None,736,2.672,4.7,4.24,3.11
company_06241,Urja Healthcare 749 LLP,0,0,0,0.1804,None,734,1.6574,3.61,3.68,2.12
company_06242,Kalyani Metals 906 LLP,0,1,1,0.7371,shell_company,747,0.8158,4.08,2.61,2.86
company_06243,Aditya Chemicals 600 Partnership Firm,0,0,0,0.1136,None,764,1.0169,6.77,3.22,1.83
company_06244,Sterling Solutions 321 Partnership Firm,0,0,0,0.0464,None,765,0.6532,2.97,4.36,1.84
company_06245,Vanguard Solutions 679 Private Limited,0,0,0,0.13,None,670,1.1581,6.67,3.86,2.85
company_06246,Urja Builders 468 LLP,0,0,0,0.2416,None,723,2.7191,5.63,4.93,2.83
company_06247,Zenith Logistics 793 Partnership Firm,0,0,0,0.2003,None,779,1.3513,3.49,2.55,2.2
company_06248,Apex Chemicals 316 Private Limited,0,0,0,0.1023,None,695,1.9812,3.73,7.13,2.52
company_06249,Bhaskar Renewables 357 Private Limited,0,0,0,0.2466,None,789,1.1774,10.08,3.66,1.34
company_06250,Ambika Retail 744 Partnership Firm,0,0,0,0.0907,None,691,1.2359,3.14,4.39,2.55
company_06251,Ambika Textiles 582 Private Limited,0,0,0,0.2114,None,787,1.0401,4.32,3.96,1.58
company_06252,Urja Pharma 614 Private Limited,1,0,1,0.9751,revenue_inflation,608,1.8789,37.08,30.77,7.91
company_06253,Bharat Metals 684 Partnership Firm,0,0,0,0.1387,None,797,2.271,4.57,6.09,0.22
company_06254,Radhe Foods 846 Partnership Firm,0,0,0,0.2353,None,713,2.6112,2.75,6.24,3.68
company_06255,Vanguard Pharma 534 Partnership Firm,0,0,0,0.1002,None,717,1.4959,4.81,3.97,5.01
company_06256,Surya Logistics 354 Partnership Firm,0,0,0,0.1838,None,736,1.0597,4.4,5.52,1.94
company_06257,Infinity Healthcare 264 Partnership Firm,0,0,0,0.1236,None,709,1.0794,3.02,4.96,6.82
company_06258,Shivam Builders 494 Private Limited,0,0,0,0.2077,None,848,1.156,2.58,4.78,0.39
company_06259,Infinity Metals 780 Partnership Firm,1,0,1,0.9575,shell_company,450,0.6476,40.01,32.51,10.45
company_06260,Matrix Metals 451 Private Limited,1,0,1,0.9426,revenue_inflation,652,0.8654,31.53,23.83,14.41
company_06261,Ambika Builders 873 LLP,1,0,1,0.7846,shell_company,513,1.157,32.3,25.59,3.96
company_06262,Bhaskar Solutions 232 Partnership Firm,0,0,0,0.036,None,685,1.2771,2.41,5.07,2.8
company_06263,Radhe Infotech 207 Partnership Firm,0,0,0,0.0637,None,696,0.7214,4.5,3.74,2.21
company_06264,Vanguard Renewables 547 Partnership Firm,0,0,0,0.1432,None,754,1.1968,4.36,3.66,2.81
company_06265,Sterling Industries 597 Private Limited,0,0,0,0.1222,None,791,1.4477,6.12,5.75,1.75
company_06266,Shivam Textiles 960 LLP,1,0,1,0.8733,revenue_inflation,665,0.71,44.13,34.3,17.42
company_06267,Sterling Infrastructure 527 Private Limited,0,0,0,0.2938,None,781,1.9684,5.09,4.03,1.73
company_06268,Matrix Retail 116 Partnership Firm,0,0,0,0.3381,None,758,1.8455,10.3,3.94,0.62
company_06269,Urja Infotech 472 LLP,0,0,0,0.1594,None,667,1.9751,5.48,4.27,3.72
company_06270,Shivam Chemicals 849 Private Limited,0,0,0,0.2464,None,715,2.5143,6.78,4.67,2.17
company_06271,Ambika Textiles 505 LLP,0,0,0,0.2652,None,723,1.3213,4.31,3.77,2.92
company_06272,Navrachana Pharma 307 Private Limited,0,0,0,0.2308,None,675,1.9341,1.91,4.42,2.57
company_06273,Shivam Metals 707 Private Limited,1,0,1,0.8098,benami_siphoning,634,1.535,8.44,37.1,4.82
company_06274,Urja Solutions 770 Partnership Firm,0,0,0,0.2238,None,680,1.334,3.02,6.33,2.44
company_06275,Vanguard Textiles 359 Partnership Firm,0,0,0,0.2371,None,757,1.2122,8.0,6.79,2.84
company_06276,Ganesh Metals 524 Partnership Firm,0,0,0,0.0965,None,752,0.8564,3.47,3.35,2.4
company_06277,Ambika Pharma 985 LLP,0,0,0,0.1158,None,805,2.1606,3.06,3.33,1.54
company_06278,Ambika Energy 283 Private Limited,0,0,0,0.0219,None,686,0.8133,3.96,4.63,2.93
company_06279,Ambika Industries 917 Private Limited,0,0,0,0.2507,None,720,1.7477,3.27,4.55,2.66
company_06280,Navrachana Enterprises 806 LLP,1,0,1,0.8582,evergreening,667,0.3492,15.73,40.46,15.11
company_06281,Vidya Energy 757 Partnership Firm,0,0,0,0.0424,None,741,1.2665,2.6,3.83,1.65
company_06282,Bharat Chemicals 382 Partnership Firm,0,0,0,0.0361,None,714,1.1475,3.52,5.39,2.12
company_06283,Sterling Industries 201 Partnership Firm,0,0,0,0.1106,None,736,0.9794,3.17,3.88,1.98
company_06284,Aditya Retail 894 Private Limited,0,0,0,0.0235,None,757,2.2132,1.72,4.43,1.75
company_06285,Ambika Infrastructure 671 LLP,0,0,0,0.2482,None,819,1.3092,4.01,2.96,5.09
company_06286,Tejas Builders 204 LLP,1,0,1,0.8833,evergreening,704,1.2208,19.08,31.95,14.92
company_06287,Surya Power 612 Private Limited,0,0,0,0.0768,None,766,1.493,7.46,2.98,2.38
company_06288,Vidya Chemicals 249 Private Limited,0,0,0,0.1159,None,715,1.3997,5.42,6.32,2.04
company_06289,Delta Healthcare 892 Private Limited,0,0,0,0.2993,None,733,1.4755,3.15,5.39,1.67
company_06290,Urja Automotive 564 Private Limited,0,0,0,0.1837,None,762,1.6978,3.8,4.06,2.14
company_06291,Karan Solutions 802 Private Limited,0,0,0,0.0509,None,700,2.1135,4.52,2.94,1.59
company_06292,Sterling Power 845 Private Limited,0,0,0,0.1802,None,693,1.4011,3.34,3.85,3.57
company_06293,Ganesh Logistics 542 Private Limited,0,0,0,0.1345,None,756,1.2087,4.74,5.59,2.73
company_06294,Apex Logistics 804 LLP,1,0,1,0.9245,shell_company,556,0.9405,73.3,32.01,12.75
company_06295,Kalyani Logistics 335 Partnership Firm,0,0,0,0.1934,None,722,1.8017,4.69,2.72,2.05
company_06296,Ambika Pharma 575 LLP,0,0,0,0.2972,None,727,1.7289,3.97,3.72,2.27
company_06297,Surya Infotech 318 Private Limited,0,0,0,0.1949,None,733,1.7528,5.97,3.55,2.73
company_06298,Bhaskar Infrastructure 832 LLP,0,0,0,0.029,None,794,1.6342,2.45,3.31,1.19
company_06299,Arogya Power 288 Partnership Firm,0,0,0,0.2677,None,765,1.249,5.22,7.59,2.14
company_06300,Urja Enterprises 211 LLP,0,0,0,0.2637,None,707,0.953,3.12,3.32,2.33
company_06301,Zenith Retail 930 Private Limited,0,0,0,0.3019,None,739,0.9945,7.32,7.22,2.08
company_06302,Apex Foods 316 Partnership Firm,1,0,1,0.98,benami_siphoning,668,1.5092,15.31,26.5,7.96
company_06303,Vidya Foods 603 Partnership Firm,0,0,0,0.2143,None,787,1.3773,5.42,3.28,1.8
company_06304,Arogya Solutions 205 Partnership Firm,0,0,0,0.1771,None,738,0.7892,3.97,4.13,5.42
company_06305,Vidya Industries 145 Private Limited,0,0,0,0.0326,None,770,1.6221,3.63,3.48,1.3
company_06306,Apex Retail 482 Partnership Firm,0,0,0,0.0426,None,757,1.2315,3.14,3.19,1.39
company_06307,Apex Foods 772 Private Limited,0,0,0,0.2179,None,735,1.263,4.13,6.14,1.76
company_06308,Sterling Infrastructure 235 Partnership Firm,0,0,0,0.3367,None,754,1.3656,4.34,4.65,2.31
company_06309,Navrachana Foods 560 Partnership Firm,0,0,0,0.2575,None,740,1.7461,4.57,4.74,3.25
company_06310,Sterling Metals 798 LLP,0,0,0,0.2479,None,760,2.3043,3.71,4.79,1.24
company_06311,Radhe Pharma 907 Partnership Firm,0,0,0,0.0483,None,762,1.2702,4.26,6.13,2.36
company_06312,Hindustan Healthcare 118 Partnership Firm,0,0,0,0.2829,None,780,0.8449,3.23,4.92,1.72
company_06313,Matrix Logistics 736 Partnership Firm,0,0,0,0.2939,None,710,1.094,7.35,6.89,2.22
company_06314,Arogya Retail 325 Private Limited,1,0,1,0.9858,seasonal_manipulation,653,0.8534,26.65,17.0,15.11
company_06315,Bharat Energy 152 LLP,0,0,0,0.2691,None,736,1.939,2.83,5.72,2.0
company_06316,Infinity Retail 622 Partnership Firm,0,0,0,0.0977,None,741,1.7183,5.18,4.92,3.87
company_06317,Radhe Healthcare 775 Partnership Firm,0,0,0,0.2356,None,681,1.0613,5.4,2.69,3.85
company_06318,Urja Power 334 Private Limited,0,0,0,0.3022,None,743,1.3997,10.61,3.71,2.4
company_06319,Zenith Retail 461 Private Limited,0,0,0,0.3123,None,757,1.7666,3.85,4.96,1.67
company_06320,Navrachana Infotech 134 LLP,0,0,0,0.0831,None,669,0.9608,4.94,4.86,3.58
company_06321,Sterling Metals 435 Private Limited,0,0,0,0.2817,None,772,1.6837,4.57,8.43,2.04
company_06322,Zenith Healthcare 146 Private Limited,0,0,0,0.21,None,744,1.4246,4.68,4.17,1.92
company_06323,Aditya Builders 190 Partnership Firm,0,0,0,0.1922,None,711,1.6792,3.88,6.66,3.14
company_06324,Vanguard Renewables 811 LLP,0,0,0,0.0344,None,779,1.2207,3.55,8.16,3.11
company_06325,Bhaskar Industries 810 Private Limited,1,0,1,0.9622,seasonal_manipulation,653,0.9141,45.67,26.11,14.29
company_06326,Vanguard Power 475 Partnership Firm,0,0,0,0.3387,None,829,1.8461,6.04,3.52,0.0
company_06327,Arogya Retail 255 LLP,0,0,0,0.3301,None,796,1.0609,4.44,3.48,1.5
company_06328,Karan Industries 336 Partnership Firm,0,0,0,0.0997,None,737,1.2788,9.71,5.84,4.9
company_06329,Apex Builders 146 Private Limited,0,0,0,0.0478,None,708,1.9357,3.83,4.16,4.26
company_06330,Aditya Infrastructure 216 Private Limited,0,0,0,0.0182,None,732,1.0265,2.6,4.12,2.89
company_06331,Infinity Builders 635 LLP,0,0,0,0.1774,None,702,1.2978,3.33,5.15,3.89
company_06332,Karan Pharma 120 Partnership Firm,1,0,1,0.5245,evergreening,664,1.2363,8.97,14.64,16.95
company_06333,Arogya Energy 107 LLP,0,0,0,0.2835,None,726,1.8344,2.95,6.13,1.44
company_06334,Vanguard Builders 568 Partnership Firm,0,0,0,0.0298,None,721,1.3102,5.24,5.71,3.5
company_06335,Radhe Foods 657 Partnership Firm,0,0,0,0.0785,None,817,0.8018,2.98,2.78,0.97
company_06336,Apex Textiles 227 Partnership Firm,0,0,0,0.1512,None,726,1.0149,5.41,3.9,1.92
company_06337,Delta Industries 629 Private Limited,0,0,0,0.0545,None,829,1.4756,4.33,4.16,1.89
company_06338,Navrachana Retail 161 LLP,0,0,0,0.1891,None,754,2.3296,6.7,4.5,1.7
company_06339,Bharat Infrastructure 867 LLP,1,0,1,0.5042,circular_trading,620,1.5245,24.02,20.94,6.43
company_06340,Radhe Renewables 704 Private Limited,0,0,0,0.1257,None,722,1.2646,8.66,6.09,1.69
company_06341,Aditya Energy 739 Partnership Firm,0,0,0,0.2055,None,862,0.8806,2.82,4.01,0.51
company_06342,Zenith Energy 206 Partnership Firm,0,0,0,0.16,None,741,1.2271,8.13,3.98,2.28
company_06343,Karan Automotive 312 Private Limited,0,0,0,0.1967,None,751,1.3047,2.74,4.11,1.95
company_06344,Ganesh Solutions 137 Private Limited,0,0,0,0.0468,None,756,2.0806,6.83,5.36,1.49
company_06345,Bharat Logistics 410 LLP,0,0,0,0.2251,None,743,1.2948,9.63,3.05,0.58
company_06346,Shivam Renewables 279 LLP,0,0,0,0.2074,None,754,0.8501,6.52,4.5,2.47
company_06347,Bharat Textiles 159 LLP,0,1,1,0.6332,circular_trading,669,1.4828,3.04,2.82,2.45
company_06348,Bharat Retail 512 Partnership Firm,0,0,0,0.1054,None,775,1.2977,3.05,2.89,5.98
company_06349,Kalyani Pharma 971 LLP,0,0,0,0.1101,None,748,2.2225,4.69,6.65,5.47
company_06350,Apex Textiles 534 LLP,0,0,0,0.0946,None,777,1.0636,5.7,6.93,3.15
company_06351,Navrachana Renewables 926 Partnership Firm,0,0,0,0.3231,None,781,1.6819,3.57,3.49,1.58
company_06352,Ambika Power 889 Partnership Firm,1,0,1,0.9178,evergreening,655,0.5997,32.88,10.88,15.86
company_06353,Arogya Chemicals 820 Private Limited,0,0,0,0.2864,None,687,1.7345,4.81,4.9,3.73
company_06354,Matrix Logistics 939 Private Limited,0,0,0,0.2096,None,789,1.5832,4.19,2.53,3.23
company_06355,Navrachana Power 278 LLP,0,0,0,0.1827,None,808,1.5063,7.83,5.74,2.58
company_06356,Matrix Solutions 970 LLP,0,0,0,0.1189,None,702,1.6404,10.51,3.0,5.46
company_06357,Bhaskar Retail 613 Private Limited,1,0,1,0.9618,revenue_inflation,588,1.0905,53.28,56.38,14.95
company_06358,Surya Pharma 108 Partnership Firm,0,0,0,0.2895,None,726,1.7328,7.93,4.82,1.74
company_06359,Apex Chemicals 334 LLP,0,0,0,0.0617,None,719,1.2498,2.26,2.57,3.43
company_06360,Ganesh Textiles 838 Private Limited,0,0,0,0.0462,None,722,1.1442,3.66,8.17,2.94
company_06361,Urja Enterprises 515 LLP,0,0,0,0.202,None,693,1.5279,2.41,3.13,2.76
company_06362,Vidya Automotive 493 LLP,0,0,0,0.1974,None,776,1.8648,2.68,3.64,1.37
company_06363,Kalyani Industries 252 Private Limited,0,0,0,0.0459,None,662,1.4478,3.49,3.49,2.94
company_06364,Hindustan Power 961 Partnership Firm,0,1,1,0.475,benami_siphoning,791,1.7134,3.46,5.0,4.15
company_06365,Zenith Metals 402 Partnership Firm,0,0,0,0.1997,None,723,1.6387,5.0,5.01,1.8
company_06366,Sterling Builders 518 LLP,0,0,0,0.2797,None,746,0.9603,2.48,4.36,1.43
company_06367,Infinity Textiles 150 LLP,1,0,1,0.9052,evergreening,621,0.8065,15.25,19.36,11.95
company_06368,Sterling Builders 346 Partnership Firm,0,0,0,0.3068,None,752,2.2479,4.3,3.51,1.62
company_06369,Ambika Healthcare 914 Partnership Firm,0,0,0,0.2551,None,754,1.6407,6.05,3.6,3.21
company_06370,Matrix Power 515 Partnership Firm,0,0,0,0.1015,None,784,1.7886,8.82,3.94,1.65
company_06371,Tejas Automotive 678 Partnership Firm,0,0,0,0.1326,None,728,1.6111,5.94,7.62,1.84
company_06372,Apex Automotive 712 LLP,1,0,1,0.8506,benami_siphoning,635,0.9095,15.3,44.71,9.1
company_06373,Karan Industries 714 Partnership Firm,0,0,0,0.1235,None,800,1.051,1.64,5.67,0.8
company_06374,Zenith Healthcare 761 LLP,0,0,0,0.2266,None,747,0.7364,7.6,3.32,1.98
company_06375,Ganesh Retail 660 Partnership Firm,0,0,0,0.3193,None,750,1.4098,3.05,4.86,2.03
company_06376,Arogya Healthcare 728 LLP,0,0,0,0.1074,None,751,1.5556,13.99,3.57,2.13
company_06377,Ambika Renewables 361 Private Limited,0,0,0,0.3359,None,797,1.2173,3.67,5.3,2.07
company_06378,Infinity Power 830 Private Limited,0,0,0,0.3044,None,723,1.1598,4.07,4.7,2.43
company_06379,Hindustan Foods 763 Private Limited,0,0,0,0.104,None,748,2.2914,3.51,4.53,2.22
company_06380,Aditya Infrastructure 512 Private Limited,1,0,1,0.8965,revenue_inflation,641,1.5919,44.65,24.74,8.97
company_06381,Bhaskar Industries 917 Partnership Firm,0,0,0,0.1375,None,778,1.247,3.99,2.8,2.0
company_06382,Shivam Industries 839 LLP,0,0,0,0.1062,None,784,1.1199,3.87,6.6,1.63
company_06383,Vidya Foods 617 Private Limited,0,0,0,0.1899,None,672,0.9031,5.76,10.76,2.11
company_06384,Radhe Logistics 128 Private Limited,1,0,1,0.5092,circular_trading,717,0.7428,24.92,18.28,3.61
company_06385,Vidya Automotive 834 Private Limited,0,0,0,0.2774,None,695,1.7719,3.22,3.12,2.47
company_06386,Vanguard Enterprises 309 Partnership Firm,0,0,0,0.0262,None,784,1.1927,4.95,3.09,0.93
company_06387,Matrix Renewables Partnership Firm,0,0,0,0.3361,None,762,1.7827,12.41,6.02,2.13
company_06388,Bharat Healthcare 335 LLP,0,0,0,0.0662,None,735,1.1461,3.4,4.5,1.92
company_06389,Karan Foods 334 Private Limited,0,0,0,0.2963,None,738,0.8931,3.64,2.79,2.08
company_06390,Bharat Solutions 830 Private Limited,0,1,1,0.5628,circular_trading,715,1.2192,4.82,2.86,2.28
company_06391,Apex Healthcare 535 Partnership Firm,0,0,0,0.2273,None,747,1.7001,3.52,5.52,2.25
company_06392,Ambika Metals 804 Private Limited,0,0,0,0.2605,None,730,1.3327,5.21,7.25,4.28
company_06393,Bhaskar Builders 714 Partnership Firm,0,0,0,0.1982,None,728,1.5831,3.35,3.23,1.7
company_06394,Matrix Metals 991 Partnership Firm,0,0,0,0.2179,None,675,1.685,2.74,2.99,2.75
company_06395,Ganesh Solutions 548 Private Limited,0,0,0,0.1573,None,795,1.4698,2.66,5.47,0.81
company_06396,Arogya Healthcare 389 LLP,1,0,1,0.902,evergreening,712,0.4793,43.88,10.7,21.8
company_06397,Radhe Power 580 Private Limited,1,0,1,0.8904,revenue_inflation,711,1.0965,36.1,22.12,8.9
company_06398,Apex Healthcare 739 Partnership Firm,0,0,0,0.0371,None,757,1.5115,5.64,4.42,4.01
company_06399,Hindustan Automotive 997 Partnership Firm,0,0,0,0.3467,None,673,1.46,6.6,4.49,3.95
company_06400,Tejas Foods 663 LLP,0,0,0,0.0962,None,758,2.1413,2.89,8.56,2.56
company_06401,Hindustan Infrastructure 930 Partnership Firm,0,1,1,0.53,shell_company,770,1.5767,1.57,5.12,0.93
company_06402,Sterling Renewables 763 LLP,1,0,1,0.8763,benami_siphoning,696,0.7216,16.46,28.46,7.02
company_06403,Shivam Pharma 461 Private Limited,0,0,0,0.1886,None,759,1.5214,3.12,4.16,4.02
company_06404,Shivam Renewables 197 Partnership Firm,0,0,0,0.3473,None,729,1.1656,4.62,5.91,2.91
company_06405,Bharat Enterprises 210 Private Limited,1,0,1,0.9112,circular_trading,664,0.3277,32.75,25.01,7.51
company_06406,Tejas Enterprises 708 Partnership Firm,0,0,0,0.3204,None,754,1.5049,1.49,2.61,2.06
company_06407,Vanguard Retail 186 Private Limited,0,0,0,0.1657,None,760,1.5475,3.58,3.48,1.65
company_06408,Arogya Infrastructure 791 Partnership Firm,0,0,0,0.1995,None,771,1.0953,6.12,2.94,1.0
company_06409,Vidya Automotive 763 Private Limited,1,0,1,0.8836,evergreening,620,0.3141,24.43,17.98,11.68
company_06410,Infinity Industries 240 Partnership Firm,0,0,0,0.275,None,720,0.8989,4.06,4.73,2.47
company_06411,Infinity Industries 552 Partnership Firm,0,0,0,0.2843,None,702,1.2042,8.02,3.85,1.87
company_06412,Urja Foods 124 Partnership Firm,0,0,0,0.1986,None,690,1.5244,6.22,7.01,3.53
company_06413,Infinity Chemicals 856 Private Limited,0,0,0,0.02,None,745,1.8242,1.94,6.55,2.43
company_06414,Kalyani Retail 252 Partnership Firm,0,0,0,0.0573,None,827,2.2205,12.42,2.87,1.42
company_06415,Karan Textiles 151 Private Limited,0,0,0,0.101,None,742,0.9887,4.75,3.62,1.71
company_06416,Vidya Renewables 272 Partnership Firm,0,0,0,0.0577,None,789,1.6315,4.69,5.74,1.37
company_06417,Sterling Metals 442 Private Limited,0,0,0,0.1389,None,771,1.3496,3.91,4.29,0.54
company_06418,Arogya Solutions 290 Partnership Firm,1,0,1,0.727,circular_trading,644,1.3055,19.81,12.21,6.45
company_06419,Vidya Infotech 765 Private Limited,0,0,0,0.2243,None,673,1.311,3.22,3.18,2.15
company_06420,Radhe Infotech 344 LLP,0,0,0,0.2915,None,726,1.6453,8.55,4.26,1.99
company_06421,Surya Infrastructure 428 LLP,1,0,1,0.9359,benami_siphoning,600,1.4808,32.2,24.41,14.44
company_06422,Infinity Builders 381 LLP,0,0,0,0.305,None,712,1.2125,3.97,3.08,4.72
company_06423,Navrachana Automotive 219 Private Limited,1,0,1,0.9085,shell_company,565,0.6944,49.72,29.64,4.59
company_06424,Vidya Power 980 Private Limited,0,0,0,0.1668,None,784,1.7835,3.83,5.04,1.95
company_06425,Apex Logistics 486 LLP,0,0,0,0.0311,None,705,1.7776,6.07,3.35,1.87
company_06426,Infinity Power 573 Partnership Firm,0,0,0,0.0562,None,722,1.563,2.32,3.23,3.25
company_06427,Ambika Chemicals 711 Private Limited,0,0,0,0.3182,None,791,1.5898,5.76,3.13,1.73
company_06428,Bharat Industries 502 Partnership Firm,1,0,1,0.8505,benami_siphoning,635,1.5871,19.41,37.07,12.04
company_06429,Shivam Pharma 978 Private Limited,0,0,0,0.1658,None,748,1.4004,3.06,2.55,1.58
company_06430,Navrachana Renewables 827 LLP,0,0,0,0.2177,None,712,1.6903,3.91,4.22,2.17
company_06431,Aditya Foods 661 LLP,0,0,0,0.3196,None,708,1.6813,3.96,4.28,3.21
company_06432,Karan Infotech 541 LLP,0,0,0,0.2326,None,767,1.5396,3.11,3.12,2.01
company_06433,Vanguard Foods 156 Private Limited,0,0,0,0.285,None,718,1.2468,5.38,4.61,1.92
company_06434,Kalyani Healthcare 462 Private Limited,0,0,0,0.0569,None,722,1.6232,3.83,4.68,1.76
company_06435,Bhaskar Automotive 589 Private Limited,0,0,0,0.0598,None,720,1.1126,5.17,4.44,3.93
company_06436,Vidya Textiles 286 LLP,1,0,1,0.8755,revenue_inflation,675,0.9647,30.36,57.07,9.41
company_06437,Bhaskar Textiles 859 Partnership Firm,0,0,0,0.0773,None,812,1.4348,5.58,6.21,0.47
company_06438,Tejas Industries 702 Private Limited,0,0,0,0.1859,None,770,0.8421,2.67,4.32,1.09
company_06439,Tejas Infotech 384 Private Limited,0,0,0,0.0814,None,733,1.1561,2.14,3.05,1.47
company_06440,Arogya Energy 950 Partnership Firm,0,0,0,0.2117,None,765,1.3764,1.43,5.38,2.17
company_06441,Surya Automotive 532 Partnership Firm,0,0,0,0.1074,None,781,1.3526,5.38,3.25,4.27
company_06442,Infinity Builders 878 LLP,0,0,0,0.1735,None,763,1.5673,5.57,6.62,2.06
company_06443,Hindustan Metals 967 LLP,0,0,0,0.3145,None,793,1.141,3.84,3.7,1.44
company_06444,Surya Chemicals 657 Private Limited,0,0,0,0.2836,None,677,2.2741,4.34,4.02,1.8
company_06445,Sterling Foods 174 Private Limited,0,0,0,0.222,None,776,1.3607,3.1,4.4,1.76
company_06446,Tejas Power 964 Partnership Firm,0,0,0,0.1794,None,743,1.4007,4.59,5.08,2.16
company_06447,Ganesh Renewables 617 Partnership Firm,0,0,0,0.3023,None,750,1.5713,3.76,3.46,1.52
company_06448,Arogya Solutions 616 LLP,1,0,1,0.9049,circular_trading,639,0.2,27.26,37.42,8.91
company_06449,Tejas Retail 605 Partnership Firm,0,0,0,0.2137,None,803,0.9046,4.47,3.91,0.62
company_06450,Infinity Metals 381 Partnership Firm,0,0,0,0.0571,None,846,1.3628,6.2,3.62,0.0
company_06451,Vanguard Foods 900 LLP,0,0,0,0.0747,None,759,1.2205,3.82,2.91,1.25
company_06452,Zenith Industries 197 LLP,1,0,1,0.9345,evergreening,718,0.728,20.79,15.83,13.58
company_06453,Apex Solutions 251 Partnership Firm,0,0,0,0.1322,None,775,1.079,3.74,3.66,1.42
company_06454,Vidya Industries 348 Partnership Firm,0,1,1,0.465,evergreening,737,1.4024,5.18,3.71,2.33
company_06455,Bhaskar Builders 716 Private Limited,0,0,0,0.0331,None,679,1.3551,2.99,2.88,3.06
company_06456,Zenith Enterprises 958 Private Limited,0,0,0,0.0176,None,788,1.0613,5.45,3.13,1.46
company_06457,Aditya Metals 754 Partnership Firm,0,0,0,0.2668,None,744,1.9844,18.0,5.3,1.39
company_06458,Radhe Industries 716 Private Limited,1,0,1,0.8661,shell_company,576,1.1444,45.97,26.32,7.49
company_06459,Delta Retail 373 Private Limited,0,0,0,0.3168,None,768,1.9489,7.33,4.54,1.11
company_06460,Urja Pharma 689 Partnership Firm,0,0,0,0.3424,None,740,1.8218,2.89,2.85,2.34
company_06461,Delta Textiles 393 Partnership Firm,0,0,0,0.2472,None,763,2.0038,7.15,3.24,2.19
company_06462,Urja Retail 263 LLP,0,0,0,0.3459,None,726,1.7033,3.73,5.01,3.31
company_06463,Hindustan Infrastructure 735 Private Limited,0,0,0,0.2446,None,743,1.9124,10.84,4.29,3.83
company_06464,Radhe Logistics 103 Partnership Firm,1,0,1,0.9437,revenue_inflation,641,1.0199,28.84,48.85,8.18
company_06465,Apex Textiles 960 LLP,0,0,0,0.2974,None,757,2.3683,2.64,3.68,1.58
company_06466,Matrix Healthcare 918 Partnership Firm,0,0,0,0.0232,None,749,0.7212,2.76,5.53,3.68
company_06467,Ganesh Infrastructure 317 Private Limited,0,0,0,0.2472,None,776,1.6735,2.21,2.48,1.22
company_06468,Bharat Pharma 873 Partnership Firm,0,0,0,0.1828,None,743,1.3116,3.76,2.84,2.46
company_06469,Surya Renewables 937 Private Limited,0,0,0,0.2624,None,703,2.3817,3.41,4.74,3.87
company_06470,Infinity Retail 481 Partnership Firm,0,0,0,0.0166,None,767,1.8505,6.12,9.0,1.14
company_06471,Urja Metals 664 Partnership Firm,0,0,0,0.0942,None,789,1.3909,2.87,4.94,1.78
company_06472,Karan Metals 290 Partnership Firm,0,0,0,0.2589,None,803,1.6553,2.48,4.35,1.2
company_06473,Infinity Retail 658 Private Limited,0,0,0,0.1947,None,710,1.2739,2.03,2.89,2.17
company_06474,Shivam Renewables 203 LLP,0,0,0,0.3149,None,744,1.1705,3.51,5.34,1.55
company_06475,Radhe Enterprises 348 LLP,0,0,0,0.1226,None,749,1.3314,5.6,7.42,2.02
company_06476,Zenith Foods 798 Partnership Firm,0,0,0,0.1932,None,748,0.7918,2.64,2.91,3.21
company_06477,Aditya Industries 311 Private Limited,0,0,0,0.0702,None,759,1.4754,4.33,2.94,1.89
company_06478,Karan Pharma 500 LLP,0,0,0,0.1137,None,671,1.604,4.36,3.79,4.31
company_06479,Kalyani Energy 291 Private Limited,0,0,0,0.0994,None,744,1.3236,11.86,5.07,2.24
company_06480,Zenith Textiles 384 Private Limited,0,0,0,0.3242,None,744,2.2053,3.16,4.77,1.66
company_06481,Delta Pharma 713 Private Limited,0,0,0,0.1193,None,651,1.206,2.66,3.66,5.23
company_06482,Vidya Logistics 871 Private Limited,1,0,1,0.9782,benami_siphoning,683,0.894,19.56,27.5,9.44
company_06483,Surya Retail 493 Partnership Firm,1,0,1,0.8579,circular_trading,641,0.7646,32.31,20.49,6.74
company_06484,Urja Infotech 958 LLP,0,0,0,0.2099,None,799,1.3253,4.7,5.35,1.97
company_06485,Zenith Enterprises 621 Partnership Firm,0,0,0,0.2993,None,739,0.982,6.1,4.12,1.14
company_06486,Matrix Foods 108 Private Limited,1,0,1,0.9693,evergreening,742,1.8183,19.75,17.94,19.75
company_06487,Sterling Logistics 614 LLP,0,0,0,0.3442,None,726,1.2743,8.94,4.65,2.19
company_06488,Bhaskar Healthcare 869 Partnership Firm,0,0,0,0.0695,None,658,1.531,6.88,6.52,3.17
company_06489,Vidya Foods 553 LLP,0,0,0,0.1219,None,766,2.3294,5.22,5.56,2.14
company_06490,Delta Logistics 127 LLP,0,0,0,0.0647,None,809,1.4491,6.32,6.3,1.55
company_06491,Kalyani Infotech 501 Partnership Firm,0,0,0,0.335,None,747,1.2704,9.31,5.26,1.25
company_06492,Vanguard Retail 195 Partnership Firm,0,0,0,0.0898,None,709,1.372,5.66,6.76,2.27
company_06493,Arogya Solutions 259 Private Limited,0,0,0,0.2589,None,714,0.9163,4.84,3.32,4.1
company_06494,Urja Power 199 Private Limited,0,0,0,0.0837,None,725,1.1644,2.29,2.41,1.98
company_06495,Vidya Infrastructure 745 LLP,1,0,1,0.8707,shell_company,590,1.1933,42.25,36.29,12.17
company_06496,Shivam Healthcare 919 Partnership Firm,0,0,0,0.0889,None,705,2.3293,3.37,11.5,1.98
company_06497,Kalyani Builders 904 Private Limited,1,0,1,0.8694,shell_company,604,1.5843,62.35,31.42,10.18
company_06498,Vanguard Enterprises 354 LLP,0,0,0,0.1413,None,742,1.2546,4.19,3.62,1.48
company_06499,Bhaskar Chemicals 712 Partnership Firm,0,0,0,0.2622,None,639,1.4814,7.05,3.47,2.32
company_06500,Bhaskar Builders 978 LLP,1,0,1,0.6123,evergreening,633,0.7024,10.88,8.93,10.24
company_06501,Arogya Infrastructure 881 LLP,0,1,1,0.4196,revenue_inflation,727,2.2092,6.27,2.44,2.19
company_06502,Kalyani Retail 169 Partnership Firm,0,0,0,0.2314,None,747,2.1044,4.2,4.66,1.82
company_06503,Radhe Textiles 591 LLP,0,0,0,0.1373,None,727,1.3908,4.07,4.89,3.38
company_06504,Infinity Renewables 275 LLP,0,0,0,0.2234,None,673,1.3632,2.34,4.82,2.84
company_06505,Urja Retail 420 LLP,1,0,1,0.8877,seasonal_manipulation,637,1.317,36.45,13.73,7.43
company_06506,Navrachana Infotech 102 Partnership Firm,0,0,0,0.1715,None,771,1.4555,6.52,3.57,1.79
company_06507,Bharat Foods 576 Partnership Firm,0,0,0,0.1832,None,756,1.54,4.36,5.16,1.22
company_06508,Infinity Enterprises 522 LLP,0,0,0,0.2972,None,768,1.111,3.78,3.5,2.46
company_06509,Bhaskar Chemicals 476 LLP,1,0,1,0.9202,revenue_inflation,737,0.7866,55.45,35.93,11.04
company_06510,Ambika Healthcare 970 LLP,1,0,1,0.5374,revenue_inflation,609,0.4658,27.64,37.49,5.61
company_06511,Vidya Automotive 344 LLP,0,0,0,0.1266,None,787,1.4104,6.36,6.82,2.96
company_06512,Ambika Enterprises 987 Private Limited,0,0,0,0.235,None,751,1.5919,5.26,5.04,3.48
company_06513,Vidya Power 851 Partnership Firm,0,0,0,0.2616,None,734,1.4318,2.7,3.51,2.36
company_06514,Vidya Retail 118 LLP,0,0,0,0.1932,None,699,1.4283,3.92,6.16,3.11
company_06515,Sterling Foods 766 Private Limited,0,0,0,0.0821,None,746,2.0717,3.38,6.15,2.17
company_06516,Matrix Infrastructure 408 Partnership Firm,0,0,0,0.3058,None,714,1.0454,4.58,4.23,2.14
company_06517,Bharat Builders 700 Private Limited,0,0,0,0.0211,None,797,2.1606,3.73,4.79,0.19
company_06518,Matrix Renewables 997 Private Limited,0,0,0,0.1641,None,709,0.9886,5.0,5.29,2.52
company_06519,Urja Foods 615 LLP,1,0,1,0.8658,revenue_inflation,584,1.2431,31.48,39.85,7.49
company_06520,Hindustan Logistics 922 Private Limited,0,0,0,0.0693,None,741,1.3686,1.77,3.33,1.64
company_06521,Aditya Pharma 581 Partnership Firm,0,0,0,0.3273,None,805,1.3436,4.49,4.31,1.85
company_06522,Vidya Energy 293 Partnership Firm,0,0,0,0.1057,None,728,1.4793,10.92,4.94,2.53
company_06523,Surya Metals 208 Partnership Firm,0,0,0,0.2833,None,692,1.529,3.31,4.71,2.68
company_06524,Aditya Energy 746 LLP,0,0,0,0.0788,None,740,0.9731,4.22,5.54,2.01
company_06525,Kalyani Logistics 210 Partnership Firm,0,0,0,0.3361,None,613,1.3008,4.4,7.49,3.36
company_06526,Kalyani Logistics 950 LLP,1,0,1,0.9474,shell_company,642,0.7186,31.87,30.85,8.26
company_06527,Radhe Builders 502 Private Limited,0,0,0,0.0667,None,810,1.824,8.92,10.04,3.11
company_06528,Vidya Foods 190 LLP,0,0,0,0.0358,None,698,1.1161,8.4,5.02,2.63
company_06529,Karan Retail 529 Partnership Firm,1,0,1,0.9365,benami_siphoning,668,1.2974,15.93,27.88,6.52
company_06530,Apex Chemicals 516 Partnership Firm,1,0,1,0.5541,seasonal_manipulation,655,1.0234,24.22,6.31,11.59
company_06531,Surya Solutions 597 Partnership Firm,0,0,0,0.0628,None,750,2.4544,3.07,3.18,1.82
company_06532,Tejas Logistics 282 Private Limited,0,0,0,0.0476,None,713,1.2305,5.81,4.45,1.35
company_06533,Sterling Pharma 523 LLP,0,0,0,0.0465,None,800,2.1762,3.87,6.08,1.84
company_06534,Surya Metals 374 Private Limited,0,0,0,0.2591,None,784,1.4972,3.96,4.88,1.36
company_06535,Bharat Energy 237 Partnership Firm,0,0,0,0.2624,None,787,2.3181,4.49,5.01,1.43
company_06536,Apex Infotech 562 Partnership Firm,0,0,0,0.0137,None,806,1.3305,3.74,3.34,0.22
company_06537,Vanguard Logistics 943 LLP,0,0,0,0.1519,None,794,1.0095,5.08,3.2,2.22
company_06538,Radhe Chemicals 902 Private Limited,0,0,0,0.1306,None,850,1.3814,5.99,3.21,0.47
company_06539,Sterling Energy 905 LLP,0,0,0,0.0554,None,766,1.8363,3.09,2.52,2.61
company_06540,Apex Chemicals 675 LLP,0,0,0,0.3403,None,782,1.3491,3.57,3.04,1.64
company_06541,Navrachana Chemicals 511 LLP,0,0,0,0.2146,None,768,1.575,5.68,3.65,2.43
company_06542,Sterling Infrastructure 178 Partnership Firm,0,0,0,0.1713,None,755,1.5386,4.05,4.1,1.55
company_06543,Bhaskar Renewables 677 Partnership Firm,0,0,0,0.3376,None,735,1.4362,7.69,5.2,4.0
company_06544,Arogya Logistics 602 Private Limited,1,0,1,0.9511,revenue_inflation,642,0.5615,44.54,40.96,7.86
company_06545,Matrix Foods 556 LLP,0,0,0,0.2043,None,820,1.0962,2.84,3.05,1.75
company_06546,Shivam Logistics 955 Partnership Firm,0,0,0,0.2114,None,836,1.3506,3.34,2.9,0.86
company_06547,Arogya Pharma 960 Partnership Firm,0,0,0,0.3341,None,774,2.0301,6.27,5.62,1.59
company_06548,Surya Solutions 871 LLP,1,0,1,0.6403,revenue_inflation,720,0.9106,35.53,30.71,4.82
company_06549,Ambika Logistics 554 LLP,0,0,0,0.0935,None,837,1.3691,6.75,3.26,0.21
company_06550,Urja Metals 456 Private Limited,0,0,0,0.05,None,748,1.3693,3.35,3.75,3.44
company_06551,Ganesh Industries 648 Partnership Firm,1,0,1,0.8547,evergreening,693,0.7773,30.9,42.2,17.56
company_06552,Tejas Retail 580 LLP,0,0,0,0.0887,None,662,1.173,3.64,6.98,3.54
company_06553,Tejas Logistics 907 LLP,0,0,0,0.2051,None,712,2.4466,5.85,2.71,1.12
company_06554,Ganesh Pharma 161 Partnership Firm,0,0,0,0.2128,None,738,0.6187,3.43,5.74,2.12
company_06555,Matrix Automotive 354 Private Limited,1,0,1,0.8962,benami_siphoning,681,0.7425,40.43,25.88,7.65
company_06556,Radhe Infrastructure 568 Partnership Firm,0,0,0,0.1919,None,732,1.2993,2.45,2.99,2.71
company_06557,Navrachana Metals 618 Private Limited,1,0,1,0.8731,benami_siphoning,610,1.1118,19.52,25.64,11.34
company_06558,Arogya Enterprises 352 Private Limited,0,0,0,0.1215,None,778,1.5396,3.28,8.9,1.34
company_06559,Radhe Infotech 121 Private Limited,0,0,0,0.3382,None,760,1.4227,5.51,4.81,2.44
company_06560,Karan Automotive 654 Partnership Firm,0,1,1,0.668,seasonal_manipulation,794,1.4923,2.22,3.3,1.9
company_06561,Zenith Power 912 Private Limited,1,0,1,0.9566,evergreening,746,0.4233,36.64,18.41,10.14
company_06562,Infinity Foods 617 Private Limited,0,0,0,0.3388,None,734,2.1936,5.45,3.18,2.25
company_06563,Arogya Metals 819 LLP,0,0,0,0.3342,None,719,1.9932,5.68,2.89,3.71
company_06564,Vanguard Industries 356 Partnership Firm,0,1,1,0.6518,shell_company,711,1.4685,12.56,5.07,3.26
company_06565,Apex Chemicals 324 Partnership Firm,0,0,0,0.114,None,728,1.8691,4.24,5.67,4.6
company_06566,Tejas Power 981 LLP,0,0,0,0.3119,None,745,2.5297,7.09,5.94,2.17
company_06567,Kalyani Metals 792 Private Limited,0,0,0,0.1929,None,750,1.3271,5.09,6.77,1.76
company_06568,Kalyani Energy 246 Private Limited,0,0,0,0.264,None,708,1.2321,3.6,3.82,2.65
company_06569,Delta Logistics 489 LLP,0,0,0,0.1428,None,743,1.7033,8.27,5.22,1.96
company_06570,Aditya Metals 982 Private Limited,0,0,0,0.3213,None,747,1.6633,7.11,3.49,2.49
company_06571,Arogya Infotech 581 Partnership Firm,0,0,0,0.2858,None,775,1.902,3.97,4.05,1.95
company_06572,Infinity Pharma 319 LLP,0,0,0,0.335,None,781,1.8377,5.24,5.3,2.37
company_06573,Bhaskar Solutions 633 Private Limited,0,0,0,0.0595,None,726,1.5231,2.9,4.6,2.18
company_06574,Bhaskar Infotech 834 LLP,0,0,0,0.3243,None,716,1.4065,3.16,3.39,3.36
company_06575,Zenith Retail 488 Private Limited,0,0,0,0.087,None,799,3.0694,2.63,5.94,3.01
company_06576,Matrix Healthcare 763 Partnership Firm,1,0,1,0.8642,seasonal_manipulation,588,1.2565,57.05,12.38,14.17
company_06577,Ambika Chemicals 773 Partnership Firm,1,0,1,0.9782,benami_siphoning,703,0.1,18.46,26.69,7.68
company_06578,Navrachana Solutions 232 LLP,1,0,1,0.8919,benami_siphoning,597,1.2094,47.9,38.43,13.46
company_06579,Apex Foods 457 Private Limited,0,0,0,0.2476,None,697,1.8177,8.89,4.14,10.0
company_06580,Bharat Foods 779 Partnership Firm,0,0,0,0.0725,None,740,0.9358,3.57,2.8,4.46
company_06581,Urja Foods 226 Partnership Firm,0,0,0,0.1386,None,715,1.3647,4.36,5.56,4.36
company_06582,Tejas Renewables 136 Partnership Firm,0,0,0,0.2469,None,849,2.1209,5.21,6.62,0.59
company_06583,Vanguard Solutions 728 LLP,0,0,0,0.0174,None,771,1.8071,2.62,7.32,2.09
company_06584,Matrix Healthcare 489 Partnership Firm,1,0,1,0.945,evergreening,708,0.7747,19.09,10.17,13.39
company_06585,Kalyani Power 813 LLP,0,0,0,0.0844,None,781,1.3029,5.53,4.0,2.45
company_06586,Bhaskar Logistics 688 Private Limited,0,0,0,0.1143,None,748,1.429,6.3,4.35,1.55
company_06587,Bhaskar Industries 954 Partnership Firm,1,0,1,0.8781,shell_company,522,0.9087,44.61,32.47,10.29
company_06588,Apex Industries 927 Partnership Firm,0,0,0,0.1678,None,738,1.9418,7.6,4.29,1.39
company_06589,Hindustan Retail 445 Partnership Firm,0,0,0,0.0567,None,769,1.3366,9.37,3.91,1.32
company_06590,Bharat Foods 779 Private Limited,0,0,0,0.3382,None,753,1.3244,7.13,4.09,1.76
company_06591,Aditya Chemicals 767 LLP,0,0,0,0.0677,None,724,1.6162,1.97,4.35,1.74
company_06592,Navrachana Infotech 357 Private Limited,0,0,0,0.2757,None,745,1.7564,2.96,5.62,1.21
company_06593,Ganesh Industries 437 Private Limited,0,0,0,0.0636,None,781,1.4356,4.7,3.85,1.99
company_06594,Vidya Infrastructure 240 Partnership Firm,0,0,0,0.315,None,747,1.3087,7.0,3.8,3.36
company_06595,Ganesh Healthcare 969 LLP,1,0,1,0.9316,benami_siphoning,665,0.915,15.96,21.44,10.93
company_06596,Surya Industries 917 Partnership Firm,0,0,0,0.2545,None,758,1.5987,2.78,2.61,2.3
company_06597,Radhe Logistics 336 LLP,0,0,0,0.0775,None,725,1.5641,7.49,3.73,2.84
company_06598,Infinity Textiles 413 LLP,0,0,0,0.3269,None,678,1.5812,4.44,6.36,4.01
company_06599,Matrix Renewables 340 Partnership Firm,0,0,0,0.1793,None,807,1.5449,10.19,4.01,1.75
company_06600,Zenith Retail 681 Private Limited,1,0,1,0.9874,circular_trading,741,1.3588,24.53,20.32,6.24
company_06601,Shivam Energy 608 LLP,0,0,0,0.1337,None,657,1.4011,4.03,5.07,4.02
company_06602,Navrachana Pharma 240 Partnership Firm,0,0,0,0.2848,None,750,2.2364,4.33,4.09,2.55
company_06603,Navrachana Foods 689 LLP,0,0,0,0.2623,None,703,1.6293,4.04,4.34,3.24
company_06604,Bhaskar Renewables 273 Partnership Firm,0,0,0,0.2936,None,787,1.4356,5.42,7.63,1.44
company_06605,Ambika Enterprises 557 Private Limited,0,0,0,0.0381,None,762,1.7586,4.22,3.55,2.65
company_06606,Delta Enterprises 727 Partnership Firm,0,0,0,0.2233,None,701,1.318,3.84,5.75,2.18
company_06607,Vidya Foods 230 Private Limited,0,0,0,0.1658,None,697,1.6142,3.82,3.24,2.1
company_06608,Vidya Automotive 774 Private Limited,0,1,1,0.6644,evergreening,697,1.3533,7.94,6.58,1.76
company_06609,Zenith Textiles 863 Private Limited,0,0,0,0.2803,None,724,1.1462,2.91,6.29,2.19
company_06610,Radhe Retail 122 Partnership Firm,0,0,0,0.273,None,802,1.5812,2.37,4.14,1.32
company_06611,Shivam Solutions 159 Private Limited,0,0,0,0.1963,None,766,1.2573,3.0,4.39,2.71
company_06612,Radhe Textiles 337 Partnership Firm,0,0,0,0.3255,None,766,1.4932,1.85,5.06,2.05
company_06613,Delta Logistics 632 Partnership Firm,0,0,0,0.2585,None,790,1.1892,4.1,3.97,2.51
company_06614,Delta Retail 999 Partnership Firm,0,0,0,0.2697,None,758,1.1099,5.38,5.56,3.02
company_06615,Matrix Foods 250 Private Limited,0,0,0,0.1586,None,739,1.561,3.6,3.06,2.59
company_06616,Ganesh Industries 910 Partnership Firm,0,0,0,0.0951,None,642,1.267,2.86,4.18,4.65
company_06617,Shivam Foods 833 Partnership Firm,0,0,0,0.1138,None,712,1.5483,4.97,5.7,3.05
company_06618,Arogya Metals 775 Private Limited,0,0,0,0.3093,None,776,1.1716,2.66,2.92,1.12
company_06619,Vidya Infrastructure 884 Partnership Firm,0,0,0,0.0728,None,779,0.8466,3.13,4.79,1.42
company_06620,Vidya Builders 790 LLP,0,0,0,0.081,None,754,1.5019,6.68,8.72,2.59
company_06621,Surya Retail 324 Partnership Firm,0,0,0,0.2487,None,784,1.334,4.64,3.35,3.52
company_06622,Bhaskar Textiles 116 Private Limited,0,0,0,0.2643,None,748,1.6058,5.17,4.43,5.32
company_06623,Sterling Enterprises 149 Private Limited,0,0,0,0.2263,None,715,0.9662,5.7,7.1,2.84
company_06624,Ganesh Logistics 446 Partnership Firm,0,0,0,0.3162,None,777,1.1994,6.82,3.55,4.04
company_06625,Apex Renewables 151 Partnership Firm,0,0,0,0.1031,None,722,0.7991,4.37,5.99,1.69
company_06626,Ganesh Energy 677 Partnership Firm,0,0,0,0.1517,None,666,1.2445,4.1,4.2,3.54
company_06627,Apex Chemicals 129 Partnership Firm,1,0,1,0.9842,revenue_inflation,677,0.2231,31.21,43.68,7.18
company_06628,Arogya Chemicals 506 Private Limited,0,0,0,0.2488,None,774,1.671,4.67,4.37,3.6
company_06629,Karan Builders 423 Private Limited,0,0,0,0.0172,None,676,1.7239,3.52,5.46,2.66
company_06630,Bhaskar Logistics 489 Partnership Firm,0,0,0,0.2164,None,680,1.5117,4.48,3.75,3.54
company_06631,Aditya Renewables 619 Partnership Firm,0,0,0,0.1194,None,740,0.6115,5.12,4.87,3.2
company_06632,Aditya Logistics 390 Partnership Firm,0,0,0,0.1462,None,821,1.0985,3.38,3.58,0.61
company_06633,Bharat Metals 762 Private Limited,0,0,0,0.2882,None,793,1.358,7.21,5.65,3.08
company_06634,Tejas Textiles 737 LLP,0,0,0,0.332,None,697,1.6049,1.96,4.13,3.36
company_06635,Aditya Enterprises 563 Private Limited,0,0,0,0.1511,None,758,1.7229,3.3,2.99,2.19
company_06636,Shivam Energy 219 Partnership Firm,1,0,1,0.8902,shell_company,617,1.3876,42.96,36.75,6.69
company_06637,Sterling Healthcare 155 Partnership Firm,0,0,0,0.1171,None,688,1.5,6.99,4.14,3.77
company_06638,Aditya Metals 429 Private Limited,0,0,0,0.0167,None,683,1.1999,4.04,2.6,1.82
company_06639,Ganesh Energy 891 LLP,0,0,0,0.2112,None,738,1.1831,6.96,3.19,2.69
company_06640,Tejas Retail 345 Private Limited,0,0,0,0.3385,None,736,1.9214,3.16,3.63,1.54
company_06641,Vanguard Power 218 Partnership Firm,0,0,0,0.1846,None,734,1.3857,6.76,4.69,2.53
company_06642,Hindustan Textiles 251 Partnership Firm,0,0,0,0.3427,None,705,1.4192,5.17,4.28,3.55
company_06643,Tejas Pharma 537 Private Limited,0,0,0,0.2282,None,707,0.6821,13.73,4.38,3.57
company_06644,Arogya Metals 559 Private Limited,0,0,0,0.2365,None,700,1.7471,2.77,4.13,4.42
company_06645,Matrix Infotech 746 LLP,0,0,0,0.0606,None,691,1.8642,4.77,2.62,4.52
company_06646,Infinity Textiles 345 Private Limited,0,0,0,0.1711,None,741,2.122,3.17,3.28,1.32
company_06647,Radhe Builders 649 Partnership Firm,0,0,0,0.2482,None,738,1.6892,4.17,3.8,2.63
company_06648,Aditya Retail 295 Private Limited,0,0,0,0.2921,None,804,0.9747,3.63,4.38,1.93
company_06649,Tejas Energy 895 Partnership Firm,0,0,0,0.0149,None,769,1.499,5.61,3.32,2.75
company_06650,Shivam Healthcare 639 LLP,0,0,0,0.1443,None,734,2.0774,8.53,3.64,1.79
company_06651,Karan Infrastructure 519 Partnership Firm,0,0,0,0.0874,None,730,1.3261,8.37,2.69,2.33
company_06652,Zenith Renewables 774 Private Limited,0,0,0,0.3439,None,715,2.6612,2.57,2.85,2.46
company_06653,Shivam Logistics 710 Private Limited,0,0,0,0.1222,None,783,1.4928,3.1,6.67,1.82
company_06654,Vanguard Renewables 364 Private Limited,0,0,0,0.047,None,813,1.2416,4.31,5.31,2.59
company_06655,Aditya Healthcare 926 LLP,0,0,0,0.0864,None,801,1.6568,4.56,4.76,0.58
company_06656,Urja Enterprises 858 Private Limited,0,0,0,0.1822,None,703,1.2528,5.9,3.22,2.64
company_06657,Kalyani Retail 326 Private Limited,0,0,0,0.0244,None,762,2.0202,4.23,6.1,6.26
company_06658,Zenith Industries 894 Partnership Firm,0,0,0,0.3238,None,685,1.6476,4.05,3.76,1.83
company_06659,Sterling Pharma Partnership Firm,1,0,1,0.8601,benami_siphoning,666,0.2872,18.0,29.88,6.05
company_06660,Ambika Retail 946 Partnership Firm,0,1,1,0.4689,seasonal_manipulation,707,1.1478,2.33,3.27,2.41
company_06661,Surya Pharma 715 Private Limited,1,0,1,0.9594,revenue_inflation,631,0.7199,29.71,31.07,8.83
company_06662,Urja Renewables 253 Private Limited,0,0,0,0.0699,None,700,2.3973,2.56,2.57,3.54
company_06663,Vidya Solutions 796 LLP,0,0,0,0.072,None,734,1.8419,2.8,4.84,5.15
company_06664,Tejas Industries 480 LLP,0,0,0,0.0568,None,738,1.7747,3.46,4.37,1.85
company_06665,Shivam Metals 314 LLP,0,0,0,0.2791,None,759,1.0204,3.39,3.19,2.2
company_06666,Bharat Solutions 137 Private Limited,0,0,0,0.14,None,772,1.6113,6.49,5.06,2.01
company_06667,Hindustan Energy 585 Partnership Firm,0,0,0,0.0236,None,829,1.782,5.08,4.51,1.62
company_06668,Radhe Pharma 712 Partnership Firm,0,0,0,0.2726,None,712,1.5475,2.14,3.46,2.13
company_06669,Karan Chemicals 235 Partnership Firm,0,0,0,0.1732,None,777,1.9714,3.65,6.91,0.82
company_06670,Navrachana Solutions 551 Private Limited,0,0,0,0.0635,None,729,1.3296,5.38,4.03,2.35
company_06671,Arogya Healthcare 603 LLP,1,0,1,0.9325,shell_company,543,1.2086,59.82,36.2,6.48
company_06672,Bharat Enterprises 976 Partnership Firm,0,0,0,0.1589,None,743,2.2965,5.26,3.65,2.44
company_06673,Vidya Builders 656 Partnership Firm,0,0,0,0.128,None,705,1.3645,3.03,3.53,1.78
company_06674,Surya Infrastructure 359 LLP,0,0,0,0.0253,None,707,1.5685,3.84,5.41,2.76
company_06675,Hindustan Metals 589 Private Limited,0,0,0,0.3222,None,768,1.7659,8.46,5.55,1.25
company_06676,Surya Logistics 305 Private Limited,1,0,1,0.9006,revenue_inflation,636,1.4121,33.69,30.76,12.18
company_06677,Infinity Industries 345 Partnership Firm,0,0,0,0.1278,None,761,1.0788,4.43,4.9,1.87
company_06678,Karan Metals 134 Partnership Firm,0,0,0,0.3155,None,777,1.0357,3.06,5.27,2.45
company_06679,Tejas Retail 844 LLP,0,0,0,0.1683,None,716,1.4104,4.72,3.83,2.91
company_06680,Matrix Power 543 LLP,0,0,0,0.1538,None,786,1.3018,5.3,5.1,1.65
company_06681,Urja Infotech 514 LLP,1,0,1,0.5517,revenue_inflation,667,1.0736,28.2,29.82,8.47
company_06682,Zenith Pharma 371 LLP,0,0,0,0.2294,None,720,1.1114,5.8,4.6,3.86
company_06683,Aditya Healthcare 860 LLP,0,0,0,0.2998,None,738,1.3026,3.42,3.05,5.14
company_06684,Hindustan Logistics 730 LLP,0,0,0,0.0334,None,699,1.6537,4.29,3.87,2.63
company_06685,Navrachana Chemicals 590 Private Limited,0,0,0,0.1066,None,726,1.1916,12.97,3.91,3.36
company_06686,Tejas Foods 626 LLP,0,0,0,0.2524,None,718,1.0185,6.13,4.35,2.23
company_06687,Vidya Solutions 290 Private Limited,0,0,0,0.0267,None,774,1.1528,3.53,3.69,2.2
company_06688,Infinity Retail 114 Private Limited,0,0,0,0.1876,None,716,1.1085,3.38,3.27,3.03
company_06689,Delta Pharma 823 LLP,0,0,0,0.0329,None,767,2.5568,4.56,3.07,1.79
company_06690,Apex Foods 998 LLP,0,0,0,0.2894,None,748,1.2596,3.21,4.93,2.05
company_06691,Vidya Enterprises 897 LLP,0,0,0,0.3098,None,718,1.5834,6.22,4.57,2.62
company_06692,Matrix Automotive 797 Partnership Firm,1,0,1,0.9166,shell_company,590,1.0763,44.9,58.73,11.43
company_06693,Karan Renewables 214 Private Limited,0,0,0,0.0745,None,772,1.7147,8.43,3.86,2.02
company_06694,Infinity Logistics 579 Partnership Firm,0,0,0,0.1987,None,772,1.3763,5.1,3.75,1.89
company_06695,Hindustan Industries 274 LLP,0,0,0,0.1904,None,719,2.1625,4.35,3.91,2.64
company_06696,Matrix Energy 742 LLP,0,0,0,0.1168,None,698,1.7056,1.69,3.21,3.01
company_06697,Surya Enterprises 571 LLP,0,0,0,0.2209,None,712,1.6264,2.96,3.06,3.21
company_06698,Ambika Power 841 LLP,0,0,0,0.2579,None,762,1.5174,3.23,5.95,1.56
company_06699,Vidya Infotech 585 LLP,0,0,0,0.1209,None,686,1.6949,4.33,3.55,3.02
company_06700,Urja Healthcare 930 Private Limited,1,0,1,0.9294,benami_siphoning,656,1.2265,25.63,33.92,12.74
company_06701,Arogya Builders 693 Partnership Firm,0,0,0,0.0238,None,728,0.8425,3.75,4.83,2.2
company_06702,Kalyani Infotech 868 Private Limited,0,0,0,0.1321,None,714,1.219,5.09,5.82,3.22
company_06703,Shivam Renewables 441 Partnership Firm,0,0,0,0.2914,None,756,1.4782,3.01,3.54,2.63
company_06704,Delta Power 527 Partnership Firm,0,0,0,0.0971,None,709,1.2026,3.68,2.95,3.52
company_06705,Delta Infotech 409 LLP,0,0,0,0.0398,None,798,1.907,8.83,4.07,1.2
company_06706,Surya Solutions 729 Private Limited,0,0,0,0.2269,None,711,1.8735,4.57,2.81,3.61
company_06707,Ambika Retail 855 LLP,0,0,0,0.1715,None,785,1.4055,7.52,7.29,1.69
company_06708,Bharat Power 859 LLP,0,0,0,0.2886,None,830,1.5807,5.15,7.04,1.04
company_06709,Vidya Textiles 159 LLP,0,0,0,0.333,None,822,0.7392,14.54,4.62,1.73
company_06710,Hindustan Textiles 245 Private Limited,0,0,0,0.0575,None,737,1.2531,4.07,4.54,2.23
company_06711,Surya Logistics 117 Partnership Firm,0,0,0,0.2367,None,728,1.4967,16.68,4.54,3.08
company_06712,Bhaskar Enterprises Partnership Firm,0,0,0,0.1386,None,729,0.8925,3.17,2.31,2.17
company_06713,Ambika Power 207 Partnership Firm,1,0,1,0.7955,shell_company,574,1.4672,35.9,37.17,4.42
company_06714,Urja Industries 231 LLP,1,0,1,0.9415,circular_trading,718,1.3716,30.83,16.0,6.93
company_06715,Arogya Retail 567 LLP,0,0,0,0.0475,None,750,1.6598,3.19,2.78,2.91
company_06716,Matrix Automotive 163 LLP,0,0,0,0.0342,None,842,1.1699,2.88,3.35,0.14
company_06717,Zenith Solutions 684 Private Limited,0,0,0,0.256,None,742,0.9017,5.05,3.68,2.28
company_06718,Shivam Builders 590 LLP,0,0,0,0.0575,None,785,1.4854,3.34,3.23,3.16
company_06719,Navrachana Textiles 692 LLP,0,0,0,0.1526,None,821,0.8378,3.47,4.99,1.67
company_06720,Bharat Solutions 665 Private Limited,1,0,1,0.6126,seasonal_manipulation,682,1.2337,19.42,16.36,5.56
company_06721,Ambika Chemicals 141 LLP,1,0,1,0.8927,circular_trading,687,0.2905,28.31,17.26,15.66
company_06722,Vanguard Renewables 471 Partnership Firm,0,0,0,0.1434,None,723,1.5728,4.28,3.76,1.51
company_06723,Radhe Infotech 517 Private Limited,0,0,0,0.1515,None,722,2.0816,4.15,11.41,1.68
company_06724,Urja Logistics 627 Partnership Firm,0,0,0,0.0372,None,740,1.821,5.25,5.57,2.24
company_06725,Vidya Metals 351 LLP,0,0,0,0.0242,None,749,1.8312,1.88,4.42,1.67
company_06726,Hindustan Healthcare 152 Private Limited,0,0,0,0.1015,None,791,1.7329,6.78,3.72,2.05
company_06727,Matrix Foods 419 LLP,0,0,0,0.3245,None,748,1.5219,2.44,5.4,3.01
company_06728,Aditya Chemicals 574 Partnership Firm,0,0,0,0.3499,None,828,1.6935,3.39,3.28,0.23
company_06729,Kalyani Infotech 890 Partnership Firm,0,0,0,0.0334,None,725,0.6132,2.42,3.23,3.07
company_06730,Aditya Solutions 996 Partnership Firm,0,0,0,0.0436,None,712,1.2989,5.58,2.94,1.88
company_06731,Radhe Retail 845 LLP,0,0,0,0.1314,None,765,1.4446,2.67,2.51,1.69
company_06732,Bhaskar Industries 408 Partnership Firm,0,0,0,0.1034,None,725,1.6343,3.85,5.17,1.23
company_06733,Kalyani Solutions LLP,0,0,0,0.0311,None,722,1.2311,4.55,3.92,2.46
company_06734,Hindustan Energy 765 LLP,1,0,1,0.8155,revenue_inflation,651,1.2637,33.46,20.17,9.53
company_06735,Urja Energy 476 LLP,0,0,0,0.1069,None,722,1.0179,5.48,3.91,4.24
company_06736,Delta Industries 104 LLP,0,0,0,0.243,None,767,1.8837,2.73,3.82,1.79
company_06737,Tejas Energy 507 LLP,0,0,0,0.0805,None,766,1.5123,3.73,2.89,2.01
company_06738,Shivam Power 947 LLP,0,0,0,0.2319,None,739,1.6576,2.57,3.13,2.29
company_06739,Aditya Pharma 809 Private Limited,0,0,0,0.077,None,746,1.7898,2.51,7.8,1.49
company_06740,Vidya Power 332 Partnership Firm,0,0,0,0.2927,None,770,0.9537,10.32,6.04,1.46
company_06741,Apex Chemicals 456 Partnership Firm,0,0,0,0.1816,None,707,1.3793,3.22,3.15,3.83
company_06742,Aditya Healthcare 882 Partnership Firm,0,0,0,0.1208,None,798,1.8975,7.06,5.84,1.12
company_06743,Bharat Infrastructure 345 LLP,0,0,0,0.0497,None,830,1.3161,4.17,4.71,2.04
company_06744,Matrix Infotech 579 Private Limited,0,0,0,0.1854,None,719,1.1756,2.79,5.12,3.45
company_06745,Bharat Enterprises 890 LLP,0,0,0,0.0359,None,708,1.4084,4.06,4.55,1.83
company_06746,Ganesh Logistics 501 Partnership Firm,0,0,0,0.0169,None,821,1.0234,8.63,3.61,2.16
company_06747,Arogya Retail 822 Private Limited,0,0,0,0.097,None,765,1.4553,5.77,3.7,1.3
company_06748,Delta Solutions 459 LLP,0,0,0,0.2636,None,717,2.2113,3.34,4.1,2.67
company_06749,Surya Energy 834 Private Limited,0,0,0,0.145,None,725,0.8766,1.88,7.89,1.92
company_06750,Navrachana Enterprises 870 Private Limited,0,0,0,0.1917,None,751,1.0841,3.8,8.36,1.51
company_06751,Shivam Renewables 555 LLP,0,0,0,0.1356,None,664,2.1664,1.91,3.15,3.14
company_06752,Vanguard Foods 278 Private Limited,0,0,0,0.2099,None,729,1.325,8.16,6.25,2.18
company_06753,Surya Pharma 654 Partnership Firm,0,0,0,0.348,None,891,1.4392,4.45,4.45,3.62
company_06754,Arogya Textiles 999 Partnership Firm,0,0,0,0.0662,None,805,1.6443,5.14,3.0,1.04
company_06755,Delta Renewables 304 LLP,0,0,0,0.2799,None,722,1.0126,2.34,5.07,1.7
company_06756,Vanguard Enterprises 533 Partnership Firm,0,0,0,0.2799,None,749,1.7589,2.94,3.43,3.26
company_06757,Kalyani Foods 576 Partnership Firm,0,0,0,0.3492,None,687,1.448,1.96,3.16,2.37
company_06758,Shivam Chemicals 187 Private Limited,0,0,0,0.3138,None,703,0.8657,8.71,3.27,2.15
company_06759,Matrix Retail 177 Partnership Firm,0,0,0,0.3219,None,733,1.4303,1.55,2.5,1.98
company_06760,Tejas Retail 500 Partnership Firm,0,0,0,0.1538,None,750,3.0337,3.56,3.79,2.12
company_06761,Delta Automotive 298 Partnership Firm,0,0,0,0.1625,None,754,1.0824,3.37,3.68,2.27
company_06762,Bharat Pharma 594 Partnership Firm,0,0,0,0.3456,None,693,2.0082,3.04,3.6,3.29
company_06763,Infinity Chemicals 368 Private Limited,0,0,0,0.2964,None,772,1.294,2.06,5.28,1.55
company_06764,Navrachana Energy 416 Partnership Firm,0,0,0,0.3017,None,781,0.9773,4.02,4.41,1.21
company_06765,Ganesh Foods 133 LLP,0,1,1,0.7189,shell_company,741,1.3869,1.91,3.59,3.3
company_06766,Kalyani Automotive 276 Private Limited,1,0,1,0.8921,revenue_inflation,681,0.857,30.87,38.31,12.95
company_06767,Arogya Textiles 196 Partnership Firm,0,0,0,0.3483,None,739,0.7821,3.51,3.77,1.84
company_06768,Arogya Chemicals 515 Partnership Firm,0,0,0,0.2491,None,720,1.7573,7.89,2.98,2.38
company_06769,Ganesh Industries 130 LLP,0,0,0,0.1942,None,732,1.1857,5.47,3.24,2.42
company_06770,Urja Foods 797 Private Limited,0,0,0,0.2155,None,756,1.6885,8.03,3.94,1.78
company_06771,Zenith Textiles 293 Private Limited,0,0,0,0.1998,None,746,1.4106,4.55,6.45,2.24
company_06772,Urja Power 322 Partnership Firm,0,1,1,0.4676,evergreening,775,1.7603,4.78,4.62,3.18
company_06773,Urja Pharma 838 Partnership Firm,0,0,0,0.1158,None,761,1.8993,10.07,6.24,1.95
company_06774,Hindustan Retail 264 Partnership Firm,0,0,0,0.3456,None,773,1.5282,4.36,4.17,2.95
company_06775,Zenith Energy 196 Partnership Firm,0,0,0,0.3344,None,712,2.0813,3.94,4.25,2.58
company_06776,Tejas Infotech 773 LLP,1,0,1,0.9542,revenue_inflation,672,0.5425,69.86,22.88,10.77
company_06777,Apex Retail 264 LLP,0,0,0,0.1226,None,766,1.4084,3.02,6.83,0.91
company_06778,Radhe Infotech 173 Private Limited,0,0,0,0.2115,None,774,1.3576,3.39,3.53,3.72
company_06779,Ambika Enterprises 296 Partnership Firm,0,0,0,0.1826,None,732,1.4196,3.61,5.28,2.51
company_06780,Ambika Renewables 411 Partnership Firm,0,0,0,0.0273,None,739,1.6967,4.61,9.11,1.92
company_06781,Kalyani Metals 587 LLP,1,0,1,0.8606,evergreening,602,0.5666,20.11,18.77,18.71
company_06782,Shivam Foods 146 LLP,0,0,0,0.3067,None,716,1.8448,3.13,2.54,3.12
company_06783,Urja Industries 217 Private Limited,1,0,1,0.9356,benami_siphoning,624,0.6855,15.93,22.77,14.26
company_06784,Infinity Infotech 511 Partnership Firm,0,0,0,0.064,None,748,2.0365,3.65,4.24,2.58
company_06785,Vanguard Automotive 263 LLP,0,0,0,0.1637,None,764,1.3867,2.63,2.1,4.31
company_06786,Surya Enterprises 735 LLP,0,0,0,0.2638,None,663,0.8782,4.03,4.42,4.65
company_06787,Arogya Metals 126 LLP,0,0,0,0.1439,None,775,2.2204,4.69,4.47,3.42
company_06788,Tejas Infrastructure 268 LLP,1,0,1,0.8517,revenue_inflation,661,0.8964,31.37,33.4,8.02
company_06789,Radhe Industries 892 Private Limited,0,0,0,0.0272,None,790,1.1408,2.65,3.03,3.08
company_06790,Shivam Textiles 535 Partnership Firm,0,0,0,0.2533,None,790,2.8414,2.83,2.49,2.29
company_06791,Tejas Automotive 236 LLP,0,0,0,0.1011,None,753,1.7929,3.64,4.37,4.09
company_06792,Apex Retail 835 Partnership Firm,0,0,0,0.1077,None,764,1.2611,6.24,3.05,3.31
company_06793,Urja Builders 444 Partnership Firm,0,0,0,0.2268,None,730,1.4813,2.23,4.35,2.34
company_06794,Infinity Metals 320 LLP,0,0,0,0.0197,None,763,1.0774,4.95,4.5,2.0
company_06795,Vidya Textiles 302 Partnership Firm,0,0,0,0.2505,None,754,1.2961,7.36,7.23,2.07
company_06796,Matrix Retail 459 Partnership Firm,0,0,0,0.3068,None,738,1.4261,5.86,3.26,3.46
company_06797,Apex Builders 698 Private Limited,0,0,0,0.0371,None,769,2.2376,4.55,3.19,3.07
company_06798,Bhaskar Foods 919 Partnership Firm,0,0,0,0.2605,None,801,2.5114,4.72,4.58,1.99
company_06799,Kalyani Industries 633 Partnership Firm,0,0,0,0.0721,None,779,1.3328,5.68,3.94,4.02
company_06800,Zenith Builders 938 LLP,0,0,0,0.2511,None,782,1.908,6.28,3.77,0.77
company_06801,Ganesh Automotive 908 LLP,0,1,1,0.6573,shell_company,712,2.1422,5.03,4.14,4.38
company_06802,Urja Energy 188 Partnership Firm,0,0,0,0.2571,None,773,1.2791,3.43,4.4,2.32
company_06803,Urja Chemicals 972 LLP,0,0,0,0.2364,None,738,1.5825,4.11,3.84,2.19
company_06804,Hindustan Foods 999 Private Limited,0,0,0,0.0853,None,765,1.2333,3.18,2.94,5.72
company_06805,Karan Infotech 300 LLP,0,1,1,0.5078,revenue_inflation,752,1.8687,5.67,5.31,1.53
company_06806,Ambika Infrastructure 421 LLP,0,0,0,0.0723,None,751,1.3035,2.92,4.26,1.72
company_06807,Aditya Renewables 429 LLP,0,0,0,0.1494,None,733,1.3044,5.72,5.68,2.42
company_06808,Sterling Chemicals 953 Private Limited,0,0,0,0.0303,None,738,1.186,4.92,4.32,3.34
company_06809,Hindustan Infotech 309 Partnership Firm,0,0,0,0.211,None,818,2.0892,6.8,3.36,2.35
company_06810,Surya Chemicals 950 LLP,0,0,0,0.2531,None,705,1.8046,9.28,3.94,2.31
company_06811,Matrix Energy 411 Private Limited,0,0,0,0.0467,None,653,1.8902,3.81,5.36,4.33
company_06812,Shivam Healthcare 306 LLP,1,0,1,0.9539,circular_trading,654,0.2,27.39,19.3,7.54
company_06813,Hindustan Builders 881 Private Limited,0,0,0,0.3396,None,775,1.2315,9.4,3.44,1.06
company_06814,Kalyani Industries 916 LLP,0,0,0,0.0436,None,739,0.9829,4.54,4.68,2.51
company_06815,Infinity Solutions 260 LLP,0,0,0,0.3421,None,801,1.3684,4.64,5.91,2.69
company_06816,Aditya Industries 715 Partnership Firm,0,0,0,0.0171,None,810,1.8015,4.08,4.39,0.19
company_06817,Ganesh Textiles 797 Partnership Firm,0,0,0,0.2665,None,822,1.2038,9.12,4.01,0.16
company_06818,Navrachana Energy 222 Partnership Firm,0,0,0,0.2991,None,727,0.6658,2.74,2.97,1.89
company_06819,Navrachana Solutions 265 Partnership Firm,0,0,0,0.1208,None,714,1.5245,2.06,3.12,4.06
company_06820,Tejas Automotive 250 LLP,0,0,0,0.2251,None,689,1.1788,6.85,5.0,2.97
company_06821,Infinity Chemicals 188 LLP,0,0,0,0.2502,None,786,1.6121,2.39,4.68,0.47
company_06822,Zenith Infrastructure 436 Partnership Firm,0,0,0,0.2147,None,768,2.2282,9.65,2.94,1.52
company_06823,Vanguard Industries 353 LLP,0,0,0,0.2541,None,728,1.8831,3.87,3.02,3.0
company_06824,Vanguard Power 829 Partnership Firm,0,0,0,0.3414,None,801,1.4277,3.4,8.62,1.27
company_06825,Sterling Renewables 563 Private Limited,0,0,0,0.2544,None,742,1.5189,7.81,3.69,2.17
company_06826,Navrachana Retail 652 LLP,0,0,0,0.0702,None,740,1.3778,5.62,7.37,1.88
company_06827,Bhaskar Textiles 305 Partnership Firm,0,1,1,0.5064,revenue_inflation,828,1.2377,4.21,4.2,3.08
company_06828,Zenith Automotive 913 LLP,0,0,0,0.3035,None,780,1.3499,1.66,3.3,3.88
company_06829,Ambika Automotive 596 LLP,1,0,1,0.6825,revenue_inflation,656,0.8378,34.96,40.16,6.98
company_06830,Aditya Automotive 511 Private Limited,0,0,0,0.2654,None,705,1.853,5.57,4.72,2.67
company_06831,Infinity Textiles 995 Partnership Firm,0,0,0,0.1736,None,741,2.409,1.83,2.95,1.99
company_06832,Sterling Automotive 666 Private Limited,0,1,1,0.5654,benami_siphoning,726,1.212,2.75,4.67,3.16
company_06833,Radhe Automotive 252 LLP,0,0,0,0.0309,None,701,2.4587,4.7,4.94,2.97
company_06834,Urja Healthcare 395 LLP,0,0,0,0.2375,None,745,0.8795,4.49,6.36,2.38
company_06835,Tejas Pharma 820 Partnership Firm,0,0,0,0.141,None,647,1.0462,2.83,3.28,4.64
company_06836,Vidya Automotive 132 Private Limited,0,0,0,0.1001,None,824,1.4243,3.75,2.98,0.89
company_06837,Infinity Automotive 943 LLP,0,0,0,0.2619,None,763,1.0585,3.31,3.06,1.67
company_06838,Ganesh Pharma 308 Private Limited,0,0,0,0.0553,None,716,1.3352,11.46,4.08,2.21
company_06839,Urja Infrastructure 116 Private Limited,0,0,0,0.1052,None,764,1.7096,9.61,5.56,1.01
company_06840,Shivam Pharma 980 Private Limited,0,0,0,0.0272,None,710,1.6088,3.95,2.71,1.91
company_06841,Infinity Textiles 101 LLP,0,0,0,0.3276,None,823,1.2648,5.1,3.55,0.63
company_06842,Shivam Retail 996 Partnership Firm,0,0,0,0.2399,None,750,1.7332,1.11,2.22,2.8
company_06843,Bharat Industries 997 Partnership Firm,0,1,1,0.5517,circular_trading,717,1.1502,2.62,3.71,1.95
company_06844,Matrix Enterprises 116 Private Limited,0,0,0,0.1803,None,706,1.3138,8.52,5.28,7.21
company_06845,Delta Metals 587 LLP,0,0,0,0.3404,None,707,1.9484,5.32,4.18,5.74
company_06846,Ambika Infrastructure 462 Private Limited,0,0,0,0.1379,None,682,1.4104,2.97,2.84,5.71
company_06847,Zenith Automotive 277 LLP,0,0,0,0.0348,None,676,1.3317,3.35,3.0,5.2
company_06848,Hindustan Pharma 222 Private Limited,0,0,0,0.0367,None,713,1.9333,3.3,6.92,3.86
company_06849,Ambika Chemicals 854 LLP,0,0,0,0.0681,None,709,1.6315,6.57,4.07,3.33
company_06850,Arogya Power 803 LLP,0,0,0,0.2369,None,764,1.0795,2.48,3.6,1.98
company_06851,Vidya Retail 381 Private Limited,0,0,0,0.18,None,734,1.2189,9.71,4.7,3.32
company_06852,Aditya Metals 462 LLP,0,0,0,0.1158,None,772,1.6076,10.13,4.55,4.48
company_06853,Radhe Chemicals 624 Partnership Firm,0,0,0,0.073,None,708,1.15,3.83,5.19,4.05
company_06854,Vanguard Industries 884 LLP,0,0,0,0.3029,None,817,1.7702,6.04,5.51,0.49
company_06855,Sterling Infotech 857 Partnership Firm,0,0,0,0.0901,None,735,1.6982,3.45,3.21,1.5
company_06856,Matrix Energy 751 Private Limited,1,0,1,0.5381,revenue_inflation,603,0.6734,27.08,41.98,6.72
company_06857,Sterling Infotech 141 LLP,0,0,0,0.3116,None,798,1.7411,3.07,6.07,2.51
company_06858,Apex Healthcare 285 LLP,0,0,0,0.1393,None,739,1.7325,3.4,4.08,1.86
company_06859,Kalyani Healthcare 168 Partnership Firm,0,0,0,0.0475,None,843,1.3132,4.89,4.28,1.28
company_06860,Karan Logistics 221 Private Limited,0,0,0,0.2712,None,690,1.4885,7.16,5.31,1.86
company_06861,Arogya Chemicals 913 Private Limited,0,0,0,0.2811,None,794,1.0868,5.9,3.21,1.84
company_06862,Vidya Energy 545 Partnership Firm,0,0,0,0.0938,None,800,2.0374,6.39,5.17,2.81
company_06863,Urja Power 147 LLP,0,0,0,0.1683,None,780,1.5424,2.89,3.77,1.01
company_06864,Sterling Energy 145 LLP,0,0,0,0.0703,None,771,1.0611,2.99,5.38,1.61
company_06865,Hindustan Infrastructure 601 Private Limited,0,0,0,0.0696,None,749,1.4275,6.93,3.71,3.14
company_06866,Delta Infrastructure 866 Private Limited,0,0,0,0.2557,None,763,1.6731,4.81,9.27,3.42
company_06867,Vanguard Textiles 658 LLP,0,0,0,0.3497,None,744,1.2656,4.21,8.82,0.7
company_06868,Aditya Power 482 Private Limited,1,0,1,0.8311,evergreening,683,0.9087,8.75,15.95,11.17
company_06869,Urja Chemicals 620 LLP,0,0,0,0.0195,None,719,1.0179,6.49,3.33,3.01
company_06870,Infinity Energy 753 LLP,0,0,0,0.2581,None,758,1.4147,10.36,5.72,3.27
company_06871,Tejas Automotive 807 Private Limited,0,0,0,0.1646,None,738,1.1786,1.71,2.31,2.86
company_06872,Aditya Healthcare 423 LLP,0,0,0,0.0615,None,725,0.8044,4.3,3.62,2.02
company_06873,Bhaskar Industries 244 Private Limited,0,0,0,0.1795,None,829,1.0754,2.12,2.61,0.76
company_06874,Kalyani Automotive 412 Partnership Firm,0,0,0,0.2418,None,714,1.5658,5.8,4.51,2.44
company_06875,Vidya Solutions 836 LLP,0,0,0,0.0393,None,775,1.8574,3.53,4.24,1.94
company_06876,Vanguard Metals 190 Private Limited,0,0,0,0.1911,None,730,1.6655,3.08,3.69,5.88
company_06877,Ambika Foods 143 Private Limited,0,0,0,0.0532,None,775,1.202,4.83,8.62,1.61
company_06878,Navrachana Solutions 668 Private Limited,0,0,0,0.1988,None,748,1.5398,4.89,5.12,1.58
company_06879,Radhe Logistics 383 Partnership Firm,0,0,0,0.153,None,737,1.2315,6.23,3.85,2.15
company_06880,Surya Logistics 257 Private Limited,0,0,0,0.0861,None,790,1.5699,3.97,6.52,1.63
company_06881,Navrachana Textiles 744 LLP,0,0,0,0.2681,None,762,1.7609,5.39,4.67,3.29
company_06882,Zenith Builders 749 Private Limited,0,0,0,0.2049,None,776,1.6984,4.46,3.59,1.14
company_06883,Bharat Healthcare 680 LLP,0,0,0,0.2159,None,743,2.0792,5.7,3.9,2.54
company_06884,Tejas Automotive 361 Private Limited,0,0,0,0.1765,None,701,1.7475,7.35,5.25,3.72
company_06885,Zenith Retail 753 Private Limited,0,0,0,0.05,None,785,1.3303,4.13,3.5,3.26
company_06886,Bhaskar Logistics 989 Private Limited,0,0,0,0.0205,None,756,1.9107,3.34,2.82,1.91
company_06887,Tejas Infrastructure 315 Partnership Firm,0,0,0,0.2343,None,754,1.7175,8.3,4.65,2.52
company_06888,Surya Renewables 370 Private Limited,0,0,0,0.2095,None,728,2.1785,7.81,4.3,1.82
company_06889,Sterling Automotive 908 LLP,0,0,0,0.2297,None,748,1.2651,2.89,5.09,2.05
company_06890,Radhe Infotech 559 LLP,1,0,1,0.9316,shell_company,610,0.6328,45.86,35.47,7.95
company_06891,Delta Foods 541 Private Limited,0,0,0,0.0888,None,756,2.3749,4.22,4.35,1.44
company_06892,Sterling Healthcare 793 Partnership Firm,0,0,0,0.1878,None,632,1.6658,3.8,6.32,3.47
company_06893,Surya Infotech 506 Private Limited,0,0,0,0.0681,None,769,1.1493,3.25,5.54,1.12
company_06894,Arogya Logistics 104 LLP,0,0,0,0.1333,None,701,2.5094,2.82,4.4,3.17
company_06895,Shivam Foods 437 LLP,0,0,0,0.0879,None,836,1.3187,5.0,3.4,2.8
company_06896,Arogya Infrastructure 942 Private Limited,0,0,0,0.0715,None,814,1.5939,4.38,4.17,1.24
company_06897,Radhe Pharma 224 Private Limited,1,0,1,0.8715,shell_company,550,1.0928,41.41,30.2,5.92
company_06898,Kalyani Textiles 774 Partnership Firm,0,0,0,0.137,None,766,1.5785,2.98,3.0,5.23
company_06899,Karan Automotive 104 Partnership Firm,0,0,0,0.0372,None,740,1.9874,3.55,4.3,2.55
company_06900,Bhaskar Chemicals 403 Partnership Firm,1,0,1,0.629,circular_trading,653,0.9917,14.86,12.24,5.98
company_06901,Arogya Foods 400 Private Limited,0,0,0,0.159,None,719,0.9982,6.0,6.45,3.27
company_06902,Kalyani Power 317 Partnership Firm,0,0,0,0.3209,None,690,2.0912,7.11,3.81,2.44
company_06903,Urja Healthcare 748 LLP,0,0,0,0.0422,None,792,1.1652,4.06,5.63,1.58
company_06904,Vanguard Textiles 265 Private Limited,0,0,0,0.1122,None,802,1.4144,3.56,3.02,1.18
company_06905,Bhaskar Solutions 322 Partnership Firm,0,0,0,0.3071,None,800,1.1105,4.7,5.83,1.85
company_06906,Aditya Chemicals 985 Partnership Firm,0,0,0,0.1842,None,751,1.3342,4.67,6.37,2.66
company_06907,Radhe Textiles 219 Partnership Firm,0,0,0,0.316,None,725,1.4271,8.47,2.84,5.2
company_06908,Bhaskar Enterprises 979 Partnership Firm,0,0,0,0.2351,None,757,1.6025,3.28,3.21,1.08
company_06909,Apex Retail 125 Partnership Firm,0,0,0,0.235,None,715,1.1945,6.42,4.56,3.81
company_06910,Sterling Solutions 668 Partnership Firm,1,0,1,0.9209,evergreening,592,0.8251,18.11,10.42,15.61
company_06911,Aditya Textiles 994 Partnership Firm,0,0,0,0.1266,None,761,1.2637,6.45,3.21,1.38
company_06912,Hindustan Enterprises 984 LLP,0,0,0,0.0607,None,793,1.2775,3.51,4.06,2.63
company_06913,Radhe Solutions 162 Partnership Firm,0,0,0,0.0269,None,755,1.4171,12.1,3.7,1.71
company_06914,Surya Renewables 262 Partnership Firm,0,0,0,0.2118,None,790,1.5556,4.4,3.55,1.36
company_06915,Hindustan Pharma 265 Partnership Firm,0,0,0,0.3019,None,760,0.9628,6.31,3.74,1.79
company_06916,Aditya Industries 512 Private Limited,0,0,0,0.2071,None,678,1.1808,1.94,3.08,3.32
company_06917,Urja Power 533 LLP,0,0,0,0.1391,None,805,1.3325,5.72,6.6,3.25
company_06918,Surya Power 787 Private Limited,0,0,0,0.241,None,721,1.8234,4.65,5.01,1.89
company_06919,Zenith Infrastructure 135 LLP,0,0,0,0.2527,None,717,1.7457,8.48,4.74,3.14
company_06920,Shivam Foods 120 Partnership Firm,0,0,0,0.2509,None,823,1.4386,3.6,7.13,1.69
company_06921,Delta Logistics 835 Partnership Firm,1,0,1,0.9893,revenue_inflation,678,1.3274,26.79,48.4,12.63
company_06922,Kalyani Pharma 744 LLP,0,0,0,0.0343,None,761,1.3476,4.82,5.78,1.1
company_06923,Zenith Enterprises 205 Partnership Firm,0,0,0,0.2079,None,702,1.7009,4.38,3.9,3.56
company_06924,Karan Retail 180 Partnership Firm,0,0,0,0.2746,None,767,1.0875,7.53,3.06,1.33
company_06925,Apex Retail 852 Private Limited,0,0,0,0.1597,None,767,1.6869,3.72,4.08,1.23
company_06926,Bhaskar Automotive 238 LLP,0,0,0,0.2013,None,798,1.5349,2.78,3.1,2.6
company_06927,Shivam Retail 126 Partnership Firm,1,0,1,0.9491,benami_siphoning,710,1.5265,26.48,42.16,9.48
company_06928,Sterling Chemicals 975 LLP,0,0,0,0.3154,None,815,0.9028,4.64,3.52,2.52
company_06929,Vidya Infrastructure 496 LLP,0,0,0,0.3119,None,752,1.1576,2.65,4.02,1.58
company_06930,Infinity Chemicals 350 Private Limited,0,0,0,0.0163,None,757,1.7464,3.46,5.6,4.69
company_06931,Kalyani Builders 764 LLP,0,0,0,0.2981,None,780,1.7138,2.01,3.7,1.24
company_06932,Matrix Pharma 499 Private Limited,0,0,0,0.2589,None,800,0.809,3.3,3.43,2.86
company_06933,Zenith Logistics 542 Partnership Firm,0,1,1,0.4957,benami_siphoning,712,1.4365,5.44,5.15,2.39
company_06934,Navrachana Energy 219 Partnership Firm,0,0,0,0.1002,None,788,1.4852,3.19,3.88,1.8
company_06935,Ambika Metals 775 Private Limited,0,0,0,0.0717,None,722,1.4976,5.62,9.4,1.98
company_06936,Arogya Automotive 399 Private Limited,0,0,0,0.0506,None,743,1.8209,5.82,8.24,1.39
company_06937,Sterling Infotech 818 Private Limited,1,0,1,0.8153,seasonal_manipulation,659,0.3283,24.13,13.37,8.07
company_06938,Aditya Industries 844 Private Limited,0,0,0,0.1952,None,772,1.5448,7.88,3.48,2.3
company_06939,Sterling Chemicals 538 LLP,0,0,0,0.0871,None,745,1.2031,5.99,5.62,3.34
company_06940,Apex Pharma 323 LLP,0,1,1,0.6121,shell_company,792,1.7904,3.96,3.45,2.18
company_06941,Shivam Renewables 618 LLP,0,0,0,0.1905,None,717,1.9639,3.63,3.51,3.22
company_06942,Kalyani Automotive 595 Private Limited,0,0,0,0.2592,None,729,0.8656,1.83,5.77,2.41
company_06943,Bharat Power 428 Partnership Firm,0,0,0,0.2239,None,754,0.5814,4.2,3.81,2.14
company_06944,Delta Industries 579 Private Limited,0,0,0,0.2841,None,715,1.058,9.76,7.04,2.49
company_06945,Sterling Textiles 393 LLP,0,0,0,0.0664,None,771,1.7762,12.33,3.84,1.53
company_06946,Karan Energy 116 Private Limited,0,0,0,0.1968,None,820,1.6885,8.0,2.9,0.51
company_06947,Ambika Foods 722 Private Limited,1,0,1,0.9264,benami_siphoning,671,1.7314,26.96,19.86,10.29
company_06948,Radhe Power 176 Private Limited,1,0,1,0.5983,revenue_inflation,640,0.7469,20.85,32.13,5.23
company_06949,Vidya Logistics 460 LLP,0,0,0,0.1942,None,735,1.6173,4.27,4.86,3.07
company_06950,Zenith Pharma 918 Partnership Firm,0,0,0,0.3032,None,742,1.5565,8.8,3.0,2.47
company_06951,Apex Pharma 263 LLP,0,0,0,0.2968,None,838,0.8313,2.19,2.91,0.81
company_06952,Sterling Solutions 448 Private Limited,0,0,0,0.3088,None,701,1.4416,2.03,4.25,2.36
company_06953,Kalyani Textiles 582 Private Limited,0,0,0,0.2816,None,728,1.3657,7.5,3.75,2.43
company_06954,Karan Textiles 859 Private Limited,0,0,0,0.0316,None,757,1.0236,5.04,4.67,1.35
company_06955,Vanguard Metals 375 Private Limited,0,0,0,0.2503,None,720,1.0368,4.0,4.11,2.45
company_06956,Delta Automotive 746 Partnership Firm,0,1,1,0.5467,revenue_inflation,742,1.785,2.38,2.82,3.27
company_06957,Surya Infrastructure 430 LLP,0,0,0,0.1678,None,795,1.936,6.48,3.73,1.63
company_06958,Bhaskar Healthcare 569 Partnership Firm,0,0,0,0.0693,None,802,1.6886,6.18,3.19,1.99
company_06959,Apex Retail 377 LLP,0,0,0,0.1299,None,753,1.5769,7.54,4.91,2.54
company_06960,Ganesh Renewables 453 Private Limited,1,0,1,0.6897,evergreening,605,0.6252,18.63,7.59,13.16
company_06961,Aditya Infrastructure 928 Private Limited,0,0,0,0.0527,None,705,1.2778,3.74,3.4,2.25
company_06962,Bharat Retail 656 LLP,0,0,0,0.0155,None,647,1.0994,3.63,5.57,3.92
company_06963,Ganesh Automotive 963 Partnership Firm,1,0,1,0.6711,benami_siphoning,671,1.1112,12.97,21.97,5.42
company_06964,Vidya Metals 658 Private Limited,0,0,0,0.097,None,803,1.5805,2.66,3.27,0.0
company_06965,Apex Metals 278 LLP,0,0,0,0.1734,None,791,1.406,5.31,2.33,1.28
company_06966,Shivam Energy 112 Partnership Firm,1,0,1,0.9702,evergreening,677,1.1157,18.1,23.39,12.76
company_06967,Urja Metals 974 Private Limited,0,0,0,0.2653,None,788,0.9487,10.35,2.78,0.98
company_06968,Karan Logistics 858 LLP,0,0,0,0.0355,None,773,2.0914,4.95,7.36,1.42
company_06969,Infinity Infotech 243 Private Limited,0,0,0,0.1551,None,717,1.0808,2.29,6.14,1.86
company_06970,Urja Textiles 211 Partnership Firm,0,0,0,0.1603,None,762,1.6604,6.15,3.68,1.02
company_06971,Apex Enterprises 237 Private Limited,0,0,0,0.2793,None,761,1.3088,8.22,4.32,1.23
company_06972,Bharat Solutions 400 Partnership Firm,0,0,0,0.1968,None,772,1.3482,4.56,3.51,2.36
company_06973,Apex Infrastructure 233 LLP,0,0,0,0.1939,None,708,1.327,6.93,5.2,3.1
company_06974,Vidya Logistics 339 Private Limited,0,0,0,0.3454,None,649,1.79,4.64,3.62,2.05
company_06975,Ganesh Industries 149 Private Limited,0,0,0,0.3212,None,741,1.8115,3.27,10.14,2.12
company_06976,Kalyani Renewables 670 Private Limited,0,0,0,0.1854,None,779,1.3847,4.91,5.09,1.94
company_06977,Tejas Power 884 LLP,0,0,0,0.3141,None,753,1.5062,3.22,7.45,4.11
company_06978,Radhe Solutions 972 LLP,0,0,0,0.1617,None,792,0.9991,6.1,3.61,3.39
company_06979,Bharat Automotive 481 Private Limited,0,0,0,0.1644,None,715,0.9569,2.66,4.79,3.51
company_06980,Karan Industries 635 Private Limited,0,0,0,0.1268,None,794,1.1962,4.74,3.5,0.71
company_06981,Karan Pharma 497 Partnership Firm,0,0,0,0.1594,None,703,2.2351,4.02,3.13,3.01
company_06982,Bharat Industries 910 LLP,0,0,0,0.1213,None,732,1.6075,7.58,5.06,2.33
company_06983,Karan Industries 396 Partnership Firm,0,0,0,0.1937,None,818,1.7235,2.5,2.22,1.48
company_06984,Aditya Healthcare 498 Private Limited,0,0,0,0.1621,None,744,1.7333,3.88,3.5,2.26
company_06985,Bhaskar Infrastructure 303 Partnership Firm,0,0,0,0.0315,None,734,1.2206,3.65,3.47,2.66
company_06986,Zenith Logistics 583 Partnership Firm,0,0,0,0.2989,None,767,1.3571,3.97,6.47,2.24
company_06987,Bhaskar Industries 202 Private Limited,0,0,0,0.1696,None,744,0.8339,4.7,4.7,1.78
company_06988,Ambika Chemicals 887 Private Limited,0,0,0,0.235,None,751,1.9874,5.4,7.32,2.17
company_06989,Kalyani Energy 255 Private Limited,0,0,0,0.2222,None,745,2.0811,3.05,3.31,2.51
company_06990,Aditya Industries 917 Partnership Firm,0,0,0,0.3496,None,719,1.7466,7.09,4.0,2.05
company_06991,Vanguard Automotive 756 LLP,0,0,0,0.1061,None,724,1.8404,7.21,3.39,1.76
company_06992,Hindustan Foods 375 Private Limited,0,0,0,0.0336,None,785,1.3779,4.29,4.21,4.74
company_06993,Surya Enterprises 432 Private Limited,0,0,0,0.2983,None,793,1.5427,5.67,4.82,0.87
company_06994,Sterling Foods 885 LLP,0,0,0,0.1079,None,691,1.5014,4.65,3.52,1.9
company_06995,Arogya Infotech 402 Private Limited,0,0,0,0.3096,None,715,1.412,2.98,3.4,1.59
company_06996,Bhaskar Solutions 105 LLP,0,0,0,0.2409,None,782,1.4199,2.4,6.28,3.63
company_06997,Matrix Metals 698 LLP,0,0,0,0.3369,None,750,2.0159,5.86,2.89,4.72
company_06998,Delta Healthcare 705 Private Limited,0,0,0,0.1794,None,773,1.65,3.3,3.08,2.17
company_06999,Matrix Industries 606 LLP,0,0,0,0.0356,None,727,1.8101,4.42,4.84,1.9
company_07000,Sterling Retail 252 Partnership Firm,1,0,1,0.9821,circular_trading,693,0.9471,26.31,21.32,8.3
company_07001,Sterling Solutions 631 Partnership Firm,0,0,0,0.1341,None,771,1.1667,9.56,3.77,1.53
company_07002,Vidya Energy 293 Private Limited,0,0,0,0.11,None,730,1.0936,6.53,6.15,4.04
company_07003,Ganesh Energy 786 LLP,0,0,0,0.2965,None,740,1.3537,5.67,5.29,1.73
company_07004,Urja Chemicals 484 Partnership Firm,0,0,0,0.21,None,757,1.2146,5.03,4.3,3.3
company_07005,Vidya Power 877 Partnership Firm,0,0,0,0.066,None,681,0.589,6.08,3.86,2.4
company_07006,Surya Chemicals 211 Partnership Firm,0,0,0,0.308,None,762,1.9748,2.51,2.78,1.16
company_07007,Matrix Power 208 Private Limited,1,0,1,0.8647,revenue_inflation,668,0.7142,31.57,68.82,7.45
company_07008,Shivam Builders 516 Partnership Firm,0,0,0,0.2561,None,702,1.0257,3.04,3.26,2.55
company_07009,Urja Power 497 LLP,1,0,1,0.7611,benami_siphoning,651,0.9497,9.25,19.78,6.32
company_07010,Hindustan Enterprises 452 Partnership Firm,0,0,0,0.1629,None,729,2.1841,8.91,3.34,2.54
company_07011,Apex Textiles 398 Private Limited,1,0,1,0.9257,evergreening,644,0.4333,21.59,17.89,15.32
company_07012,Tejas Renewables 436 LLP,0,0,0,0.1911,None,765,1.5426,7.29,3.28,4.12
company_07013,Arogya Energy 496 LLP,0,0,0,0.0355,None,723,1.6075,5.6,2.98,2.66
company_07014,Urja Builders 723 Partnership Firm,0,0,0,0.3229,None,858,1.173,3.16,3.6,1.47
company_07015,Urja Textiles 702 Private Limited,0,0,0,0.0215,None,742,1.8927,4.66,3.74,2.82
company_07016,Karan Builders 905 Partnership Firm,0,0,0,0.2514,None,735,1.2823,4.05,3.15,2.2
company_07017,Apex Energy 780 Partnership Firm,0,0,0,0.3087,None,726,1.2052,1.74,2.34,2.91
company_07018,Matrix Industries 857 LLP,0,0,0,0.0726,None,755,1.3821,3.79,8.31,1.69
company_07019,Karan Logistics 284 LLP,0,1,1,0.6529,benami_siphoning,741,2.1203,3.57,3.31,3.43
company_07020,Kalyani Renewables 862 Partnership Firm,0,0,0,0.2269,None,791,2.4392,4.03,3.81,1.94
company_07021,Sterling Healthcare 507 Partnership Firm,0,0,0,0.1348,None,757,2.1817,4.87,3.13,1.53
company_07022,Shivam Retail 755 Partnership Firm,0,0,0,0.073,None,704,1.815,7.74,5.56,2.65
company_07023,Delta Chemicals 231 LLP,0,0,0,0.1553,None,755,1.4652,3.56,3.04,1.52
company_07024,Bhaskar Foods 561 Partnership Firm,0,0,0,0.095,None,729,0.9403,3.11,8.96,3.35
company_07025,Vanguard Infrastructure 681 Partnership Firm,0,0,0,0.0386,None,744,1.461,3.25,3.21,1.33
company_07026,Urja Metals 876 Private Limited,0,0,0,0.0112,None,725,1.1146,3.07,3.78,2.31
company_07027,Matrix Textiles 260 LLP,0,0,0,0.2365,None,743,1.0889,5.32,5.75,4.21
company_07028,Urja Infrastructure 193 Partnership Firm,0,1,1,0.5166,shell_company,740,1.5459,4.89,3.3,2.49
company_07029,Ganesh Pharma 212 Private Limited,0,0,0,0.3415,None,736,1.5817,5.09,3.92,2.75
company_07030,Bhaskar Solutions 610 Private Limited,0,0,0,0.1443,None,760,1.8194,3.53,4.32,2.18
company_07031,Shivam Healthcare 861 Partnership Firm,0,0,0,0.2896,None,798,1.2881,10.06,6.0,2.2
company_07032,Navrachana Solutions 676 Private Limited,0,0,0,0.3318,None,703,1.175,5.92,4.09,4.35
company_07033,Infinity Chemicals 496 Partnership Firm,1,0,1,0.9096,shell_company,617,0.8399,42.77,28.47,7.07
company_07034,Ambika Healthcare 603 Partnership Firm,0,0,0,0.3337,None,817,1.6211,2.75,3.73,0.67
company_07035,Infinity Automotive 659 LLP,0,0,0,0.0529,None,796,1.5721,12.55,5.78,1.2
company_07036,Zenith Healthcare 122 Partnership Firm,0,0,0,0.1891,None,799,1.2443,4.7,4.48,0.98
company_07037,Aditya Builders 908 Private Limited,1,0,1,0.8428,benami_siphoning,684,1.5811,8.83,32.26,6.06
company_07038,Zenith Power 455 Private Limited,0,0,0,0.3164,None,787,1.2492,2.82,2.88,1.09
company_07039,Infinity Renewables 669 Partnership Firm,0,0,0,0.1563,None,735,1.841,5.42,3.45,1.49
company_07040,Vanguard Foods 682 Partnership Firm,0,0,0,0.257,None,696,1.1584,2.45,2.63,3.01
company_07041,Zenith Foods 178 LLP,0,0,0,0.3401,None,779,1.6113,6.93,4.95,1.77
company_07042,Aditya Automotive 103 LLP,0,0,0,0.2242,None,686,1.1169,5.59,4.72,2.68
company_07043,Apex Infotech 861 Private Limited,0,0,0,0.3055,None,758,1.4147,4.07,2.72,1.58
company_07044,Navrachana Infrastructure 504 Private Limited,0,0,0,0.1184,None,782,1.2021,3.77,5.8,2.36
company_07045,Sterling Energy 222 LLP,0,0,0,0.1582,None,754,1.5524,3.49,4.14,1.91
company_07046,Urja Enterprises 194 Private Limited,0,0,0,0.3215,None,699,2.667,4.7,2.65,2.33
company_07047,Navrachana Chemicals 563 Partnership Firm,0,0,0,0.0557,None,731,1.6402,3.44,3.12,2.58
company_07048,Infinity Infrastructure 493 LLP,0,0,0,0.025,None,731,1.4883,3.95,3.33,2.92
company_07049,Shivam Industries 998 LLP,0,1,1,0.595,benami_siphoning,749,1.0605,3.53,3.13,0.93
company_07050,Hindustan Textiles 637 LLP,0,0,0,0.2813,None,760,0.6542,6.78,5.6,1.58
company_07051,Delta Foods 164 Private Limited,0,0,0,0.2894,None,743,1.6123,2.52,5.55,2.41
company_07052,Shivam Healthcare 486 LLP,0,0,0,0.305,None,787,1.0509,2.12,2.61,0.97
company_07053,Bharat Enterprises 913 LLP,0,0,0,0.1549,None,766,1.4496,3.05,3.29,3.03
company_07054,Arogya Industries 985 LLP,0,0,0,0.1921,None,744,1.2679,6.68,2.79,2.95
company_07055,Vidya Textiles 427 Partnership Firm,0,0,0,0.308,None,761,1.4934,4.07,3.52,1.46
company_07056,Ganesh Power 861 Private Limited,0,0,0,0.2428,None,818,1.4557,5.66,4.07,2.07
company_07057,Apex Healthcare 505 Private Limited,1,0,1,0.9853,evergreening,633,0.2,25.87,12.85,15.4
company_07058,Bhaskar Enterprises 219 LLP,0,0,0,0.1257,None,745,1.7455,4.25,4.34,1.37
company_07059,Bhaskar Healthcare 353 Partnership Firm,0,0,0,0.1521,None,749,1.2716,10.07,2.87,1.84
company_07060,Surya Energy 449 Private Limited,0,0,0,0.253,None,755,1.2697,3.31,3.82,1.63
company_07061,Surya Solutions 827 Partnership Firm,1,0,1,0.9665,shell_company,511,1.3773,51.41,31.27,9.18
company_07062,Tejas Chemicals 253 Private Limited,0,0,0,0.1602,None,759,0.8156,5.27,3.96,1.97
company_07063,Surya Metals 553 Private Limited,0,0,0,0.1347,None,716,0.9262,5.83,4.17,2.26
company_07064,Ganesh Logistics 693 LLP,0,0,0,0.0735,None,794,0.9788,6.26,4.45,1.28
company_07065,Shivam Textiles 381 Private Limited,0,0,0,0.2656,None,698,0.8417,3.25,2.84,2.25
company_07066,Kalyani Automotive 423 Private Limited,0,0,0,0.3401,None,724,1.3237,11.91,4.53,1.8
company_07067,Infinity Industries 646 Private Limited,0,0,0,0.2792,None,771,1.5476,7.65,4.74,0.96
company_07068,Navrachana Renewables 323 Private Limited,0,0,0,0.1238,None,796,1.3422,6.24,5.06,1.98
company_07069,Kalyani Infotech 621 Partnership Firm,0,0,0,0.179,None,735,1.6601,2.74,3.33,2.3
company_07070,Ambika Healthcare 892 Private Limited,0,0,0,0.0747,None,726,1.5284,4.75,3.53,2.2
company_07071,Shivam Power 573 Partnership Firm,1,0,1,0.9244,evergreening,685,1.6193,15.81,14.7,19.62
company_07072,Karan Enterprises 235 Partnership Firm,0,0,0,0.1713,None,771,1.4233,4.67,5.08,1.83
company_07073,Urja Logistics 823 Partnership Firm,0,0,0,0.216,None,737,1.1902,2.94,2.71,2.1
company_07074,Zenith Automotive 589 Partnership Firm,0,0,0,0.0265,None,717,1.0903,4.2,4.15,2.69
company_07075,Bhaskar Pharma 674 LLP,1,0,1,0.6465,circular_trading,643,0.2,13.73,21.07,5.29
company_07076,Urja Chemicals 854 LLP,0,0,0,0.1719,None,797,1.7502,5.31,4.1,2.27
company_07077,Bhaskar Metals 592 LLP,0,0,0,0.162,None,728,1.1802,4.69,3.44,1.52
company_07078,Vanguard Renewables 687 Private Limited,0,0,0,0.1053,None,812,2.9408,2.95,6.65,2.61
company_07079,Vidya Healthcare 512 Private Limited,1,0,1,0.9381,revenue_inflation,649,1.3694,63.72,43.38,11.58
company_07080,Apex Textiles 207 LLP,0,0,0,0.1064,None,773,1.5704,2.56,3.3,1.25
company_07081,Sterling Infrastructure 484 LLP,0,0,0,0.3451,None,694,1.4178,11.09,4.17,2.73
company_07082,Sterling Builders 490 Private Limited,0,0,0,0.1755,None,671,1.2452,6.95,7.32,2.24
company_07083,Karan Automotive 255 Private Limited,0,0,0,0.1703,None,740,1.8441,5.82,3.86,2.56
company_07084,Surya Energy 199 LLP,1,0,1,0.6288,evergreening,712,0.4851,10.53,12.73,13.77
company_07085,Aditya Pharma 994 Private Limited,0,0,0,0.3117,None,804,1.4515,2.56,2.72,1.35
company_07086,Matrix Automotive 197 LLP,0,0,0,0.0145,None,725,1.6365,7.36,3.28,6.54
company_07087,Infinity Foods 918 Partnership Firm,0,0,0,0.0295,None,713,1.4956,4.56,3.65,1.29
company_07088,Bhaskar Power 229 Partnership Firm,1,0,1,0.9581,evergreening,619,0.4114,19.85,23.57,18.55
company_07089,Surya Infrastructure 923 Partnership Firm,0,0,0,0.1705,None,697,1.2132,4.44,9.32,3.65
company_07090,Aditya Renewables 550 Partnership Firm,0,0,0,0.1198,None,802,1.4405,4.55,3.19,1.17
company_07091,Hindustan Solutions 700 Partnership Firm,1,0,1,0.9407,shell_company,511,1.2377,47.3,35.79,8.4
company_07092,Radhe Textiles 179 Partnership Firm,0,0,0,0.0811,None,724,0.9014,4.38,4.02,2.32
company_07093,Radhe Solutions Private Limited,0,0,0,0.3393,None,774,1.5813,2.52,2.0,1.11
company_07094,Vidya Retail 602 Private Limited,1,0,1,0.7221,shell_company,627,1.8949,41.81,32.48,8.81
company_07095,Bharat Textiles 641 Private Limited,1,0,1,0.7419,circular_trading,698,0.9752,20.46,20.96,3.47
company_07096,Zenith Infrastructure 869 LLP,0,0,0,0.0337,None,717,1.5344,3.76,5.24,2.88
company_07097,Tejas Logistics 130 Partnership Firm,0,0,0,0.2462,None,741,1.4876,6.36,4.12,1.97
company_07098,Ambika Chemicals 608 Private Limited,0,0,0,0.0671,None,760,1.6452,5.42,4.97,1.8
company_07099,Aditya Healthcare 266 Partnership Firm,0,0,0,0.2509,None,791,1.8798,6.77,6.38,0.9
company_07100,Bharat Foods 170 LLP,0,0,0,0.2336,None,773,1.3445,4.08,2.97,2.46
company_07101,Ganesh Healthcare 402 Private Limited,0,0,0,0.2953,None,790,1.3351,2.52,3.32,1.25
company_07102,Vanguard Renewables 843 Partnership Firm,1,0,1,0.681,evergreening,692,0.5992,8.04,7.16,14.06
company_07103,Bharat Logistics 169 Private Limited,0,0,0,0.1094,None,743,1.4166,7.08,4.6,2.42
company_07104,Matrix Infrastructure 396 Partnership Firm,0,0,0,0.1279,None,766,1.5256,3.09,3.05,1.42
company_07105,Ganesh Infrastructure 281 LLP,0,0,0,0.3336,None,722,1.6439,6.9,6.01,2.34
company_07106,Kalyani Foods 575 Partnership Firm,0,0,0,0.3405,None,748,1.5055,5.45,4.25,1.52
company_07107,Karan Enterprises 698 Partnership Firm,0,0,0,0.188,None,769,1.3884,3.68,3.5,2.03
company_07108,Radhe Industries 470 Private Limited,0,0,0,0.1912,None,735,1.2168,4.58,5.0,2.58
company_07109,Delta Textiles 955 Private Limited,0,0,0,0.1129,None,705,1.4058,8.12,3.89,2.1
company_07110,Tejas Chemicals 626 LLP,1,0,1,0.9572,evergreening,638,1.1796,22.88,11.03,15.56
company_07111,Navrachana Renewables 443 Partnership Firm,0,0,0,0.0842,None,771,1.4764,4.36,6.42,1.44
company_07112,Urja Retail 396 Private Limited,0,0,0,0.0921,None,775,1.0799,9.17,6.44,3.06
company_07113,Sterling Chemicals 652 Private Limited,0,0,0,0.3098,None,691,1.2367,6.7,5.28,4.55
company_07114,Kalyani Retail 704 Partnership Firm,0,0,0,0.2787,None,774,1.5252,3.74,3.93,2.33
company_07115,Infinity Retail 671 Partnership Firm,0,0,0,0.1293,None,718,1.5981,2.39,2.69,2.74
company_07116,Urja Enterprises 355 LLP,0,0,0,0.1244,None,803,1.1048,3.61,5.56,0.77
company_07117,Radhe Chemicals 866 Private Limited,0,0,0,0.3261,None,716,1.6246,6.78,3.68,1.96
company_07118,Navrachana Infotech 904 Partnership Firm,0,0,0,0.2084,None,836,1.6928,4.14,5.87,0.0
company_07119,Matrix Logistics 105 Private Limited,0,0,0,0.3443,None,711,2.1123,3.06,5.56,2.4
company_07120,Hindustan Logistics 206 Partnership Firm,0,1,1,0.5923,benami_siphoning,737,1.3081,4.53,6.13,4.09
company_07121,Vidya Logistics 134 LLP,0,0,0,0.1283,None,805,1.2864,6.97,2.77,0.45
company_07122,Radhe Industries 256 Private Limited,0,0,0,0.2838,None,740,2.0034,3.79,3.35,2.22
company_07123,Delta Pharma 150 Private Limited,1,0,1,0.9136,evergreening,597,0.728,17.83,13.43,13.72
company_07124,Matrix Pharma 932 Private Limited,0,0,0,0.2815,None,796,1.6808,3.53,5.25,2.62
company_07125,Karan Pharma 929 Private Limited,0,0,0,0.028,None,736,1.2834,3.38,2.93,6.71
company_07126,Matrix Builders 913 LLP,0,0,0,0.0887,None,749,1.3354,7.41,4.5,2.5
company_07127,Ganesh Infotech 134 Private Limited,0,0,0,0.3347,None,787,1.543,2.93,5.39,1.89
company_07128,Bharat Pharma 516 Private Limited,0,0,0,0.1571,None,734,2.7437,4.64,4.07,2.32
company_07129,Infinity Enterprises 361 Partnership Firm,0,0,0,0.0241,None,751,1.7786,2.9,2.82,2.26
company_07130,Ganesh Textiles 714 LLP,1,0,1,0.8273,shell_company,636,1.1498,40.44,31.62,4.96
company_07131,Ambika Industries 725 Partnership Firm,0,0,0,0.0451,None,691,1.4747,6.9,3.7,3.29
company_07132,Bhaskar Solutions 858 LLP,0,0,0,0.1395,None,710,1.3989,10.61,4.21,1.66
company_07133,Navrachana Automotive 242 Partnership Firm,0,0,0,0.0218,None,842,1.2791,6.0,4.62,1.37
company_07134,Tejas Pharma 858 Partnership Firm,0,0,0,0.1553,None,817,1.3441,7.77,3.88,1.51
company_07135,Arogya Automotive 830 LLP,0,0,0,0.0293,None,743,1.0313,7.23,4.57,2.02
company_07136,Arogya Retail 644 Private Limited,0,0,0,0.3188,None,750,1.2455,15.08,7.8,4.42
company_07137,Aditya Chemicals 420 Private Limited,0,1,1,0.7457,benami_siphoning,768,1.9556,5.84,2.61,1.96
company_07138,Ganesh Infotech 308 LLP,0,0,0,0.1156,None,767,1.9324,3.46,5.05,4.34
company_07139,Infinity Infotech 490 Private Limited,0,0,0,0.3321,None,702,1.1187,2.88,5.76,4.83
company_07140,Kalyani Pharma 748 Private Limited,0,0,0,0.2567,None,818,1.4295,5.56,4.63,1.49
company_07141,Shivam Metals 113 LLP,0,0,0,0.2166,None,722,1.4448,3.11,6.19,3.09
company_07142,Hindustan Textiles 210 Private Limited,1,0,1,0.6971,evergreening,733,1.2683,9.53,8.34,10.55
company_07143,Zenith Automotive 605 Private Limited,0,0,0,0.0598,None,724,1.3989,2.96,4.22,1.87
company_07144,Zenith Automotive 385 Partnership Firm,0,0,0,0.0912,None,752,1.0907,2.17,2.6,1.89
company_07145,Delta Enterprises 153 Partnership Firm,1,0,1,0.854,benami_siphoning,700,0.4197,19.0,34.16,6.22
company_07146,Urja Energy 581 LLP,0,1,1,0.562,revenue_inflation,692,1.7372,2.92,4.62,2.91
company_07147,Bhaskar Automotive 462 Partnership Firm,0,0,0,0.198,None,793,1.0859,3.76,6.59,2.91
company_07148,Bhaskar Automotive 357 Partnership Firm,0,0,0,0.2468,None,692,1.9043,6.5,6.26,2.27
company_07149,Urja Infotech 648 Partnership Firm,0,0,0,0.2565,None,734,0.8487,5.27,6.2,2.74
company_07150,Vidya Infrastructure 898 Partnership Firm,0,0,0,0.0139,None,780,1.5591,2.83,3.21,1.62
company_07151,Delta Healthcare 874 Private Limited,0,0,0,0.2688,None,713,1.4444,3.04,3.54,2.67
company_07152,Hindustan Foods 791 Private Limited,0,0,0,0.2929,None,783,1.5153,1.01,2.18,1.5
company_07153,Zenith Healthcare 519 Partnership Firm,0,0,0,0.2112,None,777,0.9224,10.89,4.22,2.35
company_07154,Vidya Retail 328 Partnership Firm,0,0,0,0.0718,None,813,1.0567,3.16,4.05,1.13
company_07155,Delta Infrastructure 249 Partnership Firm,0,0,0,0.0207,None,801,0.8009,4.22,3.92,0.89
company_07156,Zenith Industries 255 LLP,0,0,0,0.074,None,776,1.0094,1.95,2.55,2.37
company_07157,Radhe Solutions 686 Private Limited,0,0,0,0.2262,None,697,1.2594,2.33,4.45,2.33
company_07158,Infinity Infrastructure 179 LLP,1,0,1,0.8507,seasonal_manipulation,660,0.3874,33.08,13.58,7.34
company_07159,Sterling Retail 975 Private Limited,0,0,0,0.2275,None,787,1.6505,4.52,5.1,1.1
company_07160,Delta Healthcare 696 LLP,0,0,0,0.1965,None,657,2.1037,2.94,2.63,4.69
company_07161,Matrix Metals 831 Private Limited,0,0,0,0.2335,None,787,1.6398,2.42,6.83,1.47
company_07162,Aditya Industries 698 LLP,0,0,0,0.1795,None,704,1.227,8.6,2.58,3.58
company_07163,Karan Automotive 565 Partnership Firm,0,0,0,0.2408,None,709,1.5712,4.16,5.37,2.95
company_07164,Apex Solutions 707 Partnership Firm,0,0,0,0.3035,None,680,1.4536,4.6,3.76,3.07
company_07165,Surya Logistics 529 LLP,0,0,0,0.0466,None,763,1.4609,3.47,4.34,4.46
company_07166,Vidya Pharma 364 Partnership Firm,0,0,0,0.1573,None,770,1.4912,4.53,5.13,2.07
company_07167,Ganesh Infrastructure 482 Partnership Firm,0,0,0,0.2372,None,757,1.5773,4.07,3.76,2.67
company_07168,Ganesh Pharma 301 Private Limited,0,0,0,0.0311,None,784,1.3697,4.7,3.13,1.58
company_07169,Shivam Healthcare 552 Partnership Firm,0,1,1,0.4103,revenue_inflation,722,1.7769,2.82,4.06,2.72
company_07170,Arogya Power 156 Partnership Firm,0,0,0,0.3236,None,733,2.2299,2.94,3.2,1.93
company_07171,Aditya Healthcare 909 Private Limited,0,0,0,0.1531,None,693,1.55,5.84,14.04,2.42
company_07172,Hindustan Logistics 905 LLP,0,0,0,0.1194,None,717,1.3698,6.13,4.93,3.04
company_07173,Urja Chemicals 206 Private Limited,1,0,1,0.844,circular_trading,634,0.867,13.89,8.72,4.79
company_07174,Tejas Chemicals 262 Private Limited,0,0,0,0.3445,None,710,1.7771,1.66,3.26,4.15
company_07175,Surya Chemicals 834 LLP,0,0,0,0.1075,None,724,1.4837,3.84,3.06,2.39
company_07176,Arogya Metals 273 LLP,0,0,0,0.1855,None,738,0.7335,3.0,6.04,4.81
company_07177,Vidya Textiles 172 Private Limited,0,0,0,0.0303,None,766,1.5617,3.73,2.77,1.11
company_07178,Ganesh Energy 460 Partnership Firm,0,0,0,0.1172,None,824,1.4682,4.43,3.04,0.49
company_07179,Radhe Energy 327 Partnership Firm,1,0,1,0.8738,benami_siphoning,623,0.7463,17.77,24.7,11.57
company_07180,Bharat Solutions 702 Private Limited,0,0,0,0.0891,None,697,1.2563,8.11,2.89,2.62
company_07181,Kalyani Textiles 825 Partnership Firm,0,0,0,0.3416,None,700,2.0221,7.61,5.01,2.95
company_07182,Aditya Logistics LLP,1,0,1,0.9178,benami_siphoning,668,0.6232,17.55,28.4,12.38
company_07183,Ambika Enterprises 798 Private Limited,0,0,0,0.2615,None,752,1.3828,3.58,4.21,1.58
company_07184,Kalyani Builders 128 LLP,0,0,0,0.1507,None,791,1.5852,5.8,4.77,2.72
company_07185,Zenith Infrastructure 766 Partnership Firm,0,0,0,0.2675,None,803,1.5887,5.18,6.39,4.0
company_07186,Bhaskar Enterprises 151 Partnership Firm,0,0,0,0.072,None,740,1.6469,3.28,4.24,7.88
company_07187,Surya Power 425 Private Limited,0,0,0,0.2814,None,797,1.4046,4.5,3.97,1.49
company_07188,Matrix Industries 947 LLP,0,0,0,0.2807,None,734,1.7152,4.92,3.45,3.66
company_07189,Navrachana Automotive 820 Private Limited,0,0,0,0.0267,None,791,1.8776,2.98,2.84,4.99
company_07190,Radhe Logistics 415 Partnership Firm,0,0,0,0.3247,None,798,1.4438,3.32,3.94,1.93
company_07191,Navrachana Industries 276 LLP,0,0,0,0.3129,None,713,1.173,3.9,4.14,1.68
company_07192,Infinity Renewables 496 Partnership Firm,0,0,0,0.06,None,728,1.0188,2.23,1.76,4.25
company_07193,Apex Healthcare 900 LLP,0,0,0,0.1146,None,716,1.3965,5.98,3.61,3.17
company_07194,Karan Industries 444 Partnership Firm,0,0,0,0.2727,None,746,1.7354,3.16,8.18,2.15
company_07195,Urja Foods 991 Private Limited,1,0,1,0.9524,shell_company,548,0.9255,43.85,23.69,5.48
company_07196,Aditya Chemicals 557 Private Limited,0,0,0,0.2984,None,715,1.6009,4.06,7.75,1.53
company_07197,Hindustan Logistics 728 Partnership Firm,0,0,0,0.2322,None,772,1.2143,8.59,3.54,4.02
company_07198,Ganesh Logistics 760 Private Limited,0,0,0,0.2175,None,771,1.3031,6.96,4.22,5.1
company_07199,Hindustan Enterprises 576 LLP,0,0,0,0.2369,None,806,1.8835,3.64,3.34,1.9
company_07200,Kalyani Enterprises 415 Partnership Firm,0,0,0,0.2957,None,752,1.2615,3.08,2.88,5.91
company_07201,Kalyani Logistics 832 LLP,1,0,1,0.6672,shell_company,576,1.8702,40.56,42.25,6.39
company_07202,Aditya Metals 111 Private Limited,0,0,0,0.0226,None,720,1.3509,3.18,8.19,3.24
company_07203,Radhe Logistics 787 LLP,0,0,0,0.3402,None,733,1.3512,5.25,3.12,2.24
company_07204,Infinity Renewables 708 Private Limited,1,0,1,0.9705,revenue_inflation,668,1.1168,29.4,21.19,14.1
company_07205,Bharat Energy 236 Partnership Firm,0,0,0,0.3218,None,753,1.0123,6.2,3.22,1.83
company_07206,Bharat Infrastructure 668 Private Limited,0,0,0,0.1695,None,737,1.272,3.64,7.35,2.49
company_07207,Matrix Pharma 852 Private Limited,0,0,0,0.2055,None,729,1.7443,3.56,4.26,4.93
company_07208,Apex Power 779 LLP,0,0,0,0.104,None,682,1.2436,6.63,6.54,2.72
company_07209,Karan Retail 499 Partnership Firm,0,0,0,0.0175,None,790,0.6754,4.81,4.83,0.81
company_07210,Apex Enterprises 412 Private Limited,0,0,0,0.1181,None,734,1.5891,5.43,3.3,2.46
company_07211,Ambika Infrastructure 383 Private Limited,0,0,0,0.1822,None,693,1.069,4.75,3.86,1.9
company_07212,Aditya Pharma 761 Private Limited,0,0,0,0.1356,None,780,1.5167,4.38,5.31,2.04
company_07213,Kalyani Enterprises 188 LLP,0,0,0,0.1376,None,759,1.7495,2.96,4.21,1.91
company_07214,Shivam Industries 122 Partnership Firm,0,0,0,0.2644,None,690,1.1865,8.23,8.07,1.65
company_07215,Hindustan Logistics 457 Private Limited,1,0,1,0.9022,seasonal_manipulation,658,0.568,31.06,36.67,8.51
company_07216,Bharat Enterprises 815 Partnership Firm,0,0,0,0.118,None,768,1.3939,4.68,4.41,1.51
company_07217,Apex Infrastructure 822 LLP,0,0,0,0.1638,None,819,1.035,3.02,4.14,3.21
company_07218,Zenith Textiles 489 Private Limited,1,0,1,0.9834,seasonal_manipulation,626,0.4585,51.07,10.8,12.11
company_07219,Zenith Textiles 185 Partnership Firm,0,0,0,0.1726,None,761,0.9131,3.74,4.16,2.91
company_07220,Shivam Pharma 147 Private Limited,1,0,1,0.9305,seasonal_manipulation,680,1.0567,34.02,21.35,9.55
company_07221,Sterling Enterprises 413 Partnership Firm,0,0,0,0.1212,None,772,1.4426,6.72,3.26,2.14
company_07222,Ganesh Textiles 444 Partnership Firm,1,0,1,0.958,evergreening,648,1.1805,28.33,13.19,16.93
company_07223,Ganesh Chemicals 691 Private Limited,0,0,0,0.2542,None,787,1.7564,2.54,2.52,1.27
company_07224,Shivam Industries 604 Partnership Firm,0,0,0,0.1962,None,818,1.4065,5.63,3.64,2.76
company_07225,Ambika Logistics 114 Partnership Firm,0,0,0,0.136,None,716,1.4579,4.25,3.99,1.76
company_07226,Karan Infrastructure 283 Partnership Firm,0,0,0,0.3443,None,764,1.5862,3.02,5.18,1.78
company_07227,Bhaskar Energy 555 Partnership Firm,0,0,0,0.0997,None,757,1.9898,2.75,3.67,2.04
company_07228,Vidya Logistics 793 LLP,0,0,0,0.1783,None,729,1.4624,3.18,3.09,2.19
company_07229,Radhe Chemicals 849 LLP,1,0,1,0.9572,evergreening,699,0.4805,16.64,13.73,20.87
company_07230,Ambika Infrastructure 379 Partnership Firm,1,0,1,0.5966,evergreening,743,1.6407,14.06,13.05,10.13
company_07231,Vanguard Energy 966 LLP,0,0,0,0.0216,None,782,1.5395,2.96,3.1,3.38
company_07232,Matrix Pharma 501 Private Limited,0,1,1,0.6658,seasonal_manipulation,757,1.3289,2.36,5.02,1.88
company_07233,Surya Retail 565 Private Limited,0,0,0,0.1092,None,744,1.4907,2.25,2.7,2.36
company_07234,Bharat Chemicals 148 LLP,0,0,0,0.3269,None,694,1.3062,7.96,7.97,3.8
company_07235,Delta Healthcare 283 Private Limited,0,0,0,0.1752,None,687,1.1126,4.01,4.19,2.64
company_07236,Surya Builders 188 LLP,0,0,0,0.255,None,750,1.8246,5.75,4.68,1.7
company_07237,Radhe Builders 471 Partnership Firm,0,0,0,0.0124,None,767,2.1154,3.09,5.92,1.66
company_07238,Aditya Healthcare 833 Partnership Firm,0,0,0,0.1294,None,712,0.9027,2.99,3.23,3.47
company_07239,Vanguard Solutions 292 Partnership Firm,1,0,1,0.9192,circular_trading,698,0.7187,30.15,39.95,13.06
company_07240,Vidya Retail 896 Partnership Firm,0,0,0,0.1296,None,730,2.8308,6.07,5.01,1.53
company_07241,Vanguard Builders 736 LLP,0,1,1,0.6083,shell_company,713,1.2631,7.24,3.62,2.18
company_07242,Bharat Industries 565 Private Limited,0,0,0,0.3103,None,785,2.7692,1.77,7.32,1.98
company_07243,Arogya Builders 789 LLP,0,0,0,0.0524,None,703,1.6863,6.38,10.26,2.5
company_07244,Navrachana Energy 554 Partnership Firm,0,0,0,0.2387,None,772,0.9863,3.82,9.35,3.01
company_07245,Shivam Renewables 985 Partnership Firm,0,0,0,0.2723,None,700,1.4831,2.9,2.87,3.97
company_07246,Delta Healthcare 565 Partnership Firm,0,0,0,0.0479,None,768,2.1964,9.31,4.33,1.31
company_07247,Sterling Enterprises 485 Private Limited,0,0,0,0.1757,None,769,1.4539,6.07,3.99,4.33
company_07248,Navrachana Automotive 766 Private Limited,0,0,0,0.1279,None,749,1.2387,3.88,3.83,3.57
company_07249,Tejas Healthcare 187 Private Limited,0,0,0,0.202,None,641,1.7464,3.71,2.8,4.53
company_07250,Apex Power 731 Private Limited,1,0,1,0.9567,benami_siphoning,663,0.4841,25.3,33.26,7.3
company_07251,Aditya Automotive 741 Private Limited,0,0,0,0.1622,None,713,0.897,4.8,3.95,7.89
company_07252,Arogya Logistics 235 Private Limited,0,0,0,0.2575,None,731,1.5817,4.46,3.25,2.7
company_07253,Ganesh Builders 713 LLP,0,0,0,0.0853,None,780,1.2943,4.49,3.67,0.99
company_07254,Delta Energy 450 Private Limited,0,0,0,0.0333,None,700,1.1241,3.4,3.27,2.47
company_07255,Ganesh Pharma 451 Private Limited,0,0,0,0.097,None,751,0.8769,4.23,3.1,2.71
company_07256,Karan Pharma 305 Private Limited,0,0,0,0.1875,None,706,1.3581,2.9,5.52,3.68
company_07257,Kalyani Solutions 596 Partnership Firm,0,0,0,0.2773,None,712,1.853,3.08,5.64,3.45
company_07258,Matrix Foods 707 LLP,0,0,0,0.137,None,756,1.4771,6.96,3.75,1.65
company_07259,Hindustan Industries 862 Partnership Firm,1,0,1,0.9255,seasonal_manipulation,578,0.6422,23.09,13.84,8.88
company_07260,Karan Healthcare 851 Partnership Firm,0,0,0,0.3142,None,716,1.9112,4.52,3.64,4.13
company_07261,Vidya Pharma 309 Private Limited,0,0,0,0.2756,None,765,1.0374,6.43,3.14,2.75
company_07262,Bhaskar Infotech 135 LLP,0,0,0,0.013,None,715,1.0748,4.28,6.57,2.06
company_07263,Sterling Metals 146 LLP,1,0,1,0.9649,revenue_inflation,646,1.6377,29.18,28.31,11.75
company_07264,Shivam Infotech 520 LLP,0,0,0,0.2047,None,732,1.0454,3.43,3.87,1.99
company_07265,Bharat Industries 233 LLP,0,0,0,0.3008,None,742,1.1899,2.38,2.95,2.19
company_07266,Vanguard Renewables 202 Partnership Firm,0,0,0,0.1627,None,747,2.6232,4.19,3.77,3.01
company_07267,Hindustan Industries 198 Partnership Firm,0,0,0,0.0184,None,813,1.2423,5.12,3.48,1.61
company_07268,Bhaskar Foods 601 Private Limited,0,0,0,0.0259,None,835,1.4998,5.97,5.68,3.75
company_07269,Arogya Pharma 538 Private Limited,0,0,0,0.0726,None,785,1.1934,4.91,7.73,1.4
company_07270,Kalyani Pharma 512 Private Limited,0,0,0,0.2363,None,717,0.9293,4.54,4.14,2.07
company_07271,Karan Renewables 771 Partnership Firm,0,0,0,0.2514,None,749,1.3477,2.5,4.33,2.6
company_07272,Ambika Metals 181 LLP,0,0,0,0.0624,None,762,1.2795,7.68,6.98,2.52
company_07273,Infinity Logistics 485 LLP,0,0,0,0.0904,None,719,1.625,2.75,2.87,2.69
company_07274,Infinity Chemicals 924 Partnership Firm,0,0,0,0.1531,None,749,2.8788,4.22,7.39,1.99
company_07275,Hindustan Infrastructure 245 Partnership Firm,0,0,0,0.3432,None,818,1.921,4.86,4.53,4.99
company_07276,Delta Energy 559 LLP,0,0,0,0.1893,None,672,1.8765,6.4,4.0,2.08
company_07277,Bhaskar Renewables 584 Partnership Firm,0,0,0,0.34,None,769,2.0882,4.88,3.85,1.65
company_07278,Ambika Chemicals 886 Partnership Firm,0,0,0,0.1105,None,798,1.469,6.68,3.2,1.43
company_07279,Urja Chemicals 558 Partnership Firm,0,0,0,0.1366,None,772,2.0559,8.76,3.66,1.34
company_07280,Vidya Chemicals 637 Partnership Firm,0,0,0,0.0631,None,801,1.7898,3.27,3.44,1.26
company_07281,Vidya Logistics 170 Private Limited,0,0,0,0.2928,None,797,1.6463,3.96,3.68,1.74
company_07282,Apex Logistics 830 Partnership Firm,0,0,0,0.1768,None,715,1.2587,4.45,3.6,2.34
company_07283,Bharat Retail 300 LLP,1,0,1,0.7136,circular_trading,675,0.8445,35.8,17.13,3.97
company_07284,Surya Industries 903 Private Limited,0,0,0,0.1404,None,699,1.6482,2.16,2.8,5.05
company_07285,Aditya Metals 994 Private Limited,0,0,0,0.1603,None,754,2.1868,4.87,5.65,2.32
company_07286,Apex Textiles 207 Partnership Firm,0,0,0,0.321,None,685,1.5885,4.61,5.11,3.08
company_07287,Vanguard Solutions 308 Partnership Firm,1,0,1,0.9892,seasonal_manipulation,626,1.4246,28.64,10.92,9.79
company_07288,Zenith Enterprises 643 Private Limited,0,0,0,0.2077,None,718,1.9421,2.66,2.69,1.82
company_07289,Sterling Infrastructure 530 Partnership Firm,0,0,0,0.0352,None,814,1.312,9.24,6.08,0.74
company_07290,Ambika Logistics 825 Partnership Firm,0,0,0,0.3074,None,695,1.2889,3.8,3.37,2.4
company_07291,Vanguard Infotech 712 LLP,0,0,0,0.0782,None,704,0.9053,10.04,3.47,6.63
company_07292,Matrix Infotech 888 LLP,0,0,0,0.1526,None,768,0.8789,3.18,3.9,0.88
company_07293,Navrachana Healthcare 913 Private Limited,0,0,0,0.1287,None,725,1.117,5.74,5.12,2.2
company_07294,Surya Retail 118 LLP,0,0,0,0.2496,None,741,1.4928,3.87,7.01,2.14
company_07295,Urja Renewables 849 LLP,0,0,0,0.0386,None,673,1.0655,3.25,3.06,2.0
company_07296,Zenith Foods 452 Partnership Firm,0,0,0,0.1161,None,732,1.0271,7.31,5.18,2.69
company_07297,Zenith Industries 572 LLP,0,0,0,0.197,None,727,1.5901,3.45,4.91,1.95
company_07298,Bharat Infotech 648 Private Limited,0,0,0,0.2625,None,723,1.3848,4.67,3.84,5.5
company_07299,Sterling Healthcare 214 LLP,0,0,0,0.1087,None,795,0.8871,3.55,5.47,6.53
company_07300,Sterling Infotech 628 Partnership Firm,0,0,0,0.2789,None,758,2.9668,2.99,2.94,1.35
company_07301,Delta Textiles 726 Partnership Firm,0,0,0,0.3331,None,743,1.7977,4.23,6.28,2.65
company_07302,Radhe Infrastructure 727 LLP,0,0,0,0.2397,None,799,1.7444,2.65,4.1,0.98
company_07303,Urja Builders 576 Private Limited,0,0,0,0.2683,None,766,1.8566,5.34,4.08,1.81
company_07304,Vanguard Enterprises 903 LLP,0,0,0,0.1196,None,777,1.1769,6.21,3.68,1.26
company_07305,Karan Pharma 413 Partnership Firm,0,0,0,0.0773,None,793,2.1714,3.58,3.99,0.23
company_07306,Navrachana Healthcare 473 Private Limited,0,0,0,0.03,None,759,1.6272,7.87,6.76,1.9
company_07307,Kalyani Pharma 478 Partnership Firm,0,0,0,0.1253,None,757,0.8812,4.18,3.76,1.74
company_07308,Sterling Pharma 536 Private Limited,0,0,0,0.3076,None,775,0.7897,4.44,3.54,2.22
company_07309,Radhe Power 589 Private Limited,1,0,1,0.9312,revenue_inflation,714,1.5105,38.31,31.01,10.23
company_07310,Kalyani Energy 908 LLP,0,0,0,0.1018,None,734,0.8849,3.81,5.73,4.39
company_07311,Ambika Industries 640 LLP,0,0,0,0.2417,None,762,1.4348,4.65,4.73,2.7
company_07312,Kalyani Pharma 220 LLP,0,0,0,0.281,None,789,1.5138,3.95,3.49,1.81
company_07313,Sterling Automotive 481 Private Limited,0,0,0,0.0996,None,792,1.0756,6.12,4.24,2.42
company_07314,Apex Enterprises 319 Partnership Firm,1,0,1,0.5056,revenue_inflation,610,0.9213,24.38,19.35,5.56
company_07315,Matrix Energy 934 LLP,0,0,0,0.2549,None,716,0.9981,4.59,6.09,2.93
company_07316,Delta Foods 439 LLP,0,0,0,0.079,None,705,1.1294,3.24,2.79,2.75
company_07317,Bharat Industries 432 Private Limited,0,0,0,0.0887,None,715,1.2347,3.47,3.0,2.66
company_07318,Zenith Builders 305 Private Limited,0,0,0,0.2071,None,767,1.7913,2.8,4.32,1.65
company_07319,Vidya Automotive 827 Private Limited,0,0,0,0.032,None,756,1.4,2.57,2.86,1.96
company_07320,Bhaskar Healthcare 265 Private Limited,0,0,0,0.2409,None,728,1.6704,3.28,3.95,1.21
company_07321,Kalyani Infotech 755 Private Limited,0,0,0,0.1821,None,759,1.4711,3.56,3.67,1.67
company_07322,Delta Energy 506 Private Limited,0,0,0,0.1789,None,754,1.7045,4.43,3.67,1.3
company_07323,Matrix Infrastructure 925 LLP,0,0,0,0.1085,None,712,1.5109,4.54,4.77,4.01
company_07324,Infinity Chemicals 439 Private Limited,0,0,0,0.0187,None,794,1.1681,6.43,5.38,1.79
company_07325,Vanguard Chemicals Private Limited,0,0,0,0.0403,None,768,1.6295,4.19,3.12,1.26
company_07326,Navrachana Foods 926 Partnership Firm,0,0,0,0.1565,None,733,1.3633,1.81,3.36,2.43
company_07327,Karan Logistics 667 LLP,0,0,0,0.0375,None,747,1.7021,7.86,3.4,2.39
company_07328,Surya Enterprises 963 Private Limited,1,0,1,0.9351,benami_siphoning,692,1.1994,19.34,35.51,9.85
company_07329,Vanguard Renewables 777 LLP,0,0,0,0.3414,None,787,1.5044,3.6,2.93,3.09
company_07330,Ambika Automotive 807 LLP,1,0,1,0.9277,revenue_inflation,716,0.7196,33.2,34.86,9.27
company_07331,Tejas Logistics 226 LLP,0,1,1,0.5214,seasonal_manipulation,778,0.9818,3.57,5.63,1.14
company_07332,Ganesh Enterprises 900 LLP,0,0,0,0.2023,None,762,1.2927,11.38,4.89,2.24
company_07333,Karan Energy 870 LLP,0,0,0,0.3249,None,721,1.3546,6.08,4.22,1.84
company_07334,Infinity Metals 826 Private Limited,0,0,0,0.3256,None,712,1.6737,6.1,5.3,3.57
company_07335,Urja Foods 412 Private Limited,0,0,0,0.1913,None,772,1.2121,9.57,4.54,0.66
company_07336,Urja Textiles 603 Partnership Firm,0,0,0,0.2701,None,830,0.9281,3.84,2.8,0.99
company_07337,Ganesh Foods 241 Private Limited,0,0,0,0.0766,None,745,1.1506,4.17,3.79,3.12
company_07338,Shivam Infrastructure 368 Private Limited,0,0,0,0.0269,None,755,1.9082,6.77,5.3,2.81
company_07339,Bhaskar Logistics 205 Private Limited,0,0,0,0.2007,None,790,0.9424,3.42,3.14,0.74
company_07340,Arogya Healthcare 971 Partnership Firm,0,0,0,0.0824,None,783,1.0877,3.42,5.39,1.59
company_07341,Apex Industries 252 LLP,0,0,0,0.1861,None,748,1.8532,7.43,3.71,1.0
company_07342,Matrix Renewables 102 Private Limited,0,0,0,0.2454,None,812,0.7084,5.65,4.01,1.34
company_07343,Vidya Industries 201 Private Limited,0,0,0,0.3343,None,685,2.5001,6.09,3.49,4.07
company_07344,Ambika Industries 942 Private Limited,0,0,0,0.0196,None,758,1.0973,3.73,3.28,1.76
company_07345,Vanguard Metals 683 LLP,0,0,0,0.293,None,750,1.1839,3.81,4.74,4.21
company_07346,Tejas Automotive 475 LLP,0,0,0,0.2507,None,708,1.8909,2.8,4.98,2.72
company_07347,Apex Enterprises 801 Partnership Firm,0,0,0,0.2804,None,799,1.2047,5.2,4.22,1.16
company_07348,Urja Energy 660 LLP,0,0,0,0.1913,None,775,1.1336,3.71,4.44,1.66
company_07349,Vidya Industries 634 Private Limited,0,0,0,0.303,None,825,1.1601,4.89,3.77,0.36
company_07350,Vidya Logistics 821 Partnership Firm,0,0,0,0.088,None,780,1.6512,3.88,6.64,1.39
company_07351,Hindustan Renewables 120 Partnership Firm,0,0,0,0.2569,None,759,2.4172,4.2,3.13,1.74
company_07352,Infinity Energy 239 LLP,0,0,0,0.3261,None,761,1.1709,5.47,7.09,3.12
company_07353,Vanguard Metals 908 LLP,0,0,0,0.0256,None,801,1.6767,8.75,4.11,0.96
company_07354,Ambika Solutions 698 Partnership Firm,0,0,0,0.0863,None,722,1.3036,3.79,6.5,3.95
company_07355,Aditya Solutions 602 LLP,0,0,0,0.051,None,709,0.6148,2.71,2.95,1.44
company_07356,Ganesh Enterprises 250 Partnership Firm,0,0,0,0.1527,None,714,2.0654,2.66,3.38,2.26
company_07357,Tejas Healthcare 226 LLP,0,0,0,0.3376,None,716,0.7829,3.5,8.1,1.76
company_07358,Surya Pharma 922 LLP,0,0,0,0.1912,None,758,1.5781,3.53,2.78,2.85
company_07359,Bharat Infrastructure 370 Private Limited,0,1,1,0.5685,evergreening,745,1.1045,4.71,4.93,1.65
company_07360,Bharat Automotive 555 LLP,0,0,0,0.1789,None,895,1.601,3.78,5.29,0.66
company_07361,Navrachana Infrastructure 588 Partnership Firm,0,0,0,0.3181,None,786,1.5776,3.71,3.91,1.89
company_07362,Hindustan Retail 285 Partnership Firm,0,0,0,0.3127,None,780,1.4006,2.85,2.52,2.34
company_07363,Radhe Renewables 779 Partnership Firm,0,0,0,0.3232,None,695,2.6163,3.57,6.69,3.45
company_07364,Infinity Renewables 264 LLP,0,0,0,0.0206,None,718,1.2219,1.84,3.3,1.84
company_07365,Ganesh Power 856 Private Limited,0,0,0,0.1687,None,772,1.519,5.0,4.74,2.11
company_07366,Shivam Textiles 158 Partnership Firm,0,0,0,0.1727,None,819,0.8343,8.71,4.01,1.36
company_07367,Ganesh Textiles 352 Private Limited,0,0,0,0.1462,None,725,1.3058,6.14,7.4,2.9
company_07368,Aditya Textiles 423 LLP,0,0,0,0.0411,None,744,1.383,5.37,3.9,1.64
company_07369,Ambika Foods 789 Partnership Firm,0,0,0,0.131,None,715,1.8848,2.72,3.08,1.98
company_07370,Bharat Logistics 604 Private Limited,0,0,0,0.3204,None,697,1.5468,9.73,4.69,2.11
company_07371,Surya Industries 222 Partnership Firm,0,0,0,0.0662,None,756,1.8917,6.78,3.05,4.1
company_07372,Navrachana Textiles 256 Private Limited,0,0,0,0.312,None,780,1.6716,4.87,3.11,5.08
company_07373,Bhaskar Enterprises 792 Private Limited,0,0,0,0.2968,None,776,1.4535,3.01,2.8,3.13
company_07374,Hindustan Power 501 Partnership Firm,1,0,1,0.9219,revenue_inflation,667,1.1972,45.01,40.28,9.98
company_07375,Shivam Enterprises 974 Partnership Firm,0,0,0,0.2314,None,736,1.9949,3.69,6.16,1.87
company_07376,Zenith Retail 112 Partnership Firm,1,0,1,0.9421,revenue_inflation,676,1.0828,27.89,26.9,13.35
company_07377,Infinity Textiles 791 LLP,0,0,0,0.3425,None,706,1.3158,4.69,3.99,4.45
company_07378,Apex Pharma 944 Private Limited,0,0,0,0.0739,None,729,1.9941,3.85,4.14,5.24
company_07379,Radhe Logistics 373 Partnership Firm,0,0,0,0.1402,None,751,1.4487,4.15,4.73,2.61
company_07380,Vanguard Metals 785 Partnership Firm,0,0,0,0.0577,None,735,1.4803,4.03,3.77,2.7
company_07381,Matrix Industries 422 LLP,1,0,1,0.5642,evergreening,655,0.9992,13.49,7.99,9.83
company_07382,Vidya Pharma 365 Private Limited,0,0,0,0.1743,None,823,2.0097,4.38,4.29,0.83
company_07383,Hindustan Automotive 549 LLP,0,0,0,0.1235,None,730,1.6496,4.16,3.4,2.57
company_07384,Tejas Infotech 105 Partnership Firm,0,0,0,0.3,None,729,1.4443,5.52,7.04,2.34
company_07385,Karan Pharma 920 LLP,0,0,0,0.2431,None,788,1.3309,6.96,5.48,3.71
company_07386,Kalyani Automotive 759 Private Limited,0,0,0,0.2407,None,712,1.0289,5.94,5.6,3.27
company_07387,Navrachana Infotech 838 Private Limited,1,0,1,0.983,circular_trading,699,0.9309,43.95,21.1,8.79
company_07388,Karan Enterprises 562 LLP,0,0,0,0.1494,None,796,0.8241,4.11,10.82,2.4
company_07389,Ambika Power 859 LLP,0,0,0,0.2453,None,752,1.4811,3.45,3.48,2.29
company_07390,Arogya Infrastructure 420 LLP,0,0,0,0.1438,None,698,1.0975,6.52,2.79,5.39
company_07391,Aditya Healthcare 136 Partnership Firm,0,0,0,0.1152,None,713,1.51,3.97,3.75,2.12
company_07392,Bharat Infotech 652 Private Limited,0,0,0,0.1582,None,734,1.3967,1.91,5.59,1.73
company_07393,Aditya Renewables 861 LLP,0,0,0,0.132,None,746,1.1643,3.45,2.21,4.0
company_07394,Urja Infotech 301 Partnership Firm,0,0,0,0.2937,None,741,1.3737,3.9,9.28,2.85
company_07395,Bhaskar Logistics 204 LLP,0,0,0,0.0133,None,827,1.2404,4.27,4.08,1.15
company_07396,Sterling Retail 701 LLP,0,0,0,0.3483,None,759,1.4258,4.85,3.66,1.28
company_07397,Bharat Retail 811 LLP,0,0,0,0.315,None,745,0.9858,6.8,5.2,1.77
company_07398,Surya Solutions 724 Partnership Firm,0,0,0,0.2835,None,683,1.629,4.97,7.07,4.96
company_07399,Bhaskar Builders 925 Private Limited,0,0,0,0.2351,None,733,0.9489,4.0,4.98,2.04
company_07400,Ganesh Industries 967 Private Limited,0,0,0,0.3267,None,699,1.0883,10.92,3.43,2.72
company_07401,Vidya Retail 709 Private Limited,0,0,0,0.163,None,735,2.2239,13.01,3.18,2.49
company_07402,Urja Textiles 637 Private Limited,0,0,0,0.2068,None,766,1.9078,6.39,5.54,3.03
company_07403,Sterling Industries 331 LLP,0,0,0,0.1104,None,714,1.1707,6.36,6.1,2.45
company_07404,Matrix Infrastructure 626 Partnership Firm,0,0,0,0.3039,None,750,1.4104,8.83,4.37,3.49
company_07405,Vidya Industries 228 Partnership Firm,0,0,0,0.2037,None,844,1.691,4.12,3.06,0.0
company_07406,Zenith Healthcare 820 LLP,1,0,1,0.9779,benami_siphoning,693,0.6992,18.82,19.28,10.38
company_07407,Vanguard Infotech 388 LLP,0,0,0,0.2275,None,824,1.7019,3.7,7.28,0.79
company_07408,Delta Textiles 129 Partnership Firm,0,0,0,0.1792,None,734,1.3615,7.88,3.97,3.09
company_07409,Apex Foods 630 Private Limited,0,0,0,0.1607,None,747,1.1397,8.21,4.5,2.1
company_07410,Bharat Power 359 LLP,0,0,0,0.0624,None,777,1.227,5.29,3.96,1.01
company_07411,Hindustan Infrastructure 935 LLP,0,0,0,0.1718,None,719,0.9611,3.96,3.61,1.8
company_07412,Matrix Logistics 416 Partnership Firm,0,0,0,0.072,None,720,1.139,7.46,4.04,2.81
company_07413,Hindustan Automotive 846 Partnership Firm,0,0,0,0.2684,None,737,1.5853,4.65,3.28,2.33
company_07414,Sterling Energy 997 Private Limited,1,0,1,0.8537,revenue_inflation,675,0.7804,28.68,53.21,6.13
company_07415,Arogya Metals 190 Private Limited,0,0,0,0.1416,None,771,1.1781,5.58,3.32,2.68
company_07416,Matrix Textiles 563 LLP,0,0,0,0.0767,None,752,2.2423,7.95,3.51,2.04
company_07417,Bharat Metals 882 Partnership Firm,0,0,0,0.1889,None,746,1.1402,3.68,4.29,1.38
company_07418,Urja Logistics 306 Private Limited,0,0,0,0.2904,None,789,1.3844,6.63,3.02,3.24
company_07419,Matrix Chemicals 675 Private Limited,0,0,0,0.2691,None,720,1.1272,1.31,6.49,3.93
company_07420,Delta Power 233 LLP,0,0,0,0.1848,None,742,1.9427,4.92,4.57,4.1
company_07421,Ambika Solutions 825 LLP,0,0,0,0.2763,None,780,2.4996,2.58,5.77,1.46
company_07422,Navrachana Infrastructure 214 Private Limited,0,0,0,0.0838,None,699,2.0796,3.45,4.99,2.39
company_07423,Infinity Infotech 558 Partnership Firm,0,0,0,0.2848,None,719,1.4769,3.57,6.87,2.93
company_07424,Urja Energy 923 Private Limited,0,0,0,0.2609,None,737,1.034,4.67,4.92,2.65
company_07425,Ambika Pharma 277 Partnership Firm,0,0,0,0.1511,None,749,1.4312,3.26,4.18,3.94
company_07426,Urja Retail 900 Partnership Firm,1,0,1,0.6478,seasonal_manipulation,606,0.2894,20.12,6.45,4.93
company_07427,Radhe Metals 246 Partnership Firm,0,0,0,0.0923,None,765,1.3615,3.02,4.7,1.03
company_07428,Sterling Retail 192 Private Limited,0,0,0,0.168,None,716,1.706,3.24,3.04,2.35
company_07429,Aditya Retail 120 Private Limited,1,0,1,0.9245,circular_trading,650,1.2176,32.44,46.48,7.3
company_07430,Bhaskar Energy 615 LLP,0,0,0,0.3233,None,818,1.7136,3.51,4.11,3.33
company_07431,Urja Industries 839 LLP,0,0,0,0.2015,None,772,1.4225,3.78,5.64,1.52
company_07432,Ambika Solutions 715 LLP,0,0,0,0.1113,None,736,0.9783,5.16,8.11,1.77
company_07433,Radhe Foods 994 Partnership Firm,0,0,0,0.0508,None,770,1.4874,4.78,3.13,0.86
company_07434,Navrachana Power 950 Private Limited,0,0,0,0.2065,None,765,1.2696,5.2,6.39,1.68
company_07435,Shivam Power 287 Partnership Firm,0,0,0,0.2485,None,707,1.6371,3.35,4.28,2.95
company_07436,Ambika Renewables 933 Partnership Firm,0,0,0,0.1176,None,769,0.8199,2.15,3.58,2.26
company_07437,Zenith Healthcare 879 Partnership Firm,0,0,0,0.2776,None,778,1.8178,2.51,4.56,1.28
company_07438,Delta Renewables 155 Private Limited,1,0,1,0.863,shell_company,550,0.9305,54.03,20.8,9.42
company_07439,Ambika Builders 137 Private Limited,0,0,0,0.195,None,772,1.3464,4.02,3.72,0.84
company_07440,Ganesh Solutions 700 LLP,0,0,0,0.3024,None,726,1.6702,3.2,3.85,5.99
company_07441,Tejas Industries 602 Partnership Firm,0,0,0,0.1,None,692,1.7833,3.35,3.22,2.0
company_07442,Hindustan Healthcare 360 Private Limited,0,0,0,0.3473,None,777,1.1966,4.83,5.23,1.06
company_07443,Shivam Logistics 602 Private Limited,0,0,0,0.3368,None,800,1.1304,2.65,2.7,1.82
company_07444,Radhe Infrastructure 142 LLP,0,0,0,0.1855,None,800,1.9543,8.65,3.99,0.2
company_07445,Radhe Renewables 332 Partnership Firm,0,1,1,0.609,seasonal_manipulation,786,1.282,5.66,4.66,0.69
company_07446,Shivam Logistics 641 LLP,0,0,0,0.3204,None,769,2.1733,8.83,3.36,1.95
company_07447,Aditya Infotech 503 LLP,0,0,0,0.2923,None,718,2.3136,2.78,4.61,3.22
company_07448,Zenith Infrastructure 884 Partnership Firm,0,0,0,0.0345,None,760,1.4408,4.33,5.45,5.93
company_07449,Radhe Industries 167 Private Limited,0,0,0,0.2757,None,763,1.8738,4.92,4.23,1.52
company_07450,Ganesh Foods 298 Private Limited,0,0,0,0.0443,None,726,1.1254,9.36,3.39,4.1
company_07451,Aditya Power 865 Private Limited,1,0,1,0.9873,revenue_inflation,667,1.0719,42.55,29.34,6.39
company_07452,Arogya Retail 226 Private Limited,0,0,0,0.2949,None,712,1.436,3.78,2.97,2.2
company_07453,Bharat Metals 733 Private Limited,1,0,1,0.9843,seasonal_manipulation,606,0.7923,29.15,11.8,7.95
company_07454,Kalyani Infrastructure 889 Private Limited,0,0,0,0.1253,None,815,1.1846,6.81,2.4,1.29
company_07455,Radhe Chemicals 128 LLP,0,0,0,0.2663,None,776,1.289,4.97,5.2,2.33
company_07456,Zenith Logistics 389 Partnership Firm,0,0,0,0.0355,None,795,1.4326,4.27,3.79,1.0
company_07457,Apex Solutions 233 Partnership Firm,0,0,0,0.0321,None,718,0.9034,2.16,3.24,1.57
company_07458,Surya Logistics 571 Partnership Firm,1,0,1,0.909,benami_siphoning,664,1.4924,19.13,48.24,8.88
company_07459,Karan Pharma 663 LLP,0,0,0,0.3186,None,754,1.2716,4.05,2.46,1.03
company_07460,Shivam Metals 608 Partnership Firm,0,0,0,0.1345,None,775,1.958,6.26,7.63,1.31
company_07461,Ganesh Chemicals 883 Partnership Firm,0,0,0,0.3123,None,849,1.0843,2.07,3.16,0.75
company_07462,Ganesh Textiles 915 LLP,0,0,0,0.3375,None,759,1.637,3.84,3.63,5.08
company_07463,Vanguard Pharma 768 Private Limited,0,0,0,0.1479,None,809,1.3477,3.36,3.16,1.27
company_07464,Radhe Infrastructure 450 Private Limited,0,0,0,0.3344,None,790,1.15,4.01,2.6,0.62
company_07465,Tejas Foods 748 Partnership Firm,0,0,0,0.1061,None,724,1.7195,7.52,3.98,2.3
company_07466,Sterling Infrastructure 829 Partnership Firm,0,0,0,0.3317,None,771,1.6674,6.64,7.77,3.0
company_07467,Urja Infotech 154 LLP,0,0,0,0.1487,None,812,1.5009,2.41,2.77,1.44
company_07468,Matrix Energy 811 Private Limited,0,0,0,0.2118,None,710,1.3098,5.87,4.66,1.4
company_07469,Radhe Renewables 902 Private Limited,0,0,0,0.1652,None,791,1.4582,4.49,3.26,1.93
company_07470,Ganesh Textiles 304 Private Limited,0,0,0,0.2271,None,714,1.101,3.73,2.23,1.78
company_07471,Infinity Power 555 LLP,0,0,0,0.0365,None,755,1.6121,2.92,4.36,3.89
company_07472,Navrachana Infotech 343 Private Limited,0,0,0,0.0928,None,728,1.659,5.24,5.05,2.87
company_07473,Ambika Pharma 361 LLP,0,0,0,0.294,None,726,2.0645,4.5,4.17,2.11
company_07474,Sterling Textiles 349 LLP,0,0,0,0.1984,None,708,1.5923,5.46,4.44,1.87
company_07475,Infinity Chemicals 320 Partnership Firm,0,0,0,0.1786,None,726,1.4952,4.52,5.05,0.97
company_07476,Navrachana Enterprises 147 LLP,0,0,0,0.3223,None,679,0.8247,2.39,4.3,4.61
company_07477,Apex Pharma 394 Partnership Firm,0,0,0,0.0725,None,804,1.7761,2.88,4.96,0.55
company_07478,Hindustan Retail 735 Private Limited,0,0,0,0.1247,None,706,1.6765,4.72,4.77,2.82
company_07479,Navrachana Enterprises 716 Private Limited,0,0,0,0.1314,None,747,1.5326,3.86,3.91,2.1
company_07480,Urja Builders 460 Private Limited,0,0,0,0.1283,None,724,1.9391,6.69,7.44,2.03
company_07481,Shivam Energy 359 Private Limited,0,0,0,0.0148,None,736,1.1951,2.64,4.2,2.35
company_07482,Shivam Logistics 617 Partnership Firm,0,0,0,0.3401,None,765,1.3698,3.39,3.25,1.85
company_07483,Bharat Energy 231 LLP,0,0,0,0.0424,None,758,1.396,4.63,6.45,2.81
company_07484,Zenith Automotive 999 Private Limited,0,0,0,0.205,None,682,1.1931,3.5,3.47,2.65
company_07485,Radhe Automotive 492 Private Limited,1,0,1,0.8982,revenue_inflation,688,0.9689,22.46,35.07,6.58
company_07486,Bhaskar Retail 534 LLP,1,0,1,0.9077,revenue_inflation,594,1.4356,30.82,35.65,16.21
company_07487,Ambika Industries 408 Partnership Firm,0,0,0,0.0803,None,727,0.8608,6.14,7.62,1.84
company_07488,Bhaskar Infotech 629 Private Limited,0,0,0,0.1846,None,772,1.7092,2.22,5.14,2.59
company_07489,Ambika Healthcare 958 LLP,0,0,0,0.3443,None,658,1.3571,8.37,4.02,3.37
company_07490,Radhe Pharma 664 LLP,1,0,1,0.7914,benami_siphoning,664,1.4342,8.75,23.67,5.33
company_07491,Apex Industries 814 Private Limited,0,0,0,0.3247,None,790,1.6714,2.74,3.62,2.54
company_07492,Navrachana Healthcare 400 Partnership Firm,0,0,0,0.0437,None,676,1.8334,8.81,3.99,3.15
company_07493,Zenith Infrastructure 996 Partnership Firm,0,1,1,0.4198,benami_siphoning,751,1.5976,1.78,2.78,1.6
company_07494,Ganesh Metals 911 Partnership Firm,0,0,0,0.3478,None,715,1.3206,3.39,6.18,2.49
company_07495,Bharat Solutions 533 Private Limited,0,1,1,0.7264,circular_trading,770,1.2998,3.48,3.97,2.26
company_07496,Tejas Renewables 141 LLP,0,0,0,0.1402,None,746,1.6477,2.8,3.27,1.21
company_07497,Delta Energy 619 Partnership Firm,0,0,0,0.0782,None,784,1.6635,5.29,3.42,1.91
company_07498,Bhaskar Metals 251 LLP,1,0,1,0.9147,evergreening,679,1.0984,17.02,19.59,13.65
company_07499,Aditya Pharma 699 Partnership Firm,0,0,0,0.0217,None,767,1.1646,3.79,3.26,2.33
company_07500,Ganesh Chemicals 552 Private Limited,0,0,0,0.2667,None,761,1.587,4.39,6.72,2.52
company_07501,Navrachana Chemicals 430 Partnership Firm,0,0,0,0.2901,None,752,1.5238,2.61,2.82,2.15
company_07502,Ambika Metals 680 Partnership Firm,0,0,0,0.3047,None,802,2.5457,3.49,4.02,1.24
company_07503,Kalyani Automotive 779 LLP,0,0,0,0.345,None,681,1.4504,4.71,3.87,2.89
company_07504,Shivam Metals 891 Private Limited,0,0,0,0.0986,None,778,0.9718,5.35,4.39,2.63
company_07505,Ganesh Industries 509 Partnership Firm,0,0,0,0.2957,None,709,1.5227,6.05,2.43,1.62
company_07506,Vanguard Industries 528 Partnership Firm,0,0,0,0.2884,None,745,1.7809,2.69,2.87,1.44
company_07507,Delta Chemicals 160 LLP,0,0,0,0.2539,None,757,1.8005,3.12,5.5,4.84
company_07508,Bhaskar Retail 865 LLP,1,0,1,0.5672,revenue_inflation,628,0.6251,22.66,22.63,6.15
company_07509,Navrachana Automotive 933 Private Limited,0,0,0,0.1984,None,739,2.7466,1.74,2.39,2.35
company_07510,Infinity Healthcare 924 LLP,0,0,0,0.1015,None,711,1.7188,4.95,2.76,3.36
company_07511,Kalyani Power 494 Private Limited,1,0,1,0.9411,revenue_inflation,617,1.0738,29.25,54.52,9.99
company_07512,Surya Pharma 674 Partnership Firm,0,0,0,0.2294,None,778,0.9179,4.42,3.35,2.46
company_07513,Tejas Infotech 529 LLP,0,0,0,0.1295,None,722,1.4548,5.59,2.87,1.74
company_07514,Sterling Energy 612 LLP,0,0,0,0.2833,None,755,2.0102,3.52,8.38,2.72
company_07515,Apex Healthcare 202 LLP,0,0,0,0.1416,None,697,1.5001,12.46,3.55,2.06
company_07516,Vidya Power 319 LLP,0,0,0,0.3385,None,744,1.7045,8.65,3.04,1.71
company_07517,Ambika Energy 888 Private Limited,0,0,0,0.298,None,707,1.5161,14.38,3.27,2.91
company_07518,Sterling Textiles 261 Partnership Firm,0,0,0,0.2254,None,743,1.7012,3.3,5.13,2.29
company_07519,Kalyani Power 835 Partnership Firm,0,0,0,0.1475,None,744,1.2102,3.91,2.58,3.98
company_07520,Vanguard Retail 415 Partnership Firm,0,0,0,0.2926,None,715,1.0506,4.58,5.27,2.12
company_07521,Bhaskar Automotive 822 LLP,0,0,0,0.1011,None,767,2.3129,4.51,3.03,2.18
company_07522,Aditya Builders 930 LLP,0,0,0,0.0401,None,784,2.055,4.61,4.27,1.18
company_07523,Aditya Infrastructure 979 LLP,0,0,0,0.0139,None,790,1.9602,3.89,5.38,2.49
company_07524,Infinity Energy 551 LLP,0,0,0,0.1808,None,723,2.1189,7.01,6.53,2.04
company_07525,Delta Industries 389 Partnership Firm,0,0,0,0.2,None,800,1.3894,6.34,6.34,2.39
company_07526,Delta Metals 890 LLP,0,0,0,0.3292,None,691,1.2379,7.88,3.12,2.32
company_07527,Arogya Automotive 228 LLP,0,0,0,0.1611,None,725,2.1504,3.77,4.21,2.29
company_07528,Infinity Industries 183 Partnership Firm,1,0,1,0.8771,revenue_inflation,693,1.091,46.26,36.25,6.83
company_07529,Ganesh Builders 179 Partnership Firm,0,0,0,0.302,None,785,1.4162,3.05,3.96,1.99
company_07530,Arogya Enterprises 286 LLP,0,0,0,0.1155,None,756,2.5005,3.83,3.4,1.55
company_07531,Apex Pharma 552 Partnership Firm,0,0,0,0.1094,None,705,2.1113,1.65,9.42,2.53
company_07532,Vidya Energy 137 Partnership Firm,0,1,1,0.6209,revenue_inflation,721,1.4732,3.76,7.66,3.94
company_07533,Kalyani Foods 991 Private Limited,0,0,0,0.2815,None,714,1.6499,9.41,4.33,1.64
company_07534,Bharat Renewables 854 Partnership Firm,0,0,0,0.0425,None,728,1.9183,2.81,3.04,1.9
company_07535,Hindustan Renewables 862 Private Limited,0,0,0,0.1235,None,747,1.2781,6.49,3.79,1.13
company_07536,Ambika Healthcare 857 Partnership Firm,0,0,0,0.0957,None,761,1.4028,4.61,4.37,0.88
company_07537,Tejas Chemicals 348 Partnership Firm,0,0,0,0.0702,None,765,1.5906,5.45,3.11,2.73
company_07538,Surya Renewables 394 Partnership Firm,0,0,0,0.1617,None,813,2.2216,4.97,5.11,1.32
company_07539,Ganesh Builders 564 LLP,0,0,0,0.1122,None,738,1.7484,3.05,3.91,1.92
company_07540,Urja Retail 152 LLP,0,0,0,0.3433,None,725,1.2428,5.21,5.22,5.05
company_07541,Sterling Metals 659 LLP,1,0,1,0.9758,evergreening,665,0.349,22.57,12.21,12.98
company_07542,Delta Power 355 LLP,0,0,0,0.3321,None,710,1.5234,5.11,2.6,2.18
company_07543,Navrachana Healthcare 973 Private Limited,0,0,0,0.2076,None,709,2.0018,2.59,2.64,3.05
company_07544,Vidya Enterprises 305 Partnership Firm,0,0,0,0.0186,None,736,2.6348,4.92,4.48,1.8
company_07545,Shivam Infotech 320 Private Limited,0,0,0,0.2669,None,698,1.2723,3.23,4.39,2.03
company_07546,Bharat Industries 300 LLP,0,0,0,0.1365,None,719,1.785,5.26,6.19,2.08
company_07547,Arogya Textiles 163 LLP,0,0,0,0.3205,None,761,1.4347,8.31,8.11,6.62
company_07548,Bhaskar Builders 785 Partnership Firm,0,0,0,0.141,None,754,1.4864,2.94,5.67,1.04
company_07549,Aditya Energy 278 Partnership Firm,0,0,0,0.2342,None,754,1.8868,2.07,6.38,1.9
company_07550,Aditya Industries 598 LLP,0,0,0,0.2052,None,794,2.0788,3.02,6.13,1.15
company_07551,Bhaskar Chemicals 474 LLP,0,0,0,0.1749,None,833,1.4155,1.07,2.44,0.95
company_07552,Hindustan Chemicals 979 Partnership Firm,0,0,0,0.0762,None,763,1.3502,4.83,4.4,2.86
company_07553,Surya Metals 736 Partnership Firm,0,0,0,0.0303,None,709,1.091,3.73,3.57,3.57
company_07554,Radhe Logistics 425 Private Limited,1,0,1,0.9883,revenue_inflation,678,1.2736,33.58,30.5,7.74
company_07555,Kalyani Industries 958 Private Limited,0,0,0,0.0119,None,724,1.4224,4.05,3.24,3.86
company_07556,Delta Textiles 486 LLP,1,0,1,0.9537,shell_company,574,0.8285,43.67,27.52,7.34
company_07557,Vanguard Power 953 LLP,0,0,0,0.0284,None,716,0.9709,5.46,2.74,2.54
company_07558,Kalyani Infotech 744 Partnership Firm,0,0,0,0.0764,None,696,1.2782,2.75,5.35,1.87
company_07559,Kalyani Metals 835 LLP,0,0,0,0.3358,None,705,1.7506,8.74,4.77,3.26
company_07560,Radhe Chemicals 929 Partnership Firm,0,0,0,0.1217,None,756,1.3689,4.72,3.77,1.74
company_07561,Surya Foods 653 Private Limited,0,0,0,0.169,None,737,1.533,5.64,2.7,1.86
company_07562,Karan Automotive 805 Partnership Firm,0,0,0,0.3248,None,773,1.6773,3.33,3.03,1.42
company_07563,Ganesh Industries 794 Private Limited,0,0,0,0.3339,None,781,1.6745,2.68,3.07,1.07
company_07564,Sterling Infrastructure 337 Private Limited,1,0,1,0.7898,benami_siphoning,673,1.186,8.46,36.84,7.37
company_07565,Sterling Infotech 353 Private Limited,0,0,0,0.1753,None,734,2.2996,3.35,5.63,3.45
company_07566,Hindustan Foods 262 Private Limited,1,0,1,0.9886,evergreening,641,0.943,28.14,16.93,16.52
company_07567,Matrix Automotive 709 LLP,1,0,1,0.9799,evergreening,656,1.1596,18.63,13.1,16.62
company_07568,Zenith Enterprises 141 Partnership Firm,0,1,1,0.4955,circular_trading,691,1.1512,6.37,3.83,3.37
company_07569,Kalyani Power 298 Private Limited,0,0,0,0.1189,None,763,1.2803,6.6,7.05,3.69
company_07570,Navrachana Retail 909 Private Limited,0,0,0,0.015,None,818,1.5099,4.91,5.48,1.96
company_07571,Infinity Enterprises 931 LLP,0,0,0,0.0841,None,733,0.8968,7.43,3.4,1.73
company_07572,Zenith Textiles 444 LLP,0,0,0,0.1839,None,746,1.1459,5.64,3.71,2.59
company_07573,Infinity Automotive 456 Private Limited,0,0,0,0.2989,None,789,1.9988,3.71,2.71,1.5
company_07574,Zenith Chemicals 198 Partnership Firm,0,0,0,0.192,None,744,1.3474,4.01,3.52,1.37
company_07575,Bharat Industries 984 Private Limited,0,0,0,0.0991,None,788,1.8338,5.78,4.54,1.53
company_07576,Zenith Logistics 483 LLP,1,0,1,0.8934,shell_company,463,0.3807,50.15,33.73,7.29
company_07577,Vidya Energy 434 Partnership Firm,0,0,0,0.274,None,801,1.5931,5.7,8.93,2.62
company_07578,Ambika Power 148 Private Limited,0,0,0,0.2911,None,682,1.8162,4.92,3.56,3.47
company_07579,Arogya Foods 937 LLP,0,0,0,0.2704,None,776,1.4731,6.28,3.15,1.75
company_07580,Sterling Metals 169 Partnership Firm,0,0,0,0.3329,None,770,1.3113,5.9,3.84,1.05
company_07581,Matrix Retail 165 LLP,0,0,0,0.2441,None,725,1.4807,0.1,4.49,3.44
company_07582,Shivam Solutions 749 Private Limited,0,0,0,0.3336,None,762,1.5785,6.34,8.84,2.52
company_07583,Navrachana Pharma 569 LLP,0,0,0,0.1096,None,732,1.614,4.96,4.09,2.68
company_07584,Matrix Healthcare 958 LLP,0,0,0,0.1939,None,750,0.8637,5.76,3.42,1.49
company_07585,Bhaskar Infotech 156 LLP,1,0,1,0.8722,revenue_inflation,647,1.5393,40.53,30.54,14.99
company_07586,Delta Metals 743 Partnership Firm,0,0,0,0.1449,None,718,1.4809,5.73,4.91,2.97
company_07587,Apex Enterprises 677 LLP,0,0,0,0.1544,None,688,1.2369,3.8,3.92,3.82
company_07588,Vidya Healthcare 998 Partnership Firm,0,0,0,0.3478,None,706,1.5291,5.3,4.01,2.0
company_07589,Surya Metals 781 Partnership Firm,0,0,0,0.1756,None,717,1.5818,6.79,5.79,4.07
company_07590,Arogya Automotive 571 Partnership Firm,1,0,1,0.9334,revenue_inflation,618,1.3513,21.02,32.1,7.56
company_07591,Bhaskar Solutions 808 LLP,1,0,1,0.9811,circular_trading,702,0.356,47.85,14.24,6.77
company_07592,Ganesh Solutions 157 Private Limited,0,0,0,0.2636,None,746,0.8907,6.29,5.27,1.69
company_07593,Bharat Builders 734 LLP,0,0,0,0.1503,None,674,0.7732,2.62,6.5,3.95
company_07594,Infinity Industries 297 Private Limited,1,0,1,0.924,benami_siphoning,641,0.7322,18.18,29.55,8.68
company_07595,Navrachana Solutions 928 Private Limited,0,0,0,0.1944,None,700,1.4465,4.22,3.37,2.17
company_07596,Vidya Builders 941 LLP,0,0,0,0.2063,None,742,1.4518,5.17,4.97,1.69
company_07597,Vanguard Infrastructure 963 LLP,0,0,0,0.1603,None,782,1.8211,4.23,4.07,2.2
company_07598,Kalyani Infotech 386 LLP,0,0,0,0.0439,None,783,0.9294,3.99,3.03,3.77
company_07599,Shivam Renewables 996 Private Limited,0,0,0,0.273,None,802,1.7125,0.71,2.66,0.89
company_07600,Radhe Industries 487 Partnership Firm,0,0,0,0.0789,None,781,1.0075,4.03,4.69,2.59
company_07601,Radhe Metals 355 Private Limited,0,0,0,0.0222,None,730,2.2026,2.81,3.3,1.38
company_07602,Ganesh Solutions 164 Private Limited,0,0,0,0.1473,None,764,1.6696,7.51,3.37,2.79
company_07603,Kalyani Infrastructure 469 Private Limited,1,0,1,0.932,revenue_inflation,691,0.8108,24.91,35.77,6.09
company_07604,Vanguard Industries 305 LLP,0,0,0,0.3499,None,729,1.3293,10.59,4.33,1.63
company_07605,Urja Healthcare 183 LLP,0,0,0,0.0798,None,743,1.509,3.37,7.69,5.21
company_07606,Zenith Builders 744 Private Limited,0,0,0,0.0421,None,785,1.7903,4.43,3.07,0.91
company_07607,Radhe Automotive 449 LLP,0,1,1,0.6088,circular_trading,760,1.5406,2.16,2.36,1.87
company_07608,Tejas Infotech 287 LLP,0,0,0,0.0276,None,747,1.5581,4.72,4.15,1.47
company_07609,Vidya Automotive 333 LLP,0,0,0,0.0334,None,755,1.8181,4.71,3.3,2.94
company_07610,Bhaskar Power 913 Private Limited,0,0,0,0.2619,None,764,1.7189,2.02,5.1,1.59
company_07611,Infinity Retail 224 LLP,0,0,0,0.1967,None,789,1.3267,2.78,4.47,1.29
company_07612,Vanguard Foods 941 LLP,0,0,0,0.1734,None,841,0.5766,4.75,4.26,3.28
company_07613,Surya Healthcare 397 Partnership Firm,0,1,1,0.5829,revenue_inflation,790,1.5142,4.9,3.14,2.83
company_07614,Karan Enterprises 145 LLP,0,0,0,0.2648,None,757,1.4186,3.52,4.45,4.4
company_07615,Sterling Chemicals 594 LLP,0,1,1,0.6549,benami_siphoning,736,1.2751,4.94,3.49,1.06
company_07616,Zenith Automotive 494 Private Limited,0,0,0,0.224,None,778,1.8074,4.07,3.81,1.71
company_07617,Bharat Foods 193 LLP,0,0,0,0.117,None,774,1.8919,5.12,3.72,1.41
company_07618,Bharat Automotive 181 LLP,0,0,0,0.3006,None,734,1.5188,1.47,3.85,2.24
company_07619,Aditya Retail 684 LLP,0,0,0,0.0502,None,733,1.964,3.93,2.95,2.17
company_07620,Ganesh Solutions 762 Private Limited,0,0,0,0.3005,None,769,1.2395,4.89,3.16,3.53
company_07621,Radhe Retail 793 LLP,0,0,0,0.1845,None,779,1.1601,4.78,3.34,0.87
company_07622,Kalyani Solutions 950 Private Limited,0,0,0,0.0908,None,743,2.2642,4.58,2.73,3.17
company_07623,Vanguard Automotive 989 Partnership Firm,0,0,0,0.176,None,767,1.4814,2.86,4.49,2.88
company_07624,Tejas Infrastructure 597 LLP,0,0,0,0.1871,None,785,1.1326,3.54,6.5,3.78
company_07625,Tejas Healthcare 802 Partnership Firm,0,0,0,0.2263,None,746,2.3009,1.96,5.65,2.98
company_07626,Matrix Automotive 820 Private Limited,0,0,0,0.0153,None,786,1.452,2.33,2.95,1.63
company_07627,Navrachana Chemicals 138 LLP,0,0,0,0.1336,None,749,1.0616,4.16,3.41,3.91
company_07628,Aditya Automotive 898 Private Limited,0,0,0,0.2061,None,658,1.3448,3.49,3.34,4.14
company_07629,Vidya Infotech 974 LLP,0,0,0,0.3308,None,625,1.5035,5.64,3.67,3.15
company_07630,Vidya Textiles 638 LLP,1,0,1,0.9659,evergreening,721,0.874,44.49,15.46,16.12
company_07631,Ambika Infotech 178 Private Limited,1,0,1,0.9417,seasonal_manipulation,697,0.8858,39.07,34.28,9.47
company_07632,Surya Logistics 481 LLP,0,0,0,0.0556,None,713,1.8321,2.84,3.0,2.66
company_07633,Aditya Builders 212 Private Limited,1,0,1,0.8788,evergreening,667,1.3826,20.85,33.7,20.49
company_07634,Navrachana Renewables 891 Partnership Firm,0,0,0,0.1644,None,784,1.6848,4.36,3.63,0.97
company_07635,Arogya Industries 222 Private Limited,0,0,0,0.0337,None,786,1.6577,6.1,4.24,1.38
company_07636,Delta Renewables 431 LLP,0,0,0,0.3058,None,737,1.4677,9.61,3.54,3.09
company_07637,Radhe Infotech 211 Private Limited,0,0,0,0.1621,None,732,1.2894,6.08,3.64,2.07
company_07638,Aditya Retail 703 LLP,0,0,0,0.2563,None,772,1.8323,3.88,3.0,3.51
company_07639,Urja Energy 562 Partnership Firm,0,0,0,0.2553,None,685,1.5443,8.65,6.13,2.25
company_07640,Shivam Chemicals 842 Partnership Firm,0,0,0,0.0208,None,759,2.2307,8.28,3.75,3.85
company_07641,Zenith Automotive 649 Private Limited,0,0,0,0.3448,None,750,1.4138,1.67,2.92,2.13
company_07642,Shivam Textiles 963 Partnership Firm,0,0,0,0.202,None,796,0.8058,6.01,6.09,0.96
company_07643,Matrix Infotech 575 Private Limited,0,0,0,0.3189,None,727,2.249,2.13,3.02,1.99
company_07644,Radhe Retail 508 Partnership Firm,0,0,0,0.1231,None,747,1.7679,2.87,8.33,2.01
company_07645,Hindustan Retail 509 Private Limited,0,0,0,0.1234,None,730,1.5676,3.32,3.55,1.79
company_07646,Apex Chemicals 361 LLP,0,1,1,0.7227,benami_siphoning,796,2.3431,2.29,2.98,1.76
company_07647,Radhe Energy 244 Private Limited,0,0,0,0.1366,None,657,1.4583,4.64,5.78,3.13
company_07648,Shivam Logistics 305 Private Limited,1,0,1,0.9622,benami_siphoning,715,2.0004,21.33,43.5,5.39
company_07649,Surya Power 642 LLP,0,0,0,0.0237,None,738,2.1554,8.58,5.03,3.35
company_07650,Matrix Healthcare 258 Private Limited,1,0,1,0.9338,evergreening,697,1.0355,23.42,12.59,11.17
company_07651,Vidya Foods 542 LLP,0,0,0,0.2151,None,647,1.3551,4.43,3.72,2.8
company_07652,Surya Industries 520 LLP,0,0,0,0.2839,None,726,1.8719,4.51,3.34,3.4
company_07653,Sterling Metals 819 Private Limited,0,0,0,0.1072,None,677,1.4464,7.65,4.81,2.65
company_07654,Shivam Automotive 203 LLP,0,0,0,0.147,None,724,1.7575,4.17,3.6,3.75
company_07655,Matrix Foods 320 Private Limited,0,0,0,0.0849,None,815,1.6519,5.38,3.5,1.12
company_07656,Matrix Pharma 307 Private Limited,1,0,1,0.874,evergreening,738,0.9017,44.29,13.6,14.24
company_07657,Ambika Energy 944 Private Limited,0,0,0,0.0168,None,799,1.4262,5.97,5.27,1.54
company_07658,Matrix Retail 173 LLP,0,0,0,0.2022,None,736,1.5185,4.24,3.85,1.48
company_07659,Hindustan Metals 590 LLP,0,0,0,0.3357,None,766,1.9917,3.59,5.42,1.16
company_07660,Bhaskar Foods 878 LLP,1,0,1,0.9301,seasonal_manipulation,643,0.8929,29.03,14.83,8.98
company_07661,Kalyani Retail 334 Private Limited,0,0,0,0.2588,None,739,1.0205,2.2,5.4,2.24
company_07662,Navrachana Automotive 987 Partnership Firm,1,0,1,0.8955,revenue_inflation,670,0.9296,54.65,38.41,8.65
company_07663,Kalyani Solutions 455 Partnership Firm,0,0,0,0.0583,None,672,1.6482,5.56,2.96,2.11
company_07664,Vidya Energy 125 Partnership Firm,0,0,0,0.0163,None,734,1.1472,4.36,6.45,1.76
company_07665,Urja Retail 338 LLP,0,0,0,0.2943,None,737,0.9445,3.71,6.97,2.82
company_07666,Arogya Infrastructure 778 Partnership Firm,0,0,0,0.1974,None,760,1.9498,3.82,8.81,2.3
company_07667,Sterling Automotive 738 Partnership Firm,0,0,0,0.1414,None,787,1.8976,4.73,4.79,2.07
company_07668,Bharat Foods 722 Partnership Firm,0,0,0,0.1897,None,801,1.1925,3.92,5.08,0.59
company_07669,Matrix Energy 108 LLP,1,0,1,0.9699,circular_trading,713,0.7409,27.48,15.63,13.46
company_07670,Infinity Enterprises 824 Private Limited,1,0,1,0.8757,shell_company,554,1.3633,35.79,33.42,14.99
company_07671,Delta Metals 263 Partnership Firm,0,0,0,0.1768,None,801,1.1685,2.4,4.01,1.48
company_07672,Karan Infrastructure 768 LLP,0,0,0,0.013,None,724,0.8702,2.27,5.01,2.57
company_07673,Radhe Automotive 497 LLP,0,0,0,0.0446,None,699,0.8994,5.7,3.4,3.62
company_07674,Matrix Logistics 752 Partnership Firm,0,0,0,0.2116,None,697,1.4753,3.69,4.03,2.17
company_07675,Vidya Enterprises 781 LLP,0,0,0,0.2004,None,757,2.0104,3.61,3.57,1.37
company_07676,Sterling Retail 343 Private Limited,0,0,0,0.1369,None,713,1.8183,3.39,3.61,2.1
company_07677,Vanguard Solutions 812 Partnership Firm,0,0,0,0.3254,None,760,1.5347,7.71,5.0,1.98
company_07678,Ambika Industries 327 Partnership Firm,0,0,0,0.2694,None,681,1.3833,7.42,3.83,2.84
company_07679,Navrachana Builders 188 LLP,0,0,0,0.0489,None,683,1.2722,4.99,3.97,2.9
company_07680,Vanguard Enterprises 907 Private Limited,0,0,0,0.0494,None,728,1.4513,5.67,3.87,3.18
company_07681,Kalyani Renewables 674 LLP,1,0,1,0.9558,shell_company,541,0.7374,55.23,31.62,11.58
company_07682,Infinity Automotive 911 Partnership Firm,0,0,0,0.2237,None,728,0.9557,4.44,4.44,1.72
company_07683,Apex Logistics 110 Private Limited,0,0,0,0.2122,None,778,1.3429,2.85,7.45,2.09
company_07684,Ambika Pharma 736 Private Limited,1,0,1,0.8651,shell_company,607,0.8666,37.83,26.63,7.29
company_07685,Kalyani Pharma 681 Private Limited,0,0,0,0.1756,None,759,1.8665,4.5,3.55,2.55
company_07686,Karan Infrastructure 417 Private Limited,0,1,1,0.653,revenue_inflation,756,1.32,3.85,4.68,1.2
company_07687,Urja Retail 264 LLP,0,0,0,0.1419,None,801,1.2677,2.96,3.25,1.46
company_07688,Shivam Infrastructure 709 Partnership Firm,1,0,1,0.7258,evergreening,631,1.093,8.66,6.89,12.0
company_07689,Karan Automotive 240 Partnership Firm,0,0,0,0.3141,None,762,1.753,3.21,3.36,3.12
company_07690,Kalyani Chemicals 857 LLP,0,0,0,0.126,None,740,0.9403,3.1,4.27,1.56
company_07691,Karan Retail 646 Private Limited,0,0,0,0.2516,None,865,1.3272,5.0,5.61,0.72
company_07692,Surya Power 641 LLP,0,0,0,0.1616,None,778,1.3039,6.19,4.66,3.91
company_07693,Tejas Chemicals 247 Partnership Firm,0,0,0,0.2297,None,715,1.9083,3.7,3.85,2.11
company_07694,Matrix Logistics 694 LLP,0,0,0,0.1533,None,776,1.9018,3.56,6.7,2.03
company_07695,Bhaskar Enterprises 117 Private Limited,1,0,1,0.7492,benami_siphoning,670,1.5894,24.44,25.24,4.04
company_07696,Vidya Healthcare 312 LLP,0,0,0,0.0303,None,745,0.9378,3.17,3.53,2.22
company_07697,Kalyani Infrastructure 462 Private Limited,1,0,1,0.929,revenue_inflation,636,1.2551,23.11,29.57,10.16
company_07698,Navrachana Chemicals 572 Partnership Firm,0,0,0,0.062,None,681,0.7993,4.0,3.24,3.82
company_07699,Radhe Enterprises 759 Partnership Firm,1,0,1,0.8648,revenue_inflation,661,0.3085,40.86,44.2,10.25
company_07700,Apex Infrastructure 864 Private Limited,1,0,1,0.6155,benami_siphoning,736,0.7905,14.5,28.86,4.71
company_07701,Aditya Infotech 969 Private Limited,1,0,1,0.6524,revenue_inflation,591,0.4242,20.44,31.81,9.19
company_07702,Radhe Solutions 958 Private Limited,0,0,0,0.1838,None,775,1.1087,8.37,4.29,1.74
company_07703,Arogya Renewables 194 LLP,0,0,0,0.0289,None,764,2.7658,3.51,3.19,1.39
company_07704,Bhaskar Metals 538 LLP,0,0,0,0.1773,None,820,2.2461,7.15,8.84,1.25
company_07705,Hindustan Metals 111 Private Limited,0,1,1,0.4626,evergreening,804,1.4819,2.93,4.23,1.16
company_07706,Ambika Energy 197 LLP,1,0,1,0.9699,shell_company,535,0.9446,37.74,27.61,9.14
company_07707,Radhe Infotech 490 Partnership Firm,0,0,0,0.051,None,765,1.4643,10.59,7.81,1.51
company_07708,Radhe Foods 683 Partnership Firm,0,0,0,0.2958,None,760,1.2116,5.53,3.91,1.87
company_07709,Tejas Textiles 341 Private Limited,0,0,0,0.1307,None,670,1.5889,3.08,9.69,3.98
company_07710,Ambika Logistics 740 Partnership Firm,0,0,0,0.1714,None,709,2.502,2.43,4.37,3.49
company_07711,Bharat Automotive 723 LLP,0,0,0,0.0218,None,828,1.0277,4.73,4.21,1.32
company_07712,Bhaskar Retail 807 Private Limited,0,0,0,0.2857,None,760,1.2067,6.13,3.03,1.59
company_07713,Shivam Solutions 208 Private Limited,0,0,0,0.2348,None,681,1.7151,10.21,4.52,2.97
company_07714,Bharat Logistics 676 Private Limited,0,0,0,0.0244,None,771,1.1565,4.42,3.22,1.89
company_07715,Vanguard Builders 363 Private Limited,0,0,0,0.2716,None,737,1.6618,4.71,2.89,2.28
company_07716,Apex Infotech 329 Partnership Firm,0,0,0,0.0661,None,760,2.0311,4.61,3.85,6.0
company_07717,Ambika Automotive 250 Private Limited,0,0,0,0.3285,None,781,1.5609,3.24,3.11,2.08
company_07718,Infinity Industries 710 Partnership Firm,1,0,1,0.7823,benami_siphoning,713,2.0344,19.21,24.53,3.73
company_07719,Tejas Energy 115 LLP,0,0,0,0.1089,None,739,1.2036,2.32,5.27,2.06
company_07720,Ganesh Energy 398 Private Limited,0,0,0,0.0757,None,748,1.6773,1.08,2.01,2.54
company_07721,Infinity Logistics 973 Private Limited,0,1,1,0.7249,revenue_inflation,740,1.7218,2.42,2.89,2.63
company_07722,Kalyani Enterprises 409 LLP,0,0,0,0.1426,None,793,0.9682,3.16,5.83,4.0
company_07723,Aditya Power 948 Private Limited,0,0,0,0.07,None,731,1.636,3.54,3.14,4.94
company_07724,Shivam Builders 469 Private Limited,0,0,0,0.2531,None,820,1.5319,4.59,3.38,1.22
company_07725,Radhe Healthcare 465 Private Limited,0,0,0,0.0538,None,723,1.5135,4.88,4.52,2.17
company_07726,Aditya Infotech 356 Private Limited,0,0,0,0.2045,None,724,1.4372,2.79,4.24,1.99
company_07727,Ganesh Renewables 269 Partnership Firm,0,0,0,0.056,None,701,2.1514,8.52,4.75,3.72
company_07728,Bharat Logistics 726 Private Limited,0,0,0,0.2495,None,755,1.3737,5.08,3.96,1.95
company_07729,Ganesh Automotive 276 Private Limited,1,0,1,0.6921,evergreening,687,0.2,8.26,6.54,9.86
company_07730,Infinity Healthcare 518 Partnership Firm,0,0,0,0.0481,None,691,1.9114,5.7,3.2,2.69
company_07731,Vanguard Infotech 856 Private Limited,0,0,0,0.2217,None,785,1.1226,4.49,3.03,2.34
company_07732,Tejas Infotech 105 Partnership Firm,0,0,0,0.2491,None,732,1.2945,3.17,3.26,1.91
company_07733,Delta Chemicals 901 Partnership Firm,0,0,0,0.2271,None,750,1.1106,4.83,2.77,1.07
company_07734,Arogya Foods 944 LLP,0,0,0,0.0129,None,707,1.3258,4.41,3.6,2.52
company_07735,Navrachana Foods 308 LLP,0,0,0,0.153,None,728,1.4105,3.07,4.28,1.25
company_07736,Ambika Industries 417 LLP,1,0,1,0.9623,revenue_inflation,680,1.4806,27.7,45.24,6.13
company_07737,Matrix Chemicals 976 Partnership Firm,1,0,1,0.9812,benami_siphoning,703,0.6235,35.69,42.57,8.49
company_07738,Shivam Pharma 492 LLP,0,0,0,0.3357,None,748,0.9831,6.44,5.74,2.52
company_07739,Vanguard Industries 204 Private Limited,0,0,0,0.156,None,753,1.625,3.09,4.99,1.24
company_07740,Delta Pharma 160 LLP,0,0,0,0.1358,None,764,1.7033,4.56,3.26,1.82
company_07741,Radhe Foods 378 LLP,1,0,1,0.5036,benami_siphoning,649,1.6152,22.99,26.96,5.12
company_07742,Sterling Builders 699 Private Limited,0,0,0,0.0879,None,755,1.1256,2.98,3.71,2.13
company_07743,Delta Energy 410 LLP,0,0,0,0.0373,None,734,1.7499,2.95,2.72,3.27
company_07744,Bharat Chemicals 206 Partnership Firm,0,0,0,0.1726,None,736,1.5526,2.25,2.35,3.54
company_07745,Karan Foods 131 Partnership Firm,0,0,0,0.3199,None,766,1.3625,9.88,9.82,1.12
company_07746,Surya Builders 801 LLP,0,0,0,0.2938,None,710,1.5455,3.34,4.87,3.88
company_07747,Apex Enterprises 577 Partnership Firm,0,0,0,0.2269,None,802,1.8629,4.56,3.96,1.06
company_07748,Sterling Solutions 997 Private Limited,0,0,0,0.2198,None,726,1.6096,4.7,3.78,3.2
company_07749,Navrachana Retail 571 LLP,0,0,0,0.3016,None,740,1.1693,3.01,4.54,4.37
company_07750,Infinity Logistics 282 Partnership Firm,1,0,1,0.9367,circular_trading,659,1.5782,23.05,20.17,9.61
company_07751,Delta Power 354 Partnership Firm,0,0,0,0.2073,None,780,1.1168,4.48,5.24,1.61
company_07752,Shivam Chemicals 492 LLP,0,0,0,0.1644,None,674,2.0009,4.73,4.46,2.53
company_07753,Apex Chemicals 462 LLP,0,0,0,0.2566,None,744,0.7395,5.2,3.69,4.0
company_07754,Arogya Logistics 377 Partnership Firm,0,0,0,0.0811,None,750,1.6662,7.56,4.33,1.79
company_07755,Ganesh Builders 635 Partnership Firm,0,0,0,0.345,None,763,1.6729,5.09,3.55,1.1
company_07756,Shivam Metals 369 Private Limited,0,0,0,0.2774,None,703,1.1958,2.68,5.09,2.61
company_07757,Bhaskar Pharma 279 LLP,0,0,0,0.1997,None,718,1.6578,2.27,5.44,2.0
company_07758,Tejas Industries 634 Private Limited,0,0,0,0.2055,None,783,1.1826,2.31,3.97,1.62
company_07759,Ambika Builders 584 Private Limited,0,0,0,0.0512,None,781,1.3258,8.44,4.76,1.75
company_07760,Radhe Textiles 582 Private Limited,1,0,1,0.8708,seasonal_manipulation,657,0.7574,38.88,16.94,11.45
company_07761,Vidya Chemicals 388 LLP,0,0,0,0.3019,None,744,1.8787,5.13,10.45,2.1
company_07762,Matrix Retail 355 LLP,0,0,0,0.2544,None,730,2.4551,2.6,4.06,2.09
company_07763,Bhaskar Builders 914 LLP,1,0,1,0.8403,shell_company,633,1.1222,37.42,20.59,6.28
company_07764,Radhe Automotive 308 LLP,0,0,0,0.2229,None,743,1.2866,3.23,3.06,1.57
company_07765,Radhe Renewables 427 Private Limited,0,0,0,0.1792,None,753,1.0228,2.73,3.64,1.32
company_07766,Aditya Foods 146 LLP,0,0,0,0.1901,None,683,2.6813,4.27,3.03,2.22
company_07767,Vanguard Pharma 706 Partnership Firm,0,0,0,0.2375,None,751,1.7012,5.02,8.45,2.74
company_07768,Tejas Retail 125 Partnership Firm,0,0,0,0.0931,None,721,1.3487,3.39,4.43,1.66
company_07769,Zenith Renewables 118 LLP,0,0,0,0.1265,None,739,2.2405,3.3,3.59,2.02
company_07770,Ambika Automotive 705 LLP,0,0,0,0.0403,None,763,0.4321,4.15,5.09,3.01
company_07771,Bharat Metals 498 LLP,0,0,0,0.1323,None,747,0.8748,3.8,3.41,3.74
company_07772,Matrix Textiles 209 Partnership Firm,0,1,1,0.7351,evergreening,764,1.2021,3.69,4.08,1.38
company_07773,Aditya Automotive 656 LLP,0,0,0,0.0557,None,776,2.07,6.02,4.89,2.28
company_07774,Delta Foods 338 Private Limited,0,0,0,0.1433,None,769,2.3209,4.15,4.28,2.9
company_07775,Shivam Energy 404 LLP,0,0,0,0.1389,None,763,1.6129,2.77,3.97,1.72
company_07776,Bharat Renewables 880 Partnership Firm,1,0,1,0.5676,shell_company,520,0.8832,31.07,22.95,10.89
company_07777,Apex Builders 463 Private Limited,1,0,1,0.9083,benami_siphoning,661,1.2283,34.23,22.24,7.28
company_07778,Karan Enterprises 576 LLP,1,0,1,0.7076,evergreening,680,0.4443,13.46,6.83,20.37
company_07779,Arogya Energy 133 Private Limited,0,0,0,0.1515,None,731,1.7965,4.93,5.12,1.89
company_07780,Vanguard Retail 503 LLP,0,0,0,0.2459,None,790,2.2392,3.68,3.9,1.82
company_07781,Navrachana Chemicals 987 Private Limited,0,0,0,0.3158,None,711,1.1212,4.19,4.44,3.13
company_07782,Radhe Automotive 389 LLP,0,0,0,0.0537,None,761,1.9689,5.57,3.55,1.57
company_07783,Aditya Metals 801 LLP,1,0,1,0.9512,evergreening,656,0.8709,18.42,11.15,17.0
company_07784,Vanguard Automotive 429 Private Limited,0,0,0,0.1256,None,702,2.1914,4.19,5.09,3.54
company_07785,Surya Infotech 942 LLP,0,0,0,0.2831,None,718,1.7252,18.0,5.15,1.9
company_07786,Navrachana Chemicals 433 Private Limited,0,0,0,0.0753,None,710,1.2575,6.31,5.03,3.47
company_07787,Ambika Industries 698 Private Limited,0,0,0,0.1958,None,807,1.3891,1.97,3.03,2.09
company_07788,Navrachana Logistics 596 LLP,0,0,0,0.288,None,804,1.8126,3.46,2.94,2.55
company_07789,Zenith Power 682 LLP,0,1,1,0.6525,benami_siphoning,776,1.5501,9.08,3.38,3.42
company_07790,Aditya Textiles 389 LLP,0,0,0,0.1922,None,725,1.4837,13.84,4.96,2.25
company_07791,Karan Renewables 654 Private Limited,0,0,0,0.3149,None,676,1.1472,5.18,3.15,2.82
company_07792,Karan Healthcare 250 Private Limited,0,0,0,0.1427,None,781,2.0512,6.64,3.14,0.28
company_07793,Bharat Automotive 106 LLP,0,0,0,0.0264,None,750,1.5924,4.75,3.57,3.01
company_07794,Hindustan Power 106 Private Limited,0,0,0,0.0209,None,674,1.1279,8.4,2.79,3.18
company_07795,Bharat Retail 483 LLP,1,0,1,0.9072,revenue_inflation,625,0.9726,57.5,38.68,7.61
company_07796,Shivam Infrastructure 666 LLP,0,0,0,0.2703,None,730,1.5817,10.01,4.18,2.38
company_07797,Delta Textiles 649 Private Limited,0,0,0,0.2009,None,719,0.9295,3.78,3.72,3.61
company_07798,Urja Power 395 Private Limited,0,0,0,0.0945,None,738,0.8545,3.89,5.27,1.32
company_07799,Delta Power 573 Partnership Firm,0,0,0,0.3425,None,747,1.5681,7.66,5.33,2.68
company_07800,Surya Textiles 197 Partnership Firm,0,0,0,0.2487,None,726,2.7366,4.95,2.44,2.12
company_07801,Ganesh Infotech 895 LLP,0,1,1,0.7338,benami_siphoning,833,1.6037,6.05,3.88,1.72
company_07802,Vidya Renewables 816 LLP,0,0,0,0.0479,None,691,2.146,4.62,3.13,2.54
company_07803,Infinity Healthcare 457 LLP,0,0,0,0.0207,None,756,0.9207,3.85,4.91,1.76
company_07804,Vanguard Logistics 953 Partnership Firm,0,0,0,0.2614,None,775,1.4855,2.08,3.29,3.61
company_07805,Infinity Energy 512 Private Limited,0,0,0,0.0522,None,748,1.6909,4.08,4.5,2.33
company_07806,Bhaskar Infrastructure 100 LLP,0,0,0,0.3111,None,680,1.1987,3.76,3.29,3.72
company_07807,Karan Chemicals 885 Private Limited,0,0,0,0.1234,None,776,1.1371,3.83,3.81,2.57
company_07808,Bhaskar Industries 354 Private Limited,0,0,0,0.2982,None,794,1.5474,4.55,4.08,2.97
company_07809,Ganesh Industries 846 LLP,0,0,0,0.1809,None,725,1.9811,5.17,3.96,3.03
company_07810,Shivam Energy 550 LLP,0,0,0,0.1391,None,711,1.3389,4.38,3.11,2.26
company_07811,Hindustan Pharma 386 Private Limited,0,0,0,0.2097,None,747,1.3776,4.63,2.83,1.28
company_07812,Urja Metals 567 LLP,0,0,0,0.3084,None,701,1.3754,4.98,4.06,3.12
company_07813,Aditya Textiles 863 Partnership Firm,0,0,0,0.2263,None,766,1.8768,2.94,3.96,1.91
company_07814,Vidya Textiles 297 Private Limited,0,0,0,0.2043,None,744,1.1288,3.01,5.08,1.61
company_07815,Ganesh Healthcare 315 LLP,0,0,0,0.1278,None,769,1.0899,5.25,3.81,2.29
company_07816,Apex Textiles 117 Partnership Firm,0,1,1,0.4132,revenue_inflation,808,1.4357,4.41,7.12,1.62
company_07817,Karan Chemicals 171 LLP,0,0,0,0.2902,None,750,1.7817,5.41,3.34,2.17
company_07818,Hindustan Textiles 592 Private Limited,1,0,1,0.6061,evergreening,623,1.209,8.4,7.73,13.76
company_07819,Aditya Metals 758 Partnership Firm,0,0,0,0.0717,None,709,1.661,2.22,4.61,2.93
company_07820,Vidya Foods 701 LLP,0,0,0,0.16,None,765,0.8502,3.61,3.21,2.93
company_07821,Infinity Foods 560 LLP,0,0,0,0.1438,None,733,1.1046,3.07,3.24,2.54
company_07822,Apex Enterprises 376 LLP,0,0,0,0.2719,None,708,1.7109,7.66,3.95,1.82
company_07823,Sterling Power 235 LLP,0,0,0,0.2467,None,778,1.332,4.02,3.23,2.19
company_07824,Bhaskar Automotive 940 LLP,0,0,0,0.2462,None,725,1.9775,3.94,3.23,1.91
company_07825,Vanguard Power 982 LLP,0,0,0,0.1899,None,795,1.9218,5.0,4.17,2.07
company_07826,Bhaskar Infrastructure 673 LLP,0,0,0,0.3172,None,766,1.1623,4.72,3.28,3.46
company_07827,Hindustan Solutions 943 LLP,1,0,1,0.9495,revenue_inflation,719,1.4783,28.5,32.18,7.53
company_07828,Shivam Metals 586 Partnership Firm,0,0,0,0.1597,None,758,1.9975,2.75,3.93,2.0
company_07829,Sterling Retail 946 Partnership Firm,0,0,0,0.1075,None,657,1.539,3.39,4.06,2.44
company_07830,Vanguard Power 229 Private Limited,0,0,0,0.1321,None,761,1.324,3.77,6.05,3.48
company_07831,Tejas Textiles 418 Private Limited,0,0,0,0.3129,None,738,1.7515,3.06,3.55,2.51
company_07832,Shivam Solutions 814 Private Limited,0,0,0,0.3085,None,787,1.8026,4.64,3.64,3.17
company_07833,Bhaskar Chemicals 480 Partnership Firm,0,0,0,0.124,None,767,2.1528,4.1,3.97,1.99
company_07834,Infinity Infrastructure 755 Partnership Firm,0,0,0,0.1387,None,780,2.245,4.73,7.19,2.38
company_07835,Urja Chemicals 536 Private Limited,0,0,0,0.1773,None,751,1.7307,3.13,3.35,2.01
company_07836,Arogya Healthcare 482 LLP,0,0,0,0.3244,None,787,2.0428,3.39,3.62,1.99
company_07837,Urja Retail 949 Private Limited,0,0,0,0.1033,None,749,1.659,9.63,4.89,1.37
company_07838,Infinity Pharma 955 LLP,0,0,0,0.2407,None,740,1.5857,5.09,2.47,2.47
company_07839,Zenith Textiles 491 Partnership Firm,0,0,0,0.2508,None,713,1.6855,3.78,2.77,3.65
company_07840,Ambika Retail 819 LLP,0,0,0,0.2629,None,720,1.7886,10.71,5.14,5.94
company_07841,Matrix Chemicals 371 Partnership Firm,0,0,0,0.054,None,723,2.2933,4.2,12.16,3.93
company_07842,Bhaskar Logistics 330 LLP,0,0,0,0.2322,None,765,2.2016,4.32,3.82,2.13
company_07843,Infinity Logistics 843 Partnership Firm,0,0,0,0.2785,None,780,1.4792,3.32,3.36,1.03
company_07844,Zenith Infotech 175 LLP,0,0,0,0.081,None,734,1.2957,8.1,4.42,2.99
company_07845,Kalyani Healthcare 381 Private Limited,0,1,1,0.4947,evergreening,800,1.3514,3.22,4.29,2.17
company_07846,Vidya Logistics 957 LLP,0,1,1,0.5269,shell_company,720,1.036,2.83,5.03,2.89
company_07847,Navrachana Enterprises 651 LLP,0,0,0,0.3254,None,751,1.8764,2.1,7.77,3.61
company_07848,Bhaskar Power 871 Private Limited,0,0,0,0.0952,None,747,1.4002,2.03,2.51,1.59
company_07849,Vidya Builders 680 LLP,1,0,1,0.8782,circular_trading,642,0.3427,41.97,18.78,7.15
company_07850,Ambika Retail 743 LLP,0,0,0,0.3482,None,715,1.8641,5.26,4.17,2.69
company_07851,Aditya Builders 937 Partnership Firm,0,0,0,0.123,None,787,0.9745,3.23,4.36,1.27
company_07852,Vidya Power 474 LLP,0,0,0,0.1729,None,781,1.6941,3.04,3.87,1.64
company_07853,Karan Metals 234 Partnership Firm,0,0,0,0.0564,None,710,2.0654,5.05,2.96,1.86
company_07854,Apex Metals 743 Partnership Firm,0,0,0,0.094,None,767,1.6654,3.06,3.05,1.53
company_07855,Kalyani Automotive 754 LLP,1,0,1,0.6877,evergreening,700,0.3006,9.28,10.54,10.32
company_07856,Bhaskar Power 764 Partnership Firm,0,0,0,0.155,None,756,0.8214,3.29,3.37,1.6
company_07857,Delta Logistics 432 Private Limited,1,0,1,0.9389,seasonal_manipulation,666,1.0453,29.51,12.69,8.02
company_07858,Vidya Automotive 816 LLP,0,0,0,0.2521,None,692,1.6699,5.74,3.11,2.97
company_07859,Urja Renewables 189 LLP,0,0,0,0.1022,None,762,1.8263,5.74,4.0,1.33
company_07860,Tejas Renewables 661 LLP,0,0,0,0.1016,None,794,0.972,3.61,4.4,0.86
company_07861,Vidya Healthcare 527 LLP,1,0,1,0.9799,benami_siphoning,631,0.7455,33.41,31.95,9.7
company_07862,Aditya Automotive 297 Private Limited,1,0,1,0.8915,seasonal_manipulation,647,1.0708,25.92,10.02,6.95
company_07863,Hindustan Chemicals 693 LLP,0,0,0,0.1064,None,750,1.0238,3.63,3.36,1.66
company_07864,Bharat Chemicals 230 LLP,0,0,0,0.2286,None,747,1.3046,5.88,2.68,1.86
company_07865,Ambika Healthcare 848 LLP,0,0,0,0.2041,None,766,2.1285,4.79,3.82,3.57
company_07866,Shivam Energy 182 Private Limited,0,0,0,0.1173,None,818,1.5026,3.77,3.04,1.74
company_07867,Infinity Renewables 393 Partnership Firm,0,0,0,0.1427,None,755,1.9129,2.21,3.2,1.41
company_07868,Bharat Foods 921 LLP,0,0,0,0.3427,None,715,1.54,2.56,3.03,2.58
company_07869,Karan Pharma 855 Private Limited,0,0,0,0.1955,None,781,0.8926,3.13,6.35,3.37
company_07870,Radhe Retail 445 Private Limited,1,0,1,0.9103,circular_trading,632,1.0412,22.7,18.6,16.53
company_07871,Kalyani Solutions 100 LLP,0,0,0,0.1625,None,766,2.1616,4.08,6.31,0.83
company_07872,Ganesh Foods 634 LLP,0,0,0,0.2159,None,745,1.8889,2.51,2.39,2.06
company_07873,Aditya Renewables 637 LLP,0,1,1,0.4121,revenue_inflation,781,2.3419,4.3,3.3,2.56
company_07874,Ambika Builders 368 LLP,0,0,0,0.1578,None,749,1.7232,7.01,3.07,2.61
company_07875,Vidya Solutions 243 Private Limited,1,0,1,0.9409,circular_trading,660,1.3017,35.08,32.48,6.76
company_07876,Kalyani Enterprises 380 Partnership Firm,1,0,1,0.8752,shell_company,647,1.1148,40.36,27.84,8.27
company_07877,Surya Infrastructure 119 LLP,0,0,0,0.0495,None,802,1.5058,7.3,4.17,1.13
company_07878,Delta Automotive 524 LLP,0,0,0,0.2768,None,681,1.2719,2.66,3.15,5.45
company_07879,Kalyani Foods 833 Private Limited,0,0,0,0.2351,None,747,2.9678,3.22,4.26,0.83
company_07880,Apex Builders 865 Partnership Firm,0,0,0,0.0768,None,768,1.6599,7.7,6.18,1.25
company_07881,Kalyani Retail 731 Partnership Firm,0,0,0,0.1121,None,746,1.5165,2.71,4.23,2.46
company_07882,Ambika Metals 924 LLP,0,0,0,0.0959,None,733,1.8102,11.39,3.69,1.7
company_07883,Aditya Renewables 713 Private Limited,0,0,0,0.1193,None,690,0.9269,3.48,2.99,4.72
company_07884,Vanguard Enterprises 504 LLP,0,0,0,0.036,None,772,1.2133,10.15,4.31,1.94
company_07885,Shivam Energy 306 Private Limited,0,0,0,0.1789,None,740,1.7339,5.95,3.59,2.12
company_07886,Apex Builders 289 Private Limited,0,0,0,0.2929,None,737,1.7107,4.65,4.27,3.24
company_07887,Ganesh Energy 705 Private Limited,0,0,0,0.253,None,766,1.5254,10.42,5.68,5.89
company_07888,Delta Power 846 LLP,0,0,0,0.024,None,693,1.6867,3.31,4.59,2.0
company_07889,Apex Energy 801 LLP,0,0,0,0.0389,None,672,1.9228,9.54,4.89,3.39
company_07890,Surya Metals 764 LLP,0,0,0,0.1153,None,753,1.3023,12.87,4.16,3.89
company_07891,Navrachana Builders 625 Partnership Firm,0,0,0,0.0754,None,774,1.3949,4.36,4.38,1.51
company_07892,Apex Builders 877 LLP,0,0,0,0.2043,None,739,1.8509,4.17,5.21,2.01
company_07893,Infinity Renewables 592 Private Limited,0,0,0,0.2725,None,749,1.4801,4.75,3.51,1.1
company_07894,Karan Infrastructure 380 Partnership Firm,0,0,0,0.0775,None,776,2.8824,7.25,4.35,1.56
company_07895,Ambika Energy 806 Private Limited,0,0,0,0.2386,None,748,1.7899,5.3,6.9,1.82
company_07896,Urja Pharma 150 LLP,0,0,0,0.1076,None,814,1.5518,3.39,5.37,1.89
company_07897,Shivam Metals 741 Partnership Firm,1,0,1,0.9808,benami_siphoning,667,1.0374,26.35,28.68,11.01
company_07898,Vidya Builders 324 Private Limited,0,0,0,0.1197,None,781,2.0836,6.76,3.01,1.94
company_07899,Zenith Energy 928 Partnership Firm,0,0,0,0.1648,None,745,1.0217,5.88,3.17,3.19
company_07900,Ambika Metals 796 Partnership Firm,0,0,0,0.2191,None,771,0.9156,6.8,4.64,2.86
company_07901,Sterling Infrastructure 702 Private Limited,0,0,0,0.2541,None,760,1.3203,4.3,5.8,2.8
company_07902,Aditya Infrastructure 756 LLP,0,0,0,0.106,None,789,1.4981,5.01,7.3,3.38
company_07903,Karan Power 421 Private Limited,0,0,0,0.3245,None,685,0.8601,4.95,5.89,6.47
company_07904,Infinity Metals 880 Private Limited,0,0,0,0.2531,None,744,1.7791,9.28,6.96,2.08
company_07905,Hindustan Metals 707 Private Limited,0,0,0,0.1371,None,817,1.4343,4.47,4.53,1.7
company_07906,Bharat Infrastructure 227 LLP,0,0,0,0.1254,None,790,1.9087,3.55,4.19,1.3
company_07907,Aditya Infotech 170 Partnership Firm,0,0,0,0.3493,None,765,1.6454,5.28,3.15,1.33
company_07908,Ambika Builders 663 Partnership Firm,0,0,0,0.3172,None,716,1.4742,3.74,3.27,4.09
company_07909,Arogya Foods 612 LLP,0,0,0,0.1879,None,755,1.392,3.6,3.25,1.49
company_07910,Vidya Metals 868 Partnership Firm,0,0,0,0.2294,None,755,1.0721,4.2,3.14,1.53
company_07911,Vidya Textiles 292 LLP,0,0,0,0.2094,None,736,1.3623,5.24,2.52,2.25
company_07912,Arogya Textiles 486 Partnership Firm,0,0,0,0.3088,None,691,1.2752,3.41,3.25,1.7
company_07913,Bhaskar Renewables 583 Private Limited,0,0,0,0.2569,None,769,1.6102,6.29,2.96,1.42
company_07914,Bhaskar Infotech 361 LLP,0,0,0,0.2195,None,747,1.6516,3.91,7.08,2.55
company_07915,Sterling Textiles 176 Partnership Firm,0,0,0,0.1706,None,818,1.6422,2.85,6.82,0.57
company_07916,Shivam Textiles 614 LLP,1,0,1,0.6813,revenue_inflation,670,0.9781,19.87,24.68,6.56
company_07917,Arogya Healthcare 110 Partnership Firm,0,0,0,0.1159,None,767,1.163,6.1,3.52,3.42
company_07918,Matrix Power 443 LLP,1,0,1,0.9796,revenue_inflation,687,1.9093,58.19,27.01,6.77
company_07919,Hindustan Builders 486 Private Limited,0,0,0,0.1804,None,710,1.5827,2.07,4.28,2.72
company_07920,Surya Enterprises 694 LLP,0,0,0,0.1347,None,718,0.9373,2.24,2.69,3.72
company_07921,Surya Enterprises 523 Partnership Firm,0,0,0,0.155,None,851,2.1828,2.33,2.57,5.22
company_07922,Matrix Metals 944 Partnership Firm,0,0,0,0.045,None,711,1.0806,4.06,3.25,3.16
company_07923,Matrix Healthcare 806 Partnership Firm,0,0,0,0.1153,None,717,1.3814,3.66,3.14,2.71
company_07924,Aditya Power 937 Private Limited,0,0,0,0.1985,None,755,1.9785,5.14,5.35,1.17
company_07925,Delta Industries 131 Partnership Firm,0,0,0,0.2948,None,798,1.0023,4.16,2.61,4.45
company_07926,Urja Energy 397 Partnership Firm,0,0,0,0.0415,None,715,2.51,1.95,3.16,3.04
company_07927,Vidya Infotech 689 Private Limited,0,0,0,0.1141,None,727,2.1812,5.81,4.4,4.39
company_07928,Radhe Infrastructure 673 Private Limited,0,0,0,0.0851,None,824,2.5278,4.92,3.03,1.44
company_07929,Radhe Infrastructure 288 Private Limited,0,0,0,0.2378,None,716,1.2774,2.69,4.78,2.63
company_07930,Radhe Infrastructure 630 LLP,0,0,0,0.1064,None,710,1.5175,2.3,3.8,2.09
company_07931,Navrachana Pharma 478 Private Limited,0,0,0,0.1243,None,791,1.7518,3.19,3.27,1.4
company_07932,Delta Power 720 LLP,0,0,0,0.1563,None,786,1.9758,12.13,3.57,3.7
company_07933,Radhe Logistics 597 Partnership Firm,0,0,0,0.1093,None,766,1.2421,3.64,3.33,3.94
company_07934,Hindustan Infotech 423 LLP,1,0,1,0.9342,evergreening,622,1.3637,20.12,10.19,17.74
company_07935,Navrachana Healthcare 862 Private Limited,1,0,1,0.9424,circular_trading,669,1.7367,35.46,25.57,7.41
company_07936,Sterling Power 170 LLP,0,0,0,0.3412,None,767,1.005,2.71,7.07,1.87
company_07937,Surya Infotech 192 Partnership Firm,0,0,0,0.2065,None,776,1.1806,7.98,4.22,1.11
company_07938,Apex Enterprises 225 Partnership Firm,0,0,0,0.2278,None,795,1.5522,3.16,4.28,0.39
company_07939,Surya Renewables 271 Partnership Firm,0,0,0,0.0684,None,713,2.075,10.74,4.57,1.51
company_07940,Sterling Pharma 244 Private Limited,0,0,0,0.2526,None,679,1.5773,6.65,3.29,2.11
company_07941,Kalyani Chemicals 386 Private Limited,0,0,0,0.2772,None,699,1.2436,2.46,3.95,3.02
company_07942,Vanguard Pharma 471 Private Limited,1,0,1,0.7129,evergreening,617,0.4005,25.0,6.27,13.67
company_07943,Zenith Logistics 290 Private Limited,0,0,0,0.2833,None,758,1.4809,3.34,4.45,1.96
company_07944,Arogya Logistics 685 LLP,1,0,1,0.9667,revenue_inflation,627,0.1,38.81,31.9,9.83
company_07945,Zenith Automotive 907 LLP,0,0,0,0.1294,None,730,1.1152,5.17,3.64,1.85
company_07946,Bharat Logistics 911 Private Limited,0,0,0,0.2449,None,759,1.892,3.15,3.44,1.52
company_07947,Shivam Power 936 LLP,0,0,0,0.0456,None,705,0.796,4.29,2.42,2.63
company_07948,Vidya Retail 928 Partnership Firm,1,0,1,0.7629,benami_siphoning,612,1.2679,22.93,25.96,4.89
company_07949,Shivam Renewables 260 Partnership Firm,0,0,0,0.098,None,719,1.7681,2.47,6.0,1.57
company_07950,Arogya Chemicals 107 LLP,0,0,0,0.2199,None,761,1.6885,2.67,2.47,0.78
company_07951,Ambika Textiles 618 Private Limited,1,0,1,0.9053,revenue_inflation,686,0.8866,36.89,32.59,7.72
company_07952,Ganesh Solutions 945 Private Limited,0,0,0,0.2027,None,754,2.1626,4.99,5.14,2.47
company_07953,Kalyani Automotive 249 LLP,0,0,0,0.1561,None,743,1.4311,4.99,5.02,2.22
company_07954,Infinity Logistics 523 Private Limited,0,0,0,0.3183,None,722,1.3711,4.12,2.92,2.47
company_07955,Ambika Industries 800 Partnership Firm,1,0,1,0.5843,revenue_inflation,657,1.2709,24.64,26.66,5.38
company_07956,Karan Foods 103 Partnership Firm,0,0,0,0.2322,None,734,1.2892,3.17,4.8,3.15
company_07957,Ambika Industries 887 Partnership Firm,0,0,0,0.0272,None,720,1.455,4.54,5.68,1.99
company_07958,Infinity Textiles 171 LLP,0,0,0,0.1649,None,649,1.1415,5.62,4.21,3.12
company_07959,Vanguard Healthcare 360 LLP,0,0,0,0.1942,None,741,1.1914,9.23,5.43,1.53
company_07960,Infinity Metals 961 Private Limited,0,0,0,0.0227,None,736,1.4854,3.94,6.22,2.42
company_07961,Urja Chemicals 310 LLP,0,0,0,0.1335,None,746,1.1704,4.67,5.55,2.14
company_07962,Sterling Healthcare 201 LLP,0,0,0,0.2613,None,712,2.1059,4.83,2.82,2.43
company_07963,Infinity Industries 571 Private Limited,0,0,0,0.1809,None,795,2.8155,6.46,4.76,1.39
company_07964,Delta Automotive 936 LLP,0,0,0,0.2738,None,777,1.0533,3.01,4.98,2.98
company_07965,Bhaskar Automotive 490 Private Limited,0,0,0,0.1394,None,748,0.7094,2.4,3.7,1.25
company_07966,Zenith Energy 331 Partnership Firm,0,0,0,0.1406,None,729,1.3622,4.84,3.08,1.85
company_07967,Navrachana Power 675 Partnership Firm,0,0,0,0.2605,None,803,2.5272,6.31,6.67,1.64
company_07968,Shivam Infrastructure 992 Private Limited,0,0,0,0.1069,None,701,2.0623,6.5,5.67,2.23
company_07969,Navrachana Infrastructure 144 LLP,0,0,0,0.0157,None,719,1.6321,10.19,6.5,4.48
company_07970,Apex Enterprises 782 LLP,1,0,1,0.9071,revenue_inflation,666,1.344,35.65,36.0,10.05
company_07971,Tejas Automotive 590 Private Limited,0,0,0,0.3381,None,791,0.8145,3.32,5.24,1.86
company_07972,Kalyani Metals 755 Partnership Firm,0,0,0,0.1918,None,685,1.3668,5.73,3.32,3.89
company_07973,Arogya Chemicals 809 Partnership Firm,1,0,1,0.987,benami_siphoning,670,1.6508,19.32,29.32,8.21
company_07974,Navrachana Builders 416 Partnership Firm,1,0,1,0.8661,benami_siphoning,670,0.768,29.22,34.05,13.69
company_07975,Apex Solutions 649 Private Limited,0,0,0,0.058,None,782,1.2643,9.87,3.5,1.73
company_07976,Vanguard Renewables 622 LLP,0,0,0,0.0382,None,764,1.7058,5.05,4.27,2.08
company_07977,Vanguard Power 400 LLP,1,0,1,0.9072,revenue_inflation,678,0.3616,42.51,35.86,10.57
company_07978,Ambika Enterprises 757 LLP,0,0,0,0.1727,None,736,1.1937,5.2,4.68,3.82
company_07979,Urja Builders 385 Private Limited,0,0,0,0.1839,None,772,1.5408,10.1,3.28,1.73
company_07980,Hindustan Retail 962 LLP,0,0,0,0.0981,None,749,1.5527,7.58,2.89,2.26
company_07981,Sterling Metals 789 Partnership Firm,1,0,1,0.9865,shell_company,491,1.0802,58.88,48.31,10.06
company_07982,Apex Infrastructure 415 LLP,0,0,0,0.1202,None,771,1.9495,3.99,4.96,2.99
company_07983,Aditya Chemicals 175 Private Limited,0,0,0,0.2924,None,755,1.4602,3.94,6.42,1.41
company_07984,Zenith Solutions 177 LLP,0,0,0,0.1691,None,754,0.9497,3.24,3.99,1.59
company_07985,Tejas Industries 186 Private Limited,1,0,1,0.9649,benami_siphoning,672,1.563,17.3,23.99,7.18
company_07986,Bhaskar Metals 209 LLP,0,0,0,0.1434,None,794,1.3038,4.95,3.46,6.29
company_07987,Sterling Energy 875 Partnership Firm,0,0,0,0.0861,None,736,1.3545,3.04,4.16,4.2
company_07988,Zenith Textiles 596 LLP,0,0,0,0.0656,None,758,1.3955,3.02,3.13,1.63
company_07989,Matrix Power 694 LLP,0,0,0,0.1399,None,745,1.615,4.68,5.2,2.24
company_07990,Vidya Chemicals 553 LLP,1,0,1,0.6042,revenue_inflation,610,0.9722,38.2,27.76,4.99
company_07991,Bharat Automotive 587 Partnership Firm,0,0,0,0.2773,None,807,1.3591,4.85,3.54,1.1
company_07992,Delta Solutions 330 LLP,1,0,1,0.5797,seasonal_manipulation,624,1.0468,33.92,9.9,5.29
company_07993,Bhaskar Infrastructure 990 Partnership Firm,1,0,1,0.9775,revenue_inflation,723,1.2176,32.77,51.22,10.04
company_07994,Arogya Infrastructure 389 Partnership Firm,0,0,0,0.1832,None,820,1.799,3.21,6.19,2.31
company_07995,Ganesh Retail 552 Private Limited,0,0,0,0.2908,None,690,1.3602,2.6,7.76,2.46
company_07996,Kalyani Infrastructure 526 LLP,0,0,0,0.1633,None,745,2.754,3.0,3.22,3.88
company_07997,Radhe Power 374 Partnership Firm,0,0,0,0.2251,None,726,1.4441,3.91,3.86,1.47
company_07998,Delta Infotech 438 Private Limited,0,0,0,0.043,None,731,1.1489,7.68,4.18,2.43
company_07999,Apex Logistics 475 LLP,0,0,0,0.2208,None,633,1.7868,7.19,3.3,2.55
company_08000,Bharat Solutions 741 Partnership Firm,0,0,0,0.1903,None,708,1.837,3.97,5.69,5.13
company_08001,Hindustan Infotech 990 Private Limited,0,0,0,0.3205,None,763,1.4847,4.69,5.9,4.16
company_08002,Urja Solutions 622 Private Limited,1,0,1,0.7037,revenue_inflation,670,0.9725,32.49,28.24,4.86
company_08003,Sterling Infotech 115 Private Limited,0,0,0,0.3278,None,801,1.7147,4.63,6.28,1.15
company_08004,Navrachana Power 512 Partnership Firm,0,0,0,0.2239,None,713,1.1726,2.14,2.83,3.35
company_08005,Bhaskar Infrastructure 297 LLP,0,0,0,0.275,None,727,1.0497,4.95,3.81,1.56
company_08006,Kalyani Industries 556 Partnership Firm,0,0,0,0.2053,None,689,1.529,3.45,7.55,3.33
company_08007,Urja Energy 980 LLP,0,1,1,0.5679,benami_siphoning,714,1.1273,5.21,4.34,3.12
company_08008,Zenith Chemicals 812 Private Limited,0,0,0,0.3031,None,748,1.5249,2.87,5.06,2.34
company_08009,Bharat Foods 936 Partnership Firm,1,0,1,0.8964,revenue_inflation,605,0.2217,29.79,51.58,7.84
company_08010,Navrachana Power 378 Private Limited,0,0,0,0.2356,None,769,1.6622,4.34,3.23,3.4
company_08011,Radhe Energy 801 Private Limited,0,0,0,0.3489,None,810,1.4706,4.82,7.87,2.29
company_08012,Aditya Foods 386 Partnership Firm,0,0,0,0.2642,None,771,1.4186,3.36,4.87,2.72
company_08013,Zenith Textiles 782 Private Limited,0,0,0,0.2222,None,662,2.3036,2.7,2.99,3.81
company_08014,Sterling Automotive 602 Private Limited,0,0,0,0.2105,None,737,2.1058,4.96,4.62,1.84
company_08015,Zenith Chemicals 902 Partnership Firm,0,0,0,0.1794,None,775,1.6727,5.05,4.01,1.66
company_08016,Delta Builders 295 LLP,0,0,0,0.3347,None,703,1.0305,3.66,5.2,1.88
company_08017,Aditya Automotive 511 Partnership Firm,0,0,0,0.1007,None,796,1.5404,4.25,3.56,0.71
company_08018,Tejas Builders 587 Partnership Firm,1,0,1,0.8232,seasonal_manipulation,699,0.9499,27.19,11.29,3.19
company_08019,Sterling Logistics 665 Partnership Firm,0,0,0,0.0573,None,756,1.6447,3.11,6.0,1.85
company_08020,Ambika Logistics 458 Partnership Firm,0,0,0,0.2373,None,758,1.2265,4.38,3.6,1.3
company_08021,Sterling Foods 542 Partnership Firm,0,0,0,0.2596,None,760,1.5586,4.27,5.55,1.45
company_08022,Matrix Retail 805 Partnership Firm,0,0,0,0.1757,None,680,1.6363,2.25,2.92,2.67
company_08023,Matrix Retail 878 Private Limited,0,0,0,0.2787,None,755,2.6301,3.04,4.16,2.3
company_08024,Bharat Builders 544 Private Limited,0,0,0,0.095,None,749,1.0177,8.57,4.83,3.02
company_08025,Surya Logistics 492 LLP,0,0,0,0.1789,None,791,1.8638,4.04,4.54,3.02
company_08026,Sterling Renewables 674 Partnership Firm,1,0,1,0.5198,evergreening,662,0.9658,9.64,20.0,14.15
company_08027,Karan Foods 858 Partnership Firm,0,0,0,0.3264,None,750,1.4648,10.07,4.97,1.83
company_08028,Karan Textiles 235 Partnership Firm,0,0,0,0.1728,None,799,1.3128,3.17,3.41,2.7
company_08029,Bhaskar Enterprises 869 LLP,0,0,0,0.115,None,762,1.5514,2.31,4.05,2.73
company_08030,Matrix Solutions 948 Private Limited,0,0,0,0.2467,None,682,1.8444,4.88,3.44,2.23
company_08031,Arogya Textiles 537 Private Limited,0,0,0,0.24,None,765,1.9361,4.21,4.6,0.95
company_08032,Ganesh Infotech 626 Private Limited,0,0,0,0.0343,None,825,1.1996,11.41,3.99,0.87
company_08033,Tejas Infrastructure 884 LLP,0,0,0,0.2436,None,693,1.0125,4.41,8.48,1.58
company_08034,Arogya Renewables 515 Partnership Firm,0,0,0,0.2799,None,759,1.3618,7.42,3.34,1.7
company_08035,Bhaskar Infrastructure 456 LLP,0,0,0,0.2131,None,762,1.0173,5.19,6.33,1.88
company_08036,Urja Retail 595 Partnership Firm,0,0,0,0.0921,None,782,1.418,5.04,3.43,1.56
company_08037,Karan Renewables 356 Private Limited,0,0,0,0.3386,None,741,1.5827,3.31,2.63,1.53
company_08038,Bharat Infotech 432 LLP,0,0,0,0.2187,None,768,0.9502,2.57,2.54,3.21
company_08039,Aditya Foods 374 Partnership Firm,0,1,1,0.5547,revenue_inflation,733,1.9308,5.48,4.61,2.42
company_08040,Kalyani Automotive 275 Private Limited,0,0,0,0.2776,None,698,1.7435,5.04,3.57,2.27
company_08041,Bhaskar Logistics 814 LLP,0,0,0,0.168,None,722,1.3173,3.87,3.45,1.93
company_08042,Navrachana Industries 285 LLP,0,0,0,0.1301,None,743,1.6127,4.45,4.73,2.27
company_08043,Delta Automotive 575 LLP,0,0,0,0.1071,None,753,1.3214,4.64,3.86,2.42
company_08044,Shivam Textiles 179 Private Limited,0,0,0,0.1864,None,718,1.9052,2.56,3.8,1.82
company_08045,Matrix Renewables 161 Private Limited,1,0,1,0.912,seasonal_manipulation,671,0.1,47.3,14.69,7.31
company_08046,Aditya Energy 103 LLP,0,0,0,0.0795,None,715,1.5821,6.38,5.19,3.4
company_08047,Matrix Infrastructure 177 Partnership Firm,0,0,0,0.264,None,718,1.6345,3.87,4.65,2.95
company_08048,Hindustan Metals 822 Private Limited,0,0,0,0.1702,None,804,1.249,6.89,4.01,1.62
company_08049,Ambika Builders 231 Private Limited,0,0,0,0.0983,None,759,0.8247,4.4,4.28,2.51
company_08050,Aditya Energy 744 LLP,0,0,0,0.0308,None,740,1.6676,2.8,10.38,2.37
company_08051,Vanguard Infotech 342 Private Limited,0,0,0,0.1099,None,747,2.2216,4.05,3.13,1.74
company_08052,Shivam Power 460 Private Limited,1,0,1,0.9763,evergreening,642,1.3002,24.48,13.76,16.67
company_08053,Zenith Solutions 245 Partnership Firm,1,0,1,0.9537,benami_siphoning,694,1.0959,15.11,25.44,5.66
company_08054,Zenith Energy 624 Partnership Firm,0,0,0,0.3026,None,724,1.6761,2.04,3.54,3.14
company_08055,Hindustan Metals 521 LLP,0,0,0,0.3184,None,795,1.0852,5.09,3.84,1.05
company_08056,Sterling Enterprises 979 Partnership Firm,0,0,0,0.3489,None,791,1.0617,5.85,3.35,1.63
company_08057,Hindustan Foods 484 Partnership Firm,0,0,0,0.1863,None,796,0.8755,2.97,3.41,2.02
company_08058,Apex Retail 661 Partnership Firm,1,0,1,0.692,seasonal_manipulation,733,1.3561,17.11,8.36,3.66
company_08059,Bhaskar Chemicals 818 LLP,1,0,1,0.8791,evergreening,594,0.2783,24.46,21.82,20.83
company_08060,Aditya Infrastructure 235 Private Limited,0,0,0,0.3375,None,733,1.2196,3.81,3.37,3.68
company_08061,Zenith Infotech 201 LLP,0,0,0,0.0191,None,818,1.5348,5.86,7.18,2.81
company_08062,Aditya Solutions 722 LLP,0,0,0,0.1366,None,815,0.89,10.26,4.43,0.35
company_08063,Bharat Renewables 679 Partnership Firm,1,0,1,0.5217,evergreening,659,0.7916,21.2,10.49,10.93
company_08064,Hindustan Metals 458 LLP,1,0,1,0.8582,circular_trading,682,0.5725,31.44,26.55,8.33
company_08065,Sterling Chemicals 242 Private Limited,0,0,0,0.1699,None,737,1.5646,3.38,2.62,1.88
company_08066,Sterling Chemicals 345 Partnership Firm,0,0,0,0.1318,None,740,1.4057,5.53,3.87,1.34
company_08067,Delta Energy 707 Private Limited,1,0,1,0.9835,shell_company,488,1.2679,51.62,32.56,9.41
company_08068,Aditya Enterprises 492 Private Limited,0,1,1,0.4997,revenue_inflation,754,1.3265,8.11,6.37,3.47
company_08069,Urja Power 161 Partnership Firm,1,0,1,0.9709,benami_siphoning,557,1.3148,20.26,26.25,16.8
company_08070,Delta Metals 979 Partnership Firm,0,0,0,0.2037,None,827,0.8311,3.92,3.32,0.23
company_08071,Navrachana Solutions 369 LLP,0,0,0,0.2557,None,759,1.6511,12.22,5.21,1.62
company_08072,Apex Textiles 840 Partnership Firm,0,0,0,0.2855,None,720,1.2952,5.41,5.29,3.29
company_08073,Urja Pharma 924 Private Limited,0,0,0,0.2292,None,722,1.3366,8.25,3.66,2.18
company_08074,Sterling Chemicals 112 Private Limited,1,0,1,0.91,circular_trading,614,0.5092,23.63,35.25,7.08
company_08075,Apex Enterprises 257 Partnership Firm,0,0,0,0.1371,None,740,2.2521,2.82,2.8,0.91
company_08076,Karan Logistics 839 LLP,0,0,0,0.3341,None,763,1.2905,4.48,3.27,3.3
company_08077,Aditya Foods 288 LLP,0,0,0,0.0295,None,727,1.2148,8.84,4.11,3.37
company_08078,Sterling Pharma 938 Private Limited,1,0,1,0.9857,evergreening,664,0.7703,25.16,13.77,21.85
company_08079,Ganesh Pharma 522 Partnership Firm,0,0,0,0.2129,None,721,1.3761,4.08,5.95,2.56
company_08080,Bhaskar Infotech 876 LLP,0,0,0,0.085,None,732,1.3331,2.53,5.86,2.55
company_08081,Surya Infotech 626 Private Limited,1,0,1,0.9592,revenue_inflation,584,0.7281,33.44,35.63,10.6
company_08082,Urja Industries 622 Partnership Firm,0,0,0,0.0127,None,774,1.4478,3.62,4.21,5.67
company_08083,Matrix Renewables 541 LLP,1,0,1,0.6908,revenue_inflation,645,0.8816,41.61,32.25,8.84
company_08084,Infinity Pharma 962 LLP,0,0,0,0.0145,None,718,1.1584,8.6,3.7,1.48
company_08085,Radhe Chemicals 313 Private Limited,1,0,1,0.5729,revenue_inflation,618,0.956,25.46,18.76,4.9
company_08086,Vidya Enterprises 904 Private Limited,0,0,0,0.2949,None,695,1.3038,10.42,5.31,3.56
company_08087,Urja Pharma 201 LLP,0,0,0,0.0275,None,821,1.0633,2.52,3.78,1.88
company_08088,Matrix Infotech 688 LLP,0,0,0,0.3416,None,787,2.7798,2.38,4.69,0.46
company_08089,Karan Textiles 897 Private Limited,0,0,0,0.0356,None,747,1.5673,3.38,5.05,1.67
company_08090,Ambika Renewables 347 LLP,0,0,0,0.0721,None,704,1.3898,3.18,2.85,3.97
company_08091,Bhaskar Infrastructure 636 Private Limited,0,0,0,0.3197,None,741,0.9568,3.85,3.97,2.37
company_08092,Hindustan Automotive 825 Private Limited,0,0,0,0.1078,None,728,0.9736,5.52,3.89,2.58
company_08093,Bharat Retail 776 Private Limited,0,0,0,0.2265,None,728,1.7812,4.96,4.11,5.81
company_08094,Bhaskar Renewables 775 Private Limited,0,0,0,0.0402,None,753,0.9595,2.35,2.89,3.53
company_08095,Radhe Infrastructure 825 LLP,0,0,0,0.3132,None,787,1.3956,3.04,3.04,1.01
company_08096,Hindustan Power 298 Private Limited,0,0,0,0.3325,None,797,1.3521,3.84,3.85,1.23
company_08097,Urja Solutions 737 LLP,0,0,0,0.1841,None,698,1.9151,5.46,5.91,2.21
company_08098,Infinity Chemicals 140 LLP,1,0,1,0.893,revenue_inflation,672,0.5786,27.38,37.38,12.49
company_08099,Radhe Builders 506 LLP,0,0,0,0.299,None,784,1.1711,2.48,3.29,2.95
company_08100,Apex Textiles 487 Private Limited,0,0,0,0.3405,None,747,1.7223,3.34,2.74,1.56
company_08101,Vanguard Chemicals 389 Private Limited,0,0,0,0.2262,None,732,1.5765,1.4,2.29,2.41
company_08102,Ambika Industries 572 Private Limited,0,0,0,0.228,None,838,1.8858,3.58,6.78,1.01
company_08103,Hindustan Textiles 625 Partnership Firm,0,0,0,0.111,None,791,1.9248,9.57,3.34,1.72
company_08104,Delta Chemicals 753 Partnership Firm,0,0,0,0.349,None,751,1.6724,2.0,3.0,2.46
company_08105,Surya Power 664 Private Limited,0,0,0,0.2047,None,770,1.2488,3.82,3.35,1.83
company_08106,Tejas Solutions 474 Partnership Firm,1,0,1,0.8518,circular_trading,717,0.7805,28.27,17.44,6.65
company_08107,Zenith Energy 771 LLP,0,0,0,0.3374,None,798,2.0449,4.31,6.26,1.29
company_08108,Vidya Builders 622 LLP,0,0,0,0.1744,None,780,1.7336,3.57,3.51,2.68
company_08109,Apex Infrastructure 720 Private Limited,1,0,1,0.9649,revenue_inflation,576,0.9164,28.62,34.17,9.76
company_08110,Arogya Retail 110 Private Limited,0,0,0,0.0547,None,745,1.6389,5.01,3.32,2.21
company_08111,Matrix Pharma 543 Private Limited,0,0,0,0.1575,None,770,1.3566,1.89,3.28,2.02
company_08112,Kalyani Enterprises 660 Private Limited,1,0,1,0.7424,evergreening,683,0.2,9.28,19.1,13.91
company_08113,Bharat Solutions 171 Private Limited,0,1,1,0.669,revenue_inflation,732,1.5731,5.32,2.88,1.84
company_08114,Ganesh Infrastructure 892 Partnership Firm,0,0,0,0.2587,None,767,1.625,4.84,5.22,1.57
company_08115,Hindustan Renewables 307 LLP,0,0,0,0.2295,None,795,0.8866,3.81,5.36,2.93
company_08116,Infinity Textiles 409 Private Limited,0,0,0,0.1592,None,818,1.7583,6.49,4.54,1.34
company_08117,Bhaskar Retail 836 Private Limited,0,0,0,0.2282,None,758,1.377,3.18,3.4,3.55
company_08118,Matrix Foods 173 LLP,0,0,0,0.0221,None,803,0.9947,3.01,2.98,0.84
company_08119,Vidya Automotive 843 Partnership Firm,0,1,1,0.4582,revenue_inflation,733,1.3701,3.87,5.57,3.16
company_08120,Tejas Metals 512 Partnership Firm,1,0,1,0.926,revenue_inflation,629,1.3358,31.41,31.07,14.21
company_08121,Apex Energy 533 LLP,0,0,0,0.1529,None,764,1.5148,3.82,3.43,4.11
company_08122,Radhe Industries 286 Partnership Firm,0,0,0,0.2665,None,768,1.5679,6.22,3.33,4.65
company_08123,Kalyani Renewables 857 Partnership Firm,0,0,0,0.2534,None,712,1.3979,10.25,4.06,2.41
company_08124,Sterling Automotive 751 Partnership Firm,1,0,1,0.9377,benami_siphoning,584,0.5368,16.55,32.57,9.31
company_08125,Zenith Infotech 641 Partnership Firm,0,0,0,0.1176,None,751,2.333,7.02,3.61,1.37
company_08126,Aditya Industries 782 Private Limited,1,0,1,0.9781,evergreening,704,0.2,37.6,13.39,14.03
company_08127,Bharat Enterprises 268 Private Limited,0,0,0,0.2932,None,719,1.4454,3.6,3.83,2.56
company_08128,Tejas Chemicals 221 Partnership Firm,0,0,0,0.1687,None,816,1.5305,5.64,6.38,2.87
company_08129,Navrachana Energy 624 Private Limited,0,0,0,0.0709,None,781,1.2471,4.08,4.61,2.04
company_08130,Zenith Chemicals 353 Partnership Firm,0,0,0,0.1253,None,783,1.8417,4.09,6.81,1.71
company_08131,Arogya Industries 296 Private Limited,0,0,0,0.3214,None,776,1.3515,4.76,3.45,1.79
company_08132,Urja Logistics 338 Private Limited,0,0,0,0.1453,None,684,1.7778,4.45,6.53,1.62
company_08133,Vidya Enterprises 425 LLP,0,0,0,0.2551,None,782,1.3541,7.7,3.41,2.52
company_08134,Radhe Industries 447 Private Limited,0,0,0,0.1731,None,765,1.6229,7.8,2.31,1.25
company_08135,Ambika Pharma 388 Private Limited,0,0,0,0.3137,None,742,1.5634,3.87,2.74,3.01
company_08136,Zenith Infotech 209 Private Limited,0,0,0,0.2463,None,721,2.0609,5.16,3.35,2.93
company_08137,Urja Enterprises 864 Partnership Firm,0,0,0,0.3416,None,811,1.2425,5.44,3.8,0.8
company_08138,Apex Infotech 223 LLP,0,0,0,0.3416,None,792,1.8974,6.81,5.45,5.53
company_08139,Surya Energy 149 Partnership Firm,0,0,0,0.3267,None,780,1.3942,6.15,5.79,2.75
company_08140,Kalyani Logistics 694 Private Limited,0,0,0,0.2963,None,748,1.5601,3.45,3.63,4.44
company_08141,Arogya Infotech 861 Private Limited,0,0,0,0.2905,None,724,1.2845,2.86,3.3,5.46
company_08142,Hindustan Infotech 994 Partnership Firm,0,0,0,0.1448,None,756,1.6563,9.25,4.69,1.59
company_08143,Matrix Infrastructure 323 Partnership Firm,0,0,0,0.2604,None,770,2.0002,3.39,4.27,3.0
company_08144,Bharat Power 222 LLP,0,0,0,0.1421,None,688,2.5838,4.45,3.42,2.21
company_08145,Bharat Automotive 267 Private Limited,0,0,0,0.0454,None,697,1.472,12.47,5.8,1.43
company_08146,Ambika Retail 581 Partnership Firm,0,0,0,0.2887,None,765,0.9775,3.22,4.38,2.28
company_08147,Tejas Infotech 947 Private Limited,0,0,0,0.2234,None,767,1.3772,5.09,3.97,1.17
company_08148,Vanguard Metals 578 LLP,0,0,0,0.2485,None,701,1.3168,3.31,3.13,3.08
company_08149,Sterling Energy 200 Private Limited,1,0,1,0.5353,evergreening,710,1.0409,8.43,11.04,13.48
company_08150,Bhaskar Chemicals 153 LLP,1,0,1,0.7384,circular_trading,698,0.8774,20.97,10.76,9.43
company_08151,Delta Builders 129 LLP,0,0,0,0.1873,None,681,1.2679,7.9,3.63,4.45
company_08152,Navrachana Foods 862 LLP,1,0,1,0.8607,shell_company,478,1.09,34.08,23.84,12.2
company_08153,Shivam Solutions 107 Private Limited,0,0,0,0.0179,None,771,1.4815,5.38,3.75,2.26
company_08154,Ambika Infotech 433 LLP,1,0,1,0.8664,benami_siphoning,661,1.6497,15.47,34.33,7.05
company_08155,Vidya Chemicals 701 Private Limited,0,0,0,0.1403,None,683,1.2021,2.95,4.99,1.91
company_08156,Zenith Infotech 467 Partnership Firm,0,0,0,0.135,None,710,1.3801,3.19,3.82,2.5
company_08157,Infinity Industries 520 Private Limited,0,0,0,0.2626,None,776,1.0882,2.27,2.96,1.99
company_08158,Ganesh Metals 723 Partnership Firm,1,0,1,0.8972,seasonal_manipulation,697,1.3475,30.62,45.0,6.47
company_08159,Ambika Metals 971 Partnership Firm,0,0,0,0.3464,None,675,1.1582,4.49,3.52,4.6
company_08160,Matrix Infotech 690 Partnership Firm,0,0,0,0.1795,None,724,1.1231,10.21,4.46,2.65
company_08161,Aditya Chemicals 632 Private Limited,0,0,0,0.0109,None,757,1.3951,3.54,5.55,1.32
company_08162,Sterling Builders 400 Private Limited,0,0,0,0.1335,None,815,2.6479,3.13,3.32,0.65
company_08163,Shivam Pharma 627 Partnership Firm,0,0,0,0.1545,None,752,2.3141,6.27,6.35,2.81
company_08164,Apex Infrastructure 559 LLP,0,0,0,0.0232,None,779,1.6759,4.26,3.69,0.82
company_08165,Urja Industries 260 Partnership Firm,0,0,0,0.2708,None,727,1.5247,8.12,4.99,2.02
company_08166,Surya Industries 777 Partnership Firm,0,0,0,0.1388,None,782,1.1992,6.62,3.22,1.24
company_08167,Vanguard Healthcare 513 Private Limited,0,0,0,0.1635,None,776,1.5145,5.31,2.99,1.69
company_08168,Surya Healthcare 873 LLP,1,0,1,0.7219,revenue_inflation,675,0.8105,41.98,32.17,3.82
company_08169,Surya Textiles 863 Partnership Firm,0,0,0,0.3143,None,777,0.9406,5.48,4.05,1.88
company_08170,Apex Infrastructure 390 Partnership Firm,0,0,0,0.0359,None,708,1.453,4.9,6.57,2.29
company_08171,Bharat Power 503 Partnership Firm,0,0,0,0.3434,None,782,1.7425,8.26,3.46,2.59
company_08172,Radhe Infrastructure 177 Partnership Firm,0,0,0,0.2639,None,798,1.5627,4.16,3.69,1.32
company_08173,Tejas Textiles 418 Private Limited,0,0,0,0.2666,None,778,0.9727,4.52,2.73,3.45
company_08174,Sterling Metals 218 Private Limited,0,0,0,0.3076,None,742,1.0363,9.52,5.19,2.11
company_08175,Sterling Builders 357 LLP,0,0,0,0.0784,None,828,1.6544,4.12,3.35,2.2
company_08176,Ganesh Solutions 638 LLP,0,0,0,0.1976,None,790,1.3698,4.9,3.83,3.52
company_08177,Shivam Metals 852 LLP,0,0,0,0.0964,None,846,1.5303,3.48,5.89,1.72
company_08178,Ambika Pharma 104 Partnership Firm,0,1,1,0.536,evergreening,750,1.6233,5.28,5.34,1.74
company_08179,Matrix Industries Private Limited,0,0,0,0.2612,None,761,1.5485,5.35,3.94,2.5
company_08180,Surya Solutions 141 Partnership Firm,0,0,0,0.2328,None,756,1.3911,4.1,2.83,2.06
company_08181,Kalyani Automotive 423 Partnership Firm,1,0,1,0.8868,seasonal_manipulation,669,0.6941,24.23,24.24,9.49
company_08182,Surya Healthcare 929 Partnership Firm,0,0,0,0.3208,None,744,1.0489,2.8,3.18,2.87
company_08183,Arogya Automotive 167 Partnership Firm,1,0,1,0.9364,shell_company,526,1.2248,62.55,31.91,11.7
company_08184,Tejas Retail 988 LLP,1,0,1,0.5013,revenue_inflation,708,0.4377,28.13,18.54,6.35
company_08185,Karan Pharma 804 Private Limited,0,0,0,0.1354,None,730,1.249,3.59,5.93,3.76
company_08186,Kalyani Renewables 521 Partnership Firm,0,0,0,0.3263,None,718,1.0194,3.83,3.73,2.34
company_08187,Ambika Pharma 347 Private Limited,0,0,0,0.0972,None,753,1.4239,5.14,5.19,0.91
company_08188,Matrix Enterprises 194 Partnership Firm,0,0,0,0.0813,None,717,1.6461,1.73,3.89,2.08
company_08189,Aditya Infrastructure 455 Private Limited,0,0,0,0.0682,None,722,1.3116,11.53,4.62,4.18
company_08190,Ganesh Enterprises 239 LLP,1,0,1,0.9774,shell_company,566,0.7917,42.48,37.27,6.51
company_08191,Shivam Healthcare 143 Partnership Firm,0,0,0,0.158,None,762,1.7706,7.19,3.53,1.25
company_08192,Urja Enterprises 492 Partnership Firm,1,0,1,0.877,circular_trading,630,0.8882,28.29,28.61,12.53
company_08193,Aditya Enterprises 171 Partnership Firm,0,0,0,0.2601,None,746,1.4649,3.56,4.02,1.85
company_08194,Radhe Infotech 221 Partnership Firm,0,0,0,0.146,None,818,1.3327,5.36,8.97,2.05
company_08195,Ambika Logistics 933 Private Limited,0,0,0,0.3479,None,730,1.4258,6.23,5.59,1.77
company_08196,Hindustan Metals 845 Private Limited,0,0,0,0.333,None,724,1.5393,3.95,3.87,4.21
company_08197,Shivam Chemicals 250 LLP,0,0,0,0.2779,None,788,1.0499,4.92,4.92,1.69
company_08198,Bharat Enterprises 757 LLP,0,0,0,0.2297,None,700,0.8695,4.22,3.45,2.52
company_08199,Apex Energy 593 Partnership Firm,0,0,0,0.0217,None,726,1.3196,3.19,3.58,2.95
company_08200,Urja Power 958 Partnership Firm,0,0,0,0.3359,None,791,1.5705,3.51,3.38,1.89
company_08201,Apex Metals 692 Partnership Firm,0,0,0,0.0617,None,720,0.9036,5.45,3.41,4.59
company_08202,Ganesh Energy 621 Private Limited,0,0,0,0.2677,None,836,1.5845,6.45,6.23,1.58
company_08203,Delta Logistics 821 Partnership Firm,0,0,0,0.0839,None,816,1.2467,5.07,6.14,3.13
company_08204,Arogya Builders 149 LLP,1,0,1,0.95,revenue_inflation,687,0.511,28.68,22.9,8.17
company_08205,Vidya Energy 122 Partnership Firm,0,1,1,0.5802,benami_siphoning,731,1.8348,9.5,3.53,4.64
company_08206,Urja Infotech 523 Private Limited,0,1,1,0.4028,evergreening,801,1.7784,3.69,2.91,2.53
company_08207,Zenith Infrastructure 908 LLP,0,0,0,0.257,None,718,1.4705,4.64,6.32,2.51
company_08208,Bhaskar Retail 105 LLP,0,0,0,0.3331,None,736,1.6504,4.81,4.32,1.4
company_08209,Arogya Healthcare 737 LLP,0,0,0,0.0292,None,668,1.3382,6.42,3.02,3.16
company_08210,Shivam Enterprises 307 LLP,0,0,0,0.1729,None,723,1.8066,5.84,3.46,1.31
company_08211,Aditya Retail 994 Private Limited,0,0,0,0.0514,None,764,0.5561,3.99,4.36,1.86
company_08212,Surya Infrastructure 848 Private Limited,0,0,0,0.1994,None,728,1.5234,2.89,2.69,3.9
company_08213,Tejas Infrastructure 103 Partnership Firm,0,0,0,0.0537,None,701,1.5545,4.19,4.29,2.54
company_08214,Urja Builders 120 Partnership Firm,0,0,0,0.1267,None,753,1.3342,4.21,4.13,1.85
company_08215,Apex Retail 185 LLP,0,0,0,0.1554,None,738,1.4687,0.79,4.45,5.04
company_08216,Bhaskar Enterprises 175 LLP,0,0,0,0.3034,None,769,1.1738,6.19,3.82,1.07
company_08217,Sterling Solutions 253 Partnership Firm,0,0,0,0.2758,None,732,1.0499,7.52,3.2,2.3
company_08218,Bhaskar Textiles 225 Private Limited,1,0,1,0.9795,benami_siphoning,652,0.8186,15.38,31.23,6.99
company_08219,Zenith Healthcare 258 LLP,0,0,0,0.0279,None,749,1.4088,3.61,5.0,3.31
company_08220,Delta Chemicals 674 LLP,0,0,0,0.3316,None,764,1.8029,4.23,5.38,1.34
company_08221,Karan Energy 757 Partnership Firm,0,0,0,0.0672,None,711,1.2298,2.9,2.8,2.35
company_08222,Arogya Energy 309 Partnership Firm,0,0,0,0.1459,None,776,2.7046,11.92,3.9,1.43
company_08223,Bhaskar Healthcare 884 Private Limited,0,0,0,0.3461,None,724,2.1809,6.43,4.18,2.4
company_08224,Shivam Automotive 334 Private Limited,0,0,0,0.2583,None,746,1.7804,5.11,3.78,3.35
company_08225,Bhaskar Logistics 884 LLP,1,0,1,0.961,circular_trading,657,0.7572,35.54,28.09,9.93
company_08226,Sterling Chemicals 740 LLP,0,0,0,0.292,None,736,1.5985,5.89,2.95,4.67
company_08227,Shivam Foods 779 LLP,0,0,0,0.0847,None,781,1.5514,5.56,3.47,1.41
company_08228,Urja Builders 201 Private Limited,0,0,0,0.2614,None,833,2.4936,2.33,2.58,2.18
company_08229,Arogya Solutions 615 Private Limited,0,0,0,0.3202,None,680,1.4895,2.38,2.23,2.2
company_08230,Vidya Builders 284 LLP,0,0,0,0.1274,None,707,1.4844,8.04,4.48,6.22
company_08231,Infinity Enterprises 368 Partnership Firm,1,0,1,0.8691,circular_trading,654,0.6857,36.48,14.87,9.65
company_08232,Karan Industries 922 Private Limited,0,0,0,0.2039,None,716,1.8279,7.01,7.26,2.05
company_08233,Hindustan Energy 364 Private Limited,1,0,1,0.8507,evergreening,698,0.396,23.82,13.98,15.3
company_08234,Apex Chemicals 939 Partnership Firm,0,0,0,0.3436,None,816,1.5507,4.22,6.48,2.17
company_08235,Surya Metals 246 Partnership Firm,0,0,0,0.3129,None,783,1.1124,9.65,6.09,1.84
company_08236,Ganesh Textiles 511 LLP,0,0,0,0.1848,None,745,1.4091,2.39,5.8,2.68
company_08237,Urja Industries 610 LLP,0,0,0,0.186,None,749,2.2616,3.63,6.25,1.53
company_08238,Ambika Renewables 261 Private Limited,1,0,1,0.9409,circular_trading,608,1.0778,54.41,18.06,8.09
company_08239,Bhaskar Solutions 830 Partnership Firm,0,0,0,0.0753,None,732,1.5874,3.88,3.32,2.88
company_08240,Arogya Metals 568 Private Limited,0,0,0,0.2222,None,646,0.8135,5.7,3.01,3.45
company_08241,Surya Healthcare 886 Partnership Firm,0,0,0,0.065,None,752,1.5482,6.95,7.27,0.83
company_08242,Tejas Power 485 Partnership Firm,0,0,0,0.2594,None,653,1.4311,2.83,10.43,4.29
company_08243,Arogya Textiles 988 Partnership Firm,0,0,0,0.3077,None,750,2.9816,5.63,3.06,2.3
company_08244,Shivam Solutions 446 LLP,0,0,0,0.1251,None,765,1.8615,2.67,3.43,2.53
company_08245,Arogya Chemicals 457 Partnership Firm,0,0,0,0.2546,None,758,1.4593,3.59,4.13,3.18
company_08246,Vanguard Logistics 590 Partnership Firm,0,0,0,0.2937,None,783,1.9659,4.46,5.18,1.53
company_08247,Vidya Retail 643 Private Limited,0,0,0,0.3131,None,788,1.9759,3.68,5.49,2.99
company_08248,Aditya Foods 701 Private Limited,0,0,0,0.1516,None,735,0.7438,3.66,3.06,2.37
company_08249,Delta Chemicals 738 LLP,1,0,1,0.9603,evergreening,627,0.2,28.06,10.73,18.7
company_08250,Aditya Foods 731 Partnership Firm,0,0,0,0.0355,None,740,1.4352,4.02,4.14,2.16
company_08251,Radhe Industries 507 Private Limited,0,0,0,0.1226,None,822,1.6778,2.26,2.93,0.82
company_08252,Matrix Builders 943 Partnership Firm,0,0,0,0.104,None,814,1.068,6.73,3.61,1.69
company_08253,Aditya Infrastructure 121 Private Limited,0,0,0,0.2895,None,780,1.2694,2.94,6.35,1.59
company_08254,Apex Power 580 LLP,0,1,1,0.5795,shell_company,754,1.6813,3.63,3.22,3.21
company_08255,Navrachana Energy 855 Partnership Firm,0,0,0,0.2096,None,716,1.3915,4.62,3.1,2.7
company_08256,Bharat Chemicals 787 Partnership Firm,0,0,0,0.1609,None,761,1.4728,3.07,3.02,1.93
company_08257,Arogya Chemicals 763 Partnership Firm,0,0,0,0.1691,None,704,0.6041,4.17,3.35,2.73
company_08258,Tejas Energy 752 LLP,0,0,0,0.0617,None,718,1.0699,4.29,3.32,3.74
company_08259,Infinity Textiles 682 LLP,1,0,1,0.8672,shell_company,488,1.0151,74.72,28.72,7.34
company_08260,Radhe Power 605 Private Limited,0,0,0,0.3309,None,701,1.5285,1.94,5.91,4.33
company_08261,Arogya Pharma 259 LLP,0,0,0,0.1976,None,781,1.5135,9.06,4.29,3.26
company_08262,Kalyani Renewables 476 Private Limited,0,0,0,0.2195,None,735,1.468,2.53,2.82,3.82
company_08263,Matrix Textiles 160 LLP,0,0,0,0.0865,None,741,1.3416,5.27,9.05,1.92
company_08264,Zenith Solutions 335 Private Limited,0,0,0,0.0931,None,681,1.0456,5.63,3.35,3.65
company_08265,Shivam Renewables 109 Partnership Firm,0,0,0,0.2889,None,795,1.0513,2.91,2.35,1.27
company_08266,Shivam Foods 936 Private Limited,0,0,0,0.0361,None,708,1.6722,4.64,4.56,2.88
company_08267,Navrachana Automotive 850 LLP,0,0,0,0.3172,None,737,0.9877,4.94,4.15,3.01
company_08268,Ganesh Infrastructure 651 LLP,0,0,0,0.0125,None,822,1.6762,3.24,3.03,0.53
company_08269,Radhe Healthcare 499 Private Limited,1,0,1,0.9146,evergreening,630,0.9874,27.18,10.23,14.54
company_08270,Aditya Enterprises 140 LLP,0,0,0,0.1582,None,771,1.8538,4.56,7.62,2.86
company_08271,Bharat Builders 334 Partnership Firm,0,0,0,0.1365,None,799,1.6653,3.62,3.35,2.43
company_08272,Aditya Foods 980 Private Limited,0,0,0,0.1461,None,777,1.7019,5.9,8.16,1.76
company_08273,Infinity Textiles 625 Partnership Firm,0,0,0,0.3406,None,754,1.6121,5.23,3.35,3.05
company_08274,Ambika Logistics 917 Partnership Firm,0,0,0,0.1068,None,754,1.8691,3.26,3.0,2.04
company_08275,Matrix Healthcare 532 LLP,0,0,0,0.1288,None,726,1.7381,5.01,3.24,1.86
company_08276,Arogya Foods 244 LLP,1,0,1,0.8826,benami_siphoning,606,0.4868,19.45,29.62,15.71
company_08277,Vidya Retail 245 LLP,0,0,0,0.2296,None,843,1.0467,7.66,4.97,0.27
company_08278,Urja Industries 176 Partnership Firm,0,0,0,0.2491,None,691,1.2106,3.57,2.79,3.98
company_08279,Hindustan Solutions 528 Partnership Firm,0,0,0,0.0519,None,777,1.2782,5.41,3.36,1.08
company_08280,Surya Renewables 803 LLP,0,0,0,0.0778,None,691,1.3434,4.31,3.38,2.54
company_08281,Ambika Automotive 386 Partnership Firm,0,0,0,0.0114,None,699,1.681,4.36,4.44,2.34
company_08282,Infinity Builders 623 LLP,0,0,0,0.1182,None,722,1.4221,4.09,3.66,2.66
company_08283,Kalyani Metals 971 LLP,0,0,0,0.2825,None,815,1.5253,3.97,3.92,0.97
company_08284,Infinity Retail 921 LLP,0,0,0,0.1078,None,708,1.2334,3.66,3.76,2.38
company_08285,Tejas Infrastructure 353 Private Limited,0,0,0,0.1174,None,790,1.6254,3.38,4.17,1.31
company_08286,Arogya Textiles 673 Private Limited,0,0,0,0.208,None,797,2.1295,2.55,2.78,4.67
company_08287,Ambika Retail 179 Private Limited,0,0,0,0.0315,None,771,1.3313,3.53,5.09,1.73
company_08288,Hindustan Foods 583 Private Limited,0,0,0,0.3219,None,727,1.5194,4.06,4.24,1.39
company_08289,Kalyani Infrastructure 982 Private Limited,0,0,0,0.2179,None,757,1.3746,6.44,3.87,1.71
company_08290,Bhaskar Infotech 203 LLP,0,0,0,0.2776,None,727,1.0653,3.73,3.54,4.24
company_08291,Navrachana Textiles 825 Private Limited,0,0,0,0.2725,None,695,1.4089,3.64,4.1,4.53
company_08292,Aditya Chemicals 553 Partnership Firm,0,0,0,0.2787,None,787,1.3374,2.6,3.3,1.23
company_08293,Karan Metals 880 Private Limited,0,0,0,0.1357,None,813,1.4662,3.22,4.8,0.96
company_08294,Shivam Chemicals 863 LLP,0,0,0,0.3011,None,790,1.4288,2.83,3.18,1.08
company_08295,Arogya Enterprises 851 Private Limited,0,0,0,0.0338,None,669,1.4921,6.6,4.84,4.75
company_08296,Zenith Renewables 282 Private Limited,0,0,0,0.334,None,705,1.7652,4.6,2.74,2.04
company_08297,Matrix Infrastructure 992 Private Limited,0,0,0,0.0584,None,763,1.3088,4.85,3.31,2.97
company_08298,Arogya Foods 285 Partnership Firm,0,0,0,0.2916,None,750,1.6635,7.2,6.48,1.74
company_08299,Bhaskar Logistics 465 Private Limited,1,0,1,0.8923,seasonal_manipulation,648,1.1418,30.34,12.58,13.14
company_08300,Matrix Textiles 995 Partnership Firm,0,0,0,0.1317,None,707,1.7684,6.89,7.19,3.24
company_08301,Apex Metals 652 Partnership Firm,0,0,0,0.2316,None,730,2.459,3.41,4.4,2.66
company_08302,Apex Solutions 893 LLP,0,0,0,0.3139,None,774,1.8612,2.64,3.28,2.39
company_08303,Aditya Infotech 991 Partnership Firm,1,0,1,0.9495,revenue_inflation,562,0.768,32.29,29.75,9.75
company_08304,Ambika Healthcare 236 LLP,0,0,0,0.3252,None,766,1.4266,6.53,2.29,2.5
company_08305,Karan Infrastructure 910 Private Limited,0,0,0,0.1684,None,740,1.4221,6.0,4.9,2.0
company_08306,Apex Logistics 346 LLP,0,0,0,0.0827,None,731,1.4129,4.03,8.04,2.18
company_08307,Navrachana Energy 931 LLP,0,0,0,0.0344,None,720,1.1073,4.44,3.87,2.09
company_08308,Hindustan Metals 699 LLP,0,0,0,0.1392,None,770,1.8508,4.81,4.91,4.71
company_08309,Aditya Enterprises 763 Partnership Firm,0,0,0,0.0963,None,830,1.166,4.14,4.23,0.31
company_08310,Tejas Metals 524 Private Limited,0,0,0,0.2298,None,800,1.0996,3.88,3.23,1.77
company_08311,Bharat Chemicals 796 Partnership Firm,0,0,0,0.2144,None,684,0.828,4.28,4.64,1.78
company_08312,Ambika Enterprises 406 LLP,0,0,0,0.0115,None,703,1.2808,4.24,4.76,3.72
company_08313,Ambika Foods 934 Partnership Firm,0,0,0,0.2467,None,748,1.1995,4.09,4.93,3.24
company_08314,Vidya Builders 516 LLP,1,0,1,0.9383,benami_siphoning,607,1.2626,22.44,36.06,12.51
company_08315,Karan Industries 155 Private Limited,0,0,0,0.2914,None,765,1.854,5.84,2.82,1.46
company_08316,Matrix Enterprises 649 LLP,0,0,0,0.1643,None,750,2.1714,4.45,5.78,2.49
company_08317,Hindustan Retail 420 LLP,0,0,0,0.028,None,765,1.4507,3.94,5.19,1.52
company_08318,Ganesh Renewables 564 LLP,0,0,0,0.2299,None,716,1.3133,3.93,2.57,4.87
company_08319,Delta Solutions 816 Private Limited,1,0,1,0.889,revenue_inflation,699,1.1893,36.05,59.04,9.29
company_08320,Bharat Metals 247 Partnership Firm,1,0,1,0.9207,evergreening,606,0.3907,15.58,29.27,16.35
company_08321,Shivam Logistics 614 Partnership Firm,0,0,0,0.2137,None,762,1.5334,4.09,3.67,1.7
company_08322,Urja Foods 143 LLP,0,0,0,0.1414,None,766,1.7466,4.2,3.37,1.58
company_08323,Apex Industries 307 Private Limited,0,0,0,0.0674,None,777,0.4714,9.46,4.21,0.76
company_08324,Aditya Healthcare 292 Partnership Firm,1,0,1,0.8639,shell_company,646,1.4869,41.2,40.87,7.3
company_08325,Bharat Healthcare 546 LLP,1,0,1,0.8534,revenue_inflation,666,0.945,55.92,30.51,6.92
company_08326,Tejas Foods 973 LLP,0,0,0,0.3436,None,697,1.5007,8.5,6.57,3.0
company_08327,Navrachana Automotive 755 Partnership Firm,0,0,0,0.1855,None,708,1.1342,5.23,5.52,2.43
company_08328,Vidya Textiles 149 Private Limited,0,0,0,0.0737,None,753,1.4342,2.56,4.53,1.99
company_08329,Surya Builders 139 LLP,0,0,0,0.3204,None,708,1.1461,3.14,2.85,2.18
company_08330,Vidya Infotech 194 Private Limited,0,0,0,0.0788,None,702,1.7705,3.56,7.47,2.09
company_08331,Navrachana Enterprises 257 Private Limited,0,0,0,0.2572,None,753,1.2687,9.92,4.9,3.0
company_08332,Bhaskar Power 172 Private Limited,0,0,0,0.2212,None,705,0.9509,5.54,8.99,1.87
company_08333,Vanguard Power 638 LLP,1,0,1,0.9238,circular_trading,705,0.7381,26.96,17.5,6.87
company_08334,Zenith Healthcare 102 Partnership Firm,0,0,0,0.1655,None,704,1.3907,9.0,5.72,2.0
company_08335,Radhe Automotive 105 Partnership Firm,1,0,1,0.8524,circular_trading,685,2.5116,23.08,25.08,14.17
company_08336,Apex Power 530 Partnership Firm,0,0,0,0.0803,None,791,2.1173,3.33,3.61,1.32
company_08337,Surya Metals 786 LLP,0,0,0,0.3445,None,769,0.9678,3.38,3.06,1.42
company_08338,Shivam Healthcare 133 LLP,0,0,0,0.328,None,686,1.7941,4.18,3.95,2.17
company_08339,Apex Solutions 762 LLP,1,0,1,0.6599,revenue_inflation,564,1.1328,18.38,28.24,8.87
company_08340,Ganesh Foods 933 Partnership Firm,0,0,0,0.3419,None,773,1.309,11.16,4.74,3.97
company_08341,Infinity Infrastructure 557 Partnership Firm,0,0,0,0.3365,None,717,1.3011,3.36,3.78,2.68
company_08342,Ambika Solutions 285 Partnership Firm,0,0,0,0.0937,None,805,2.0305,4.06,3.76,2.07
company_08343,Delta Logistics 205 LLP,0,0,0,0.3332,None,681,1.5377,5.34,3.49,3.2
company_08344,Ambika Industries 382 Partnership Firm,0,0,0,0.0939,None,751,2.0331,3.12,3.55,0.9
company_08345,Sterling Industries 571 Partnership Firm,0,0,0,0.3358,None,756,1.71,4.04,3.98,1.89
company_08346,Navrachana Logistics 922 Partnership Firm,0,0,0,0.1079,None,706,1.8377,7.42,4.16,2.93
company_08347,Hindustan Infrastructure 825 Partnership Firm,0,0,0,0.3413,None,713,1.9061,4.65,3.72,1.55
company_08348,Kalyani Energy 928 LLP,0,0,0,0.0417,None,829,1.4876,1.68,2.57,0.93
company_08349,Ganesh Renewables 684 LLP,1,0,1,0.9852,revenue_inflation,636,1.5608,32.63,29.49,8.15
company_08350,Bharat Chemicals 326 LLP,0,0,0,0.2072,None,676,1.7104,3.36,5.03,4.54
company_08351,Arogya Renewables 244 Partnership Firm,0,0,0,0.3433,None,680,0.9995,2.1,3.22,4.71
company_08352,Sterling Infrastructure 747 Private Limited,0,0,0,0.1327,None,685,1.9394,4.24,6.35,1.84
company_08353,Kalyani Healthcare 692 Partnership Firm,0,0,0,0.2688,None,736,1.1047,4.57,3.22,3.66
company_08354,Delta Energy 424 Private Limited,0,0,0,0.3465,None,750,1.1766,4.5,3.88,2.52
company_08355,Zenith Power 494 Partnership Firm,0,0,0,0.2634,None,775,1.2645,2.47,4.99,2.64
company_08356,Zenith Energy 716 LLP,0,0,0,0.0981,None,720,1.3514,10.08,4.23,2.26
company_08357,Karan Energy 311 Private Limited,0,0,0,0.2635,None,810,1.3931,2.99,3.09,2.75
company_08358,Radhe Infrastructure 542 Partnership Firm,0,0,0,0.0548,None,737,1.5146,4.03,3.96,2.39
company_08359,Vanguard Healthcare 100 LLP,0,0,0,0.3225,None,719,1.2288,3.16,4.44,2.01
company_08360,Arogya Logistics 352 LLP,0,0,0,0.0403,None,740,1.1736,1.63,2.64,3.56
company_08361,Apex Builders 164 Partnership Firm,0,0,0,0.2746,None,721,1.7662,6.54,5.24,3.09
company_08362,Karan Automotive 410 Private Limited,0,0,0,0.1333,None,737,1.8114,2.58,2.69,4.6
company_08363,Ambika Metals 309 LLP,0,0,0,0.3335,None,763,1.6336,4.22,5.11,2.04
company_08364,Urja Healthcare 110 Private Limited,0,0,0,0.1573,None,730,1.4763,3.17,8.34,3.06
company_08365,Vidya Logistics 133 Partnership Firm,0,0,0,0.1571,None,723,2.2297,2.27,5.05,3.12
company_08366,Shivam Healthcare 732 Partnership Firm,0,0,0,0.029,None,726,1.788,3.46,2.93,3.3
company_08367,Delta Logistics 417 LLP,0,0,0,0.0987,None,707,2.2535,6.57,7.58,4.42
company_08368,Infinity Builders 651 Private Limited,0,1,1,0.6486,circular_trading,733,2.2303,4.6,6.2,1.85
company_08369,Arogya Pharma 575 Partnership Firm,0,0,0,0.16,None,795,2.4046,5.28,6.41,3.3
company_08370,Apex Logistics 355 Private Limited,0,0,0,0.1651,None,692,1.7354,3.59,6.21,3.45
company_08371,Matrix Power 298 LLP,0,0,0,0.0167,None,746,1.5248,3.82,4.3,1.51
company_08372,Shivam Chemicals 713 Private Limited,0,0,0,0.1212,None,777,1.311,4.21,3.98,1.7
company_08373,Vidya Solutions 973 Partnership Firm,0,0,0,0.2021,None,781,1.863,3.68,3.02,2.44
company_08374,Radhe Infotech 869 Partnership Firm,0,0,0,0.2469,None,757,1.5409,3.17,3.54,1.83
company_08375,Bharat Pharma 202 LLP,0,0,0,0.1552,None,787,1.49,3.5,3.49,4.54
company_08376,Aditya Automotive 509 Partnership Firm,0,0,0,0.2877,None,787,1.3354,3.52,3.31,1.03
company_08377,Ganesh Logistics 453 LLP,0,0,0,0.1924,None,815,1.8482,3.6,3.88,2.2
company_08378,Ambika Healthcare 699 Partnership Firm,0,0,0,0.1654,None,749,1.7212,2.75,4.52,2.38
company_08379,Vidya Textiles 110 LLP,0,1,1,0.6808,circular_trading,698,1.5991,3.71,3.44,1.76
company_08380,Urja Energy 818 LLP,0,0,0,0.0457,None,691,1.5967,4.69,3.0,3.68
company_08381,Arogya Builders 222 LLP,0,0,0,0.2537,None,718,1.7275,3.68,5.63,2.02
company_08382,Infinity Healthcare 440 Partnership Firm,0,0,0,0.0832,None,767,1.8205,4.97,9.65,1.39
company_08383,Urja Logistics 427 LLP,0,0,0,0.3179,None,747,1.167,4.91,5.08,2.48
company_08384,Hindustan Pharma 218 Partnership Firm,0,0,0,0.155,None,769,1.1946,3.78,5.18,1.09
company_08385,Arogya Enterprises 174 LLP,0,0,0,0.2141,None,692,1.632,2.91,5.49,3.38
company_08386,Zenith Solutions 896 Private Limited,0,0,0,0.0307,None,723,1.3465,6.31,3.91,4.42
company_08387,Zenith Infrastructure 516 LLP,0,0,0,0.0734,None,723,1.3528,6.39,3.87,3.63
company_08388,Urja Solutions 876 Private Limited,0,0,0,0.0242,None,788,0.7484,10.13,3.63,2.51
company_08389,Karan Energy 590 Private Limited,0,0,0,0.2788,None,750,1.9527,3.76,5.05,3.83
company_08390,Bhaskar Builders 674 Private Limited,0,0,0,0.3429,None,687,1.0983,5.43,5.24,2.17
company_08391,Vanguard Builders 413 Private Limited,0,0,0,0.2469,None,865,2.0538,3.73,8.07,0.0
company_08392,Infinity Pharma 162 Private Limited,0,0,0,0.2509,None,743,1.8486,2.99,4.39,7.06
company_08393,Infinity Energy 751 Partnership Firm,0,0,0,0.1696,None,790,1.3169,3.74,3.38,3.09
company_08394,Sterling Enterprises 968 Private Limited,0,0,0,0.0294,None,725,2.3175,3.76,4.14,2.4
company_08395,Radhe Automotive 625 Private Limited,0,0,0,0.055,None,741,0.9084,3.16,3.45,2.69
company_08396,Apex Power 446 LLP,0,1,1,0.7066,shell_company,750,0.9201,5.51,5.04,2.37
company_08397,Ganesh Power 590 LLP,0,0,0,0.2563,None,756,1.1831,5.06,4.91,1.51
company_08398,Infinity Metals 265 Partnership Firm,0,0,0,0.3244,None,684,1.9272,6.54,7.61,2.75
company_08399,Shivam Retail 902 LLP,0,0,0,0.0366,None,713,1.634,5.3,5.5,2.51
company_08400,Surya Textiles 795 LLP,0,0,0,0.2582,None,772,1.089,2.79,6.32,3.29
company_08401,Surya Pharma 762 Partnership Firm,0,0,0,0.0635,None,835,1.3808,3.11,6.07,1.38
company_08402,Radhe Energy 704 Private Limited,0,0,0,0.0322,None,767,2.3394,9.51,3.58,1.31
company_08403,Matrix Industries 166 Partnership Firm,1,0,1,0.9849,benami_siphoning,637,0.7902,17.54,33.0,10.81
company_08404,Kalyani Industries 635 Partnership Firm,0,0,0,0.1972,None,771,1.1852,5.2,7.89,2.48
company_08405,Arogya Chemicals 826 Partnership Firm,0,0,0,0.2846,None,793,1.6852,5.72,7.49,1.95
company_08406,Ambika Power 176 LLP,0,0,0,0.3221,None,777,1.5858,4.45,4.8,1.49
company_08407,Matrix Solutions 542 Private Limited,0,0,0,0.2894,None,787,1.1938,5.96,3.19,1.1
company_08408,Arogya Builders 232 LLP,0,0,0,0.0321,None,706,1.1911,4.3,4.05,2.22
company_08409,Zenith Infrastructure 199 Partnership Firm,0,0,0,0.2234,None,678,1.3102,3.21,3.13,2.79
company_08410,Radhe Solutions 310 Partnership Firm,0,0,0,0.3482,None,798,1.2817,3.2,3.4,0.77
company_08411,Radhe Industries 103 LLP,1,0,1,0.6768,revenue_inflation,653,0.9264,26.64,20.61,4.7
company_08412,Tejas Infotech 381 Private Limited,1,0,1,0.9306,circular_trading,685,0.7509,37.87,14.75,8.55
company_08413,Zenith Foods 275 LLP,0,0,0,0.0768,None,786,1.4917,4.67,6.68,2.45
company_08414,Vidya Foods 104 Private Limited,0,0,0,0.1269,None,745,1.9881,7.29,3.22,3.0
company_08415,Sterling Solutions 659 Private Limited,0,0,0,0.0991,None,732,1.628,5.29,4.64,2.02
company_08416,Hindustan Infotech 223 Partnership Firm,0,0,0,0.2858,None,708,1.5038,4.63,3.25,5.39
company_08417,Zenith Solutions 414 Private Limited,0,0,0,0.2326,None,746,0.7531,3.35,3.25,2.07
company_08418,Ambika Builders 395 Partnership Firm,1,0,1,0.9319,shell_company,553,0.4184,47.59,43.39,16.14
company_08419,Ambika Energy 869 Private Limited,0,0,0,0.133,None,744,1.4221,16.87,7.16,2.78
company_08420,Kalyani Automotive 691 LLP,0,0,0,0.1873,None,772,2.3718,2.96,2.74,1.52
company_08421,Ambika Metals 737 LLP,0,0,0,0.1402,None,770,1.1399,7.4,4.69,0.93
company_08422,Hindustan Logistics 492 LLP,0,0,0,0.0842,None,799,1.459,4.16,4.97,3.17
company_08423,Kalyani Solutions 257 Partnership Firm,0,0,0,0.2278,None,741,1.8342,4.25,3.02,2.65
company_08424,Ambika Pharma 516 Private Limited,0,0,0,0.3314,None,736,1.0521,5.05,4.76,1.91
company_08425,Vanguard Builders 534 Private Limited,0,0,0,0.2799,None,739,1.3519,2.87,3.56,1.54
company_08426,Vanguard Textiles 327 Partnership Firm,0,0,0,0.2205,None,670,1.3294,3.88,4.25,3.18
company_08427,Ambika Renewables 522 Private Limited,0,0,0,0.0833,None,809,0.9187,3.14,3.33,0.52
company_08428,Matrix Healthcare 757 Private Limited,0,0,0,0.1758,None,746,1.8167,4.0,2.79,1.36
company_08429,Shivam Renewables 871 Partnership Firm,0,0,0,0.1263,None,740,1.2504,4.15,3.33,1.85
company_08430,Kalyani Pharma 582 Partnership Firm,0,0,0,0.0559,None,738,1.0962,6.34,3.77,3.07
company_08431,Ganesh Solutions 621 Private Limited,0,0,0,0.1125,None,751,1.4721,6.98,4.03,2.67
company_08432,Vanguard Retail 884 Private Limited,0,0,0,0.1331,None,655,1.3941,2.3,3.86,2.58
company_08433,Radhe Infrastructure 123 Private Limited,0,0,0,0.1251,None,759,1.2945,6.62,4.64,0.74
company_08434,Bharat Infrastructure 298 Private Limited,0,0,0,0.2463,None,801,1.3027,3.73,4.19,1.77
company_08435,Navrachana Renewables 116 Partnership Firm,1,0,1,0.8636,revenue_inflation,677,0.9229,42.4,45.67,11.18
company_08436,Infinity Foods 748 LLP,1,0,1,0.6098,circular_trading,635,0.7105,20.9,12.79,4.64
company_08437,Tejas Metals 141 Private Limited,0,0,0,0.2425,None,741,1.2293,1.55,2.51,2.67
company_08438,Vanguard Healthcare 194 Partnership Firm,0,0,0,0.0461,None,752,1.1325,4.4,4.78,1.96
company_08439,Ambika Enterprises 196 Partnership Firm,0,0,0,0.2683,None,824,1.5963,3.94,5.38,4.0
company_08440,Vidya Foods 213 Private Limited,0,0,0,0.2618,None,665,1.6085,6.36,4.24,2.24
company_08441,Kalyani Solutions 353 LLP,0,0,0,0.2498,None,665,1.5212,8.56,3.65,3.09
company_08442,Ganesh Infrastructure 792 LLP,0,0,0,0.0718,None,740,1.6163,2.04,5.52,0.99
company_08443,Karan Chemicals 446 Private Limited,0,0,0,0.3004,None,722,1.1202,3.76,3.67,3.31
company_08444,Karan Foods 975 Private Limited,1,0,1,0.8928,benami_siphoning,641,1.0382,22.9,32.86,9.25
company_08445,Shivam Builders 334 Private Limited,0,0,0,0.095,None,741,0.9399,1.74,3.99,1.64
company_08446,Apex Textiles 718 Private Limited,0,0,0,0.0659,None,791,2.2652,3.78,3.17,3.16
company_08447,Kalyani Automotive 118 Partnership Firm,0,0,0,0.3196,None,788,1.6833,3.9,2.48,2.27
company_08448,Apex Logistics 998 Private Limited,0,0,0,0.3429,None,732,0.9692,8.03,4.09,5.13
company_08449,Shivam Power 193 LLP,1,0,1,0.8567,circular_trading,663,1.0376,24.63,21.23,6.63
company_08450,Infinity Retail 714 Partnership Firm,0,0,0,0.2739,None,782,1.5666,3.21,5.9,1.5
company_08451,Tejas Retail 463 Partnership Firm,0,0,0,0.2694,None,721,1.5544,5.93,4.99,2.87
company_08452,Sterling Metals 174 LLP,0,0,0,0.0213,None,720,2.1519,2.73,4.54,5.75
company_08453,Vidya Energy 352 LLP,0,1,1,0.4152,revenue_inflation,730,1.7539,3.95,4.4,2.93
company_08454,Zenith Industries 369 Private Limited,0,0,0,0.1902,None,749,1.5137,4.65,3.83,2.61
company_08455,Hindustan Foods 290 LLP,0,0,0,0.3377,None,789,1.8374,3.02,4.42,0.45
company_08456,Aditya Metals 750 LLP,0,0,0,0.2132,None,735,1.582,2.74,4.39,3.04
company_08457,Urja Infotech 880 LLP,0,0,0,0.3283,None,800,2.4494,6.82,4.13,2.48
company_08458,Arogya Infotech 163 LLP,0,1,1,0.4821,revenue_inflation,763,1.6264,3.07,7.58,2.86
company_08459,Arogya Pharma 752 Private Limited,0,0,0,0.0575,None,838,2.7361,7.03,4.14,3.85
company_08460,Apex Textiles 657 LLP,0,0,0,0.1697,None,735,1.4943,4.41,4.44,2.42
company_08461,Ambika Energy 420 Private Limited,0,0,0,0.2822,None,690,1.5634,2.43,2.95,2.2
company_08462,Arogya Retail 569 Private Limited,0,1,1,0.6083,benami_siphoning,776,2.551,6.49,6.68,3.15
company_08463,Navrachana Logistics 532 Private Limited,1,0,1,0.9363,shell_company,513,1.9603,45.25,37.21,7.63
company_08464,Sterling Healthcare 252 LLP,1,0,1,0.854,benami_siphoning,621,0.897,20.77,43.18,12.48
company_08465,Matrix Foods 676 Partnership Firm,0,0,0,0.1719,None,769,1.316,7.01,5.89,2.43
company_08466,Vidya Builders 391 Partnership Firm,0,0,0,0.1437,None,693,1.3952,3.69,4.16,3.38
company_08467,Urja Renewables 635 Private Limited,0,0,0,0.0835,None,722,1.2279,3.53,3.96,2.61
company_08468,Matrix Solutions 705 Partnership Firm,0,0,0,0.1001,None,766,1.3668,4.87,5.67,1.01
company_08469,Delta Renewables 335 LLP,1,0,1,0.834,evergreening,605,1.062,13.47,7.17,13.55
company_08470,Hindustan Builders 334 LLP,0,0,0,0.0695,None,754,2.3595,2.99,3.15,2.1
company_08471,Arogya Infrastructure 696 Partnership Firm,0,0,0,0.1505,None,791,1.9129,8.98,4.18,2.65
company_08472,Karan Logistics 579 LLP,0,0,0,0.3121,None,753,1.0879,5.29,3.86,2.81
company_08473,Sterling Foods 272 LLP,1,0,1,0.9598,shell_company,619,1.236,46.35,20.82,7.77
company_08474,Tejas Infotech 799 Private Limited,0,0,0,0.2667,None,717,1.2162,3.26,4.74,2.95
company_08475,Infinity Automotive 139 Private Limited,0,0,0,0.2179,None,834,0.9994,5.22,2.91,1.49
company_08476,Delta Infrastructure 166 Private Limited,0,0,0,0.088,None,811,1.4448,3.72,3.75,0.77
company_08477,Karan Infotech 947 LLP,0,0,0,0.1541,None,693,1.8457,7.93,6.07,2.35
company_08478,Surya Builders 896 Partnership Firm,0,0,0,0.051,None,797,1.3117,3.47,4.84,1.26
company_08479,Tejas Infrastructure 228 Private Limited,0,0,0,0.2528,None,741,1.1127,4.19,4.37,2.17
company_08480,Urja Foods 221 LLP,0,0,0,0.1385,None,762,0.8612,3.15,4.86,1.15
company_08481,Ganesh Automotive 267 LLP,0,0,0,0.0859,None,739,1.514,3.78,5.43,1.38
company_08482,Infinity Pharma 132 Private Limited,0,0,0,0.1104,None,756,1.0754,3.19,4.44,10.0
company_08483,Delta Textiles 741 Partnership Firm,0,0,0,0.2653,None,763,1.2443,3.85,5.6,2.66
company_08484,Tejas Chemicals 150 Private Limited,0,0,0,0.2919,None,783,1.1408,2.9,3.71,4.24
company_08485,Matrix Foods 497 Private Limited,0,0,0,0.1858,None,709,1.3178,3.05,3.36,2.93
company_08486,Ganesh Chemicals 451 Partnership Firm,0,0,0,0.0318,None,711,1.2915,13.74,3.63,1.69
company_08487,Apex Automotive 910 LLP,1,0,1,0.689,circular_trading,688,1.1282,24.57,16.52,5.5
company_08488,Urja Pharma 431 LLP,0,0,0,0.2212,None,801,0.8871,3.39,5.28,1.07
company_08489,Sterling Solutions 857 Private Limited,0,0,0,0.0807,None,629,1.3938,2.68,7.3,3.38
company_08490,Zenith Pharma 789 Partnership Firm,0,0,0,0.3006,None,729,0.6334,3.68,3.35,2.13
company_08491,Bhaskar Chemicals 223 Partnership Firm,0,0,0,0.3327,None,768,1.4505,3.7,6.88,1.76
company_08492,Radhe Retail 462 Private Limited,1,0,1,0.8741,evergreening,676,0.915,15.11,16.72,15.34
company_08493,Vidya Textiles 167 Partnership Firm,0,0,0,0.1634,None,791,1.4715,3.27,3.84,1.49
company_08494,Zenith Renewables 965 LLP,0,0,0,0.2603,None,706,1.6144,4.0,5.43,2.4
company_08495,Vanguard Infotech 784 LLP,0,0,0,0.1826,None,799,1.5342,2.31,2.47,1.34
company_08496,Urja Metals 765 LLP,0,0,0,0.1063,None,798,1.3073,6.4,5.65,5.81
company_08497,Aditya Metals 685 Partnership Firm,0,0,0,0.0133,None,760,1.4704,4.3,4.51,2.57
company_08498,Surya Power 577 Partnership Firm,0,0,0,0.2299,None,870,1.0211,6.33,3.12,0.15
company_08499,Vanguard Logistics 875 LLP,0,0,0,0.2942,None,775,1.2006,3.76,3.2,2.82
company_08500,Matrix Chemicals 733 Partnership Firm,1,0,1,0.9168,revenue_inflation,664,1.6227,34.94,36.01,8.32
company_08501,Ambika Industries 994 Private Limited,1,0,1,0.8339,evergreening,585,1.1824,23.64,14.72,13.83
company_08502,Ganesh Infrastructure 618 LLP,0,0,0,0.1476,None,728,1.987,1.44,4.97,1.81
company_08503,Surya Enterprises 703 Partnership Firm,0,1,1,0.5823,benami_siphoning,743,2.5814,3.62,3.11,2.59
company_08504,Shivam Metals 998 LLP,0,0,0,0.2468,None,796,1.0996,3.4,5.46,2.24
company_08505,Vanguard Foods 154 LLP,0,0,0,0.2686,None,740,1.8477,4.53,2.41,3.02
company_08506,Navrachana Infrastructure 487 LLP,0,0,0,0.2846,None,813,1.63,6.76,4.2,0.94
company_08507,Kalyani Chemicals 194 LLP,0,0,0,0.3168,None,683,1.8102,4.84,3.56,2.5
company_08508,Vanguard Chemicals 357 LLP,0,0,0,0.1521,None,752,1.4223,3.03,3.17,2.63
company_08509,Bhaskar Logistics 150 Partnership Firm,1,0,1,0.7317,circular_trading,614,1.7613,20.28,16.9,5.33
company_08510,Shivam Logistics 903 LLP,0,0,0,0.2425,None,787,2.1293,2.93,4.2,0.71
company_08511,Vidya Chemicals 149 Partnership Firm,0,0,0,0.3174,None,798,1.1964,2.91,3.52,1.99
company_08512,Aditya Foods 341 LLP,0,0,0,0.0929,None,789,1.7337,2.96,3.04,1.73
company_08513,Vidya Enterprises 274 LLP,0,0,0,0.2087,None,810,1.2114,8.97,3.68,0.24
company_08514,Kalyani Automotive 618 LLP,0,0,0,0.0362,None,693,1.147,5.92,6.73,2.12
company_08515,Hindustan Builders 426 Partnership Firm,0,0,0,0.1768,None,758,1.446,6.44,5.31,0.78
company_08516,Matrix Power 305 LLP,0,0,0,0.0517,None,733,1.4359,4.77,5.75,2.78
company_08517,Bharat Healthcare 268 Private Limited,0,0,0,0.2741,None,734,1.3087,3.07,2.95,1.99
company_08518,Matrix Builders 487 LLP,0,0,0,0.3343,None,703,1.6366,5.65,4.07,2.53
company_08519,Matrix Foods 638 Private Limited,0,0,0,0.1707,None,744,0.9854,3.52,3.73,2.06
company_08520,Vidya Automotive 738 Private Limited,0,0,0,0.1119,None,745,2.0238,10.62,4.01,2.2
company_08521,Matrix Energy 696 Partnership Firm,0,0,0,0.151,None,794,1.0513,4.28,4.0,0.82
company_08522,Bharat Retail 525 Private Limited,0,0,0,0.2881,None,676,1.4942,4.41,3.01,4.74
company_08523,Navrachana Solutions 503 Partnership Firm,0,0,0,0.256,None,741,2.4568,5.07,5.55,1.69
company_08524,Surya Foods 162 Private Limited,0,0,0,0.035,None,698,1.7033,4.09,3.78,3.34
company_08525,Surya Renewables 898 Private Limited,0,0,0,0.0565,None,752,1.346,3.97,6.08,1.7
company_08526,Tejas Chemicals 218 Partnership Firm,0,0,0,0.2742,None,782,1.7864,5.54,7.8,2.63
company_08527,Ambika Logistics 669 Private Limited,1,0,1,0.9707,circular_trading,718,1.2768,52.08,14.51,7.01
company_08528,Sterling Solutions 166 Private Limited,1,0,1,0.8632,benami_siphoning,658,0.9191,37.78,32.65,8.65
company_08529,Vidya Metals 770 Partnership Firm,0,0,0,0.1502,None,744,2.1698,2.78,3.86,5.67
company_08530,Bhaskar Solutions 335 Partnership Firm,0,0,0,0.253,None,752,1.7292,4.78,3.54,3.51
company_08531,Navrachana Industries 405 LLP,0,0,0,0.0763,None,795,1.421,4.07,5.79,0.84
company_08532,Sterling Energy 255 Partnership Firm,0,0,0,0.1251,None,658,1.2373,5.03,3.91,4.33
company_08533,Tejas Textiles 948 LLP,0,0,0,0.2766,None,793,0.9174,4.39,5.21,1.71
company_08534,Vidya Infotech 973 Partnership Firm,0,0,0,0.1889,None,813,1.4027,3.99,10.81,0.37
company_08535,Kalyani Healthcare 750 Partnership Firm,0,0,0,0.1111,None,723,1.5255,2.76,3.46,3.3
company_08536,Aditya Logistics 141 LLP,1,0,1,0.8673,shell_company,502,1.3489,59.27,43.01,9.09
company_08537,Sterling Power 543 Partnership Firm,0,0,0,0.2909,None,724,1.5719,3.78,2.91,4.22
company_08538,Vanguard Builders 939 Partnership Firm,1,0,1,0.8932,evergreening,634,0.8984,17.86,10.38,17.96
company_08539,Infinity Builders 483 Partnership Firm,0,1,1,0.6163,circular_trading,801,1.286,3.76,3.92,1.24
company_08540,Navrachana Logistics 338 Private Limited,0,0,0,0.279,None,808,1.4735,7.2,4.35,2.91
company_08541,Karan Logistics 121 Partnership Firm,0,0,0,0.1508,None,714,1.0879,3.6,3.32,2.27
company_08542,Bharat Energy 714 Private Limited,1,0,1,0.8566,benami_siphoning,648,0.5963,47.61,37.5,7.8
company_08543,Surya Enterprises 430 Private Limited,0,0,0,0.0557,None,713,1.9354,4.15,4.33,3.16
company_08544,Kalyani Infotech 794 Private Limited,0,0,0,0.1958,None,737,0.9516,3.56,3.89,2.09
company_08545,Bhaskar Power 782 LLP,0,0,0,0.0597,None,704,1.506,6.68,4.06,5.32
company_08546,Surya Renewables 110 Private Limited,0,0,0,0.0577,None,747,0.7015,3.43,3.01,1.74
company_08547,Vidya Enterprises 301 Private Limited,0,0,0,0.1141,None,712,1.9071,4.64,5.34,1.92
company_08548,Urja Textiles 311 LLP,1,0,1,0.7362,benami_siphoning,662,1.1058,8.27,29.39,4.06
company_08549,Aditya Power 516 LLP,0,0,0,0.0299,None,718,1.757,3.38,6.33,2.06
company_08550,Karan Retail 259 Private Limited,0,0,0,0.1254,None,704,2.0609,4.34,2.99,5.02
company_08551,Apex Energy 474 Private Limited,0,0,0,0.2971,None,782,1.8925,5.62,3.75,2.63
company_08552,Arogya Chemicals 228 LLP,0,0,0,0.3484,None,743,2.3336,9.54,3.14,1.6
company_08553,Karan Enterprises 368 Private Limited,0,0,0,0.251,None,730,1.1308,7.87,5.65,1.87
company_08554,Tejas Retail 351 Partnership Firm,0,0,0,0.3108,None,737,1.4467,11.12,2.96,2.57
company_08555,Zenith Industries 655 Private Limited,0,0,0,0.1357,None,764,1.21,5.17,6.2,1.91
company_08556,Kalyani Foods 168 Partnership Firm,0,0,0,0.0939,None,811,1.4672,3.2,3.65,4.0
company_08557,Surya Builders 192 Partnership Firm,0,0,0,0.1567,None,765,1.3966,6.04,4.0,1.35
company_08558,Ambika Metals 340 Private Limited,0,0,0,0.1012,None,766,2.1827,4.32,3.26,0.84
company_08559,Ganesh Chemicals 400 LLP,0,1,1,0.607,seasonal_manipulation,740,1.6125,6.69,3.44,1.61
company_08560,Infinity Automotive 544 LLP,1,0,1,0.8621,revenue_inflation,712,0.7439,48.65,29.29,7.64
company_08561,Bharat Chemicals 795 Private Limited,0,0,0,0.0177,None,741,1.3745,5.98,4.31,3.2
company_08562,Bhaskar Industries 460 Partnership Firm,0,0,0,0.3142,None,721,0.9396,3.78,4.48,4.83
company_08563,Hindustan Metals 455 LLP,1,0,1,0.5407,benami_siphoning,638,1.47,8.5,18.42,6.55
company_08564,Shivam Renewables 152 Private Limited,0,0,0,0.1078,None,695,1.432,3.14,2.62,3.79
company_08565,Urja Infotech 930 Partnership Firm,0,0,0,0.2397,None,720,1.2192,6.9,5.04,1.99
company_08566,Vidya Builders 506 Private Limited,0,0,0,0.086,None,812,1.1861,7.56,3.97,2.25
company_08567,Hindustan Enterprises 237 Partnership Firm,0,0,0,0.0207,None,719,1.3316,11.41,5.68,3.47
company_08568,Infinity Renewables 496 Private Limited,0,0,0,0.1488,None,711,1.2849,4.97,5.33,1.95
company_08569,Aditya Pharma 553 Partnership Firm,0,0,0,0.096,None,755,0.8353,7.41,3.58,3.09
company_08570,Shivam Infotech 147 Partnership Firm,0,0,0,0.0216,None,749,1.6219,3.32,2.96,2.69
company_08571,Delta Infotech 635 Private Limited,0,0,0,0.2577,None,799,1.7047,3.15,4.89,4.24
company_08572,Kalyani Metals 575 Private Limited,0,0,0,0.3399,None,797,1.4426,3.64,3.72,4.13
company_08573,Sterling Metals 604 LLP,0,0,0,0.0256,None,733,1.5327,2.76,3.63,1.64
company_08574,Tejas Metals 727 LLP,0,0,0,0.2944,None,764,1.15,2.59,3.02,1.63
company_08575,Bhaskar Industries 759 Private Limited,0,0,0,0.1054,None,721,1.8292,5.57,4.38,3.62
company_08576,Urja Builders 423 Private Limited,0,0,0,0.1939,None,724,1.8255,3.52,5.24,1.24
company_08577,Arogya Foods 664 Partnership Firm,0,0,0,0.1633,None,771,1.5085,1.51,2.33,1.38
company_08578,Ganesh Solutions Partnership Firm,0,0,0,0.0588,None,757,1.9584,3.76,3.05,1.64
company_08579,Ambika Enterprises 874 Private Limited,1,0,1,0.9007,shell_company,617,0.8456,63.53,27.12,12.08
company_08580,Vanguard Renewables 731 Partnership Firm,0,0,0,0.2598,None,721,1.4151,2.48,3.0,2.86
company_08581,Tejas Infrastructure 959 Private Limited,0,0,0,0.1835,None,820,1.9564,12.76,3.89,0.58
company_08582,Bhaskar Industries 335 LLP,0,0,0,0.0451,None,724,1.0489,8.01,3.11,2.55
company_08583,Infinity Builders 258 Private Limited,0,0,0,0.2988,None,785,1.891,3.53,5.25,1.29
company_08584,Shivam Infrastructure 135 Private Limited,0,0,0,0.338,None,818,1.862,7.63,4.73,1.54
company_08585,Arogya Textiles 353 Partnership Firm,0,0,0,0.1108,None,762,1.0835,6.48,3.14,1.72
company_08586,Arogya Metals 847 Private Limited,1,0,1,0.8588,evergreening,719,0.4547,37.49,12.04,20.56
company_08587,Surya Logistics 144 LLP,0,0,0,0.0151,None,719,1.3211,3.32,3.51,2.66
company_08588,Zenith Automotive 619 LLP,0,0,0,0.1959,None,702,1.4897,3.6,3.24,2.43
company_08589,Sterling Power 232 LLP,0,0,0,0.1205,None,667,0.9445,18.0,6.06,3.6
company_08590,Bharat Logistics 980 LLP,1,0,1,0.8913,circular_trading,666,1.1312,27.78,21.92,7.97
company_08591,Karan Automotive 553 LLP,1,0,1,0.9421,benami_siphoning,642,0.8569,37.34,41.82,8.7
company_08592,Ambika Logistics 753 LLP,0,0,0,0.0548,None,843,0.8697,7.74,4.66,1.52
company_08593,Arogya Textiles 850 Private Limited,0,0,0,0.2025,None,778,1.5794,10.38,3.45,0.96
company_08594,Delta Healthcare 651 Private Limited,0,0,0,0.0717,None,739,1.6778,5.01,5.77,2.09
company_08595,Bharat Chemicals 233 LLP,0,0,0,0.2823,None,786,1.2974,5.13,3.77,2.01
company_08596,Urja Power 581 Private Limited,0,0,0,0.0566,None,778,2.1232,5.84,3.63,2.48
company_08597,Surya Textiles 662 Private Limited,0,0,0,0.2657,None,704,1.7507,3.71,6.39,1.36
company_08598,Ambika Renewables 785 LLP,1,0,1,0.5472,circular_trading,700,0.405,16.9,13.99,4.16
company_08599,Bhaskar Infotech 435 Private Limited,0,0,0,0.0948,None,770,1.8052,3.84,2.7,2.48
company_08600,Sterling Textiles 230 Partnership Firm,0,1,1,0.7015,seasonal_manipulation,743,1.5767,4.72,3.44,2.73
company_08601,Zenith Healthcare 305 Partnership Firm,0,0,0,0.1676,None,740,1.7925,3.84,3.12,2.74
company_08602,Hindustan Builders 446 Private Limited,0,0,0,0.0727,None,812,1.767,4.42,4.04,0.96
company_08603,Ganesh Retail 207 Private Limited,1,0,1,0.8744,evergreening,643,0.3027,21.57,15.24,15.17
company_08604,Urja Foods 532 LLP,0,0,0,0.1705,None,780,1.5016,4.06,4.91,3.03
company_08605,Tejas Healthcare 928 Private Limited,0,0,0,0.193,None,729,1.4469,2.07,5.91,1.7
company_08606,Tejas Renewables 759 Private Limited,1,0,1,0.8508,revenue_inflation,643,1.1937,47.96,24.24,8.0
company_08607,Bharat Infotech 216 LLP,0,0,0,0.2257,None,714,1.6893,6.22,5.05,4.9
company_08608,Urja Enterprises 992 LLP,0,0,0,0.168,None,745,1.158,4.33,6.76,1.78
company_08609,Tejas Industries 880 Private Limited,0,0,0,0.2381,None,776,2.2286,3.76,3.83,2.3
company_08610,Infinity Builders 908 Private Limited,0,0,0,0.3182,None,709,1.1479,3.72,4.11,2.66
company_08611,Bhaskar Infotech 265 LLP,0,0,0,0.1478,None,780,1.0907,7.03,4.27,1.44
company_08612,Urja Retail 473 Private Limited,0,0,0,0.2374,None,719,1.1438,4.23,4.59,4.91
company_08613,Infinity Textiles 596 LLP,0,0,0,0.218,None,711,1.3716,2.96,2.88,1.65
company_08614,Surya Energy 177 Partnership Firm,0,0,0,0.0229,None,735,2.1217,3.66,4.22,1.82
company_08615,Bharat Logistics 937 LLP,0,0,0,0.1357,None,781,1.7325,8.91,4.71,2.1
company_08616,Urja Logistics 937 LLP,0,0,0,0.1846,None,746,1.3394,3.37,5.07,2.42
company_08617,Apex Healthcare 889 Partnership Firm,0,0,0,0.1909,None,775,1.2146,5.5,4.77,2.48
company_08618,Bharat Healthcare 839 LLP,0,0,0,0.1803,None,741,0.8865,3.17,4.37,1.93
company_08619,Surya Automotive 748 Partnership Firm,0,0,0,0.1676,None,688,1.6553,2.23,7.36,2.89
company_08620,Radhe Power 989 LLP,0,0,0,0.1776,None,792,1.6486,5.87,4.03,1.45
company_08621,Karan Chemicals 459 LLP,0,0,0,0.0966,None,700,2.1157,5.61,5.76,2.42
company_08622,Apex Pharma 625 Partnership Firm,1,0,1,0.5644,shell_company,610,0.7808,40.88,23.84,6.56
company_08623,Bharat Builders 452 Partnership Firm,0,0,0,0.2575,None,747,0.87,5.52,3.32,1.9
company_08624,Infinity Industries 627 Private Limited,1,0,1,0.961,seasonal_manipulation,700,0.7262,36.54,17.08,6.66
company_08625,Matrix Builders 257 LLP,0,1,1,0.5056,circular_trading,711,1.8358,5.79,5.26,5.16
company_08626,Zenith Infrastructure 362 LLP,0,0,0,0.0806,None,723,1.3646,3.48,11.25,1.84
company_08627,Arogya Infotech 356 LLP,0,1,1,0.7333,seasonal_manipulation,766,1.882,3.75,3.3,1.96
company_08628,Tejas Energy 582 LLP,0,0,0,0.1545,None,761,1.4143,5.9,7.04,1.67
company_08629,Tejas Chemicals 164 Partnership Firm,0,0,0,0.3346,None,790,1.7496,5.25,4.66,1.06
company_08630,Kalyani Textiles 745 Partnership Firm,0,0,0,0.2617,None,663,3.0085,3.99,3.78,6.03
company_08631,Radhe Textiles 826 LLP,0,0,0,0.3071,None,713,2.0265,5.67,4.15,5.8
company_08632,Radhe Healthcare 512 Private Limited,0,0,0,0.2791,None,715,1.7423,4.51,3.48,2.15
company_08633,Apex Infotech 302 Private Limited,0,0,0,0.1863,None,826,1.9444,3.38,5.29,0.74
company_08634,Arogya Infotech 538 LLP,0,0,0,0.3324,None,772,1.2701,7.84,3.4,1.27
company_08635,Hindustan Textiles 680 Private Limited,0,0,0,0.2695,None,764,0.7991,4.18,4.62,1.28
company_08636,Kalyani Pharma 898 LLP,0,0,0,0.3448,None,779,1.3749,5.57,3.72,2.45
company_08637,Sterling Power 923 Partnership Firm,0,0,0,0.1743,None,716,1.5573,3.8,4.7,2.23
company_08638,Zenith Retail 374 Partnership Firm,1,0,1,0.5309,seasonal_manipulation,672,1.2987,22.56,8.18,6.99
company_08639,Urja Retail 992 LLP,0,1,1,0.5808,circular_trading,726,1.5708,5.39,3.42,3.56
company_08640,Sterling Infotech 530 Partnership Firm,0,0,0,0.1069,None,747,1.7601,6.49,3.04,1.98
company_08641,Sterling Energy 400 Partnership Firm,0,0,0,0.3352,None,733,1.3046,4.47,4.79,2.01
company_08642,Navrachana Infotech 704 Private Limited,0,0,0,0.0896,None,754,2.2732,2.94,3.39,2.51
company_08643,Urja Renewables 187 Partnership Firm,1,0,1,0.8972,evergreening,732,0.6617,50.0,18.37,11.34
company_08644,Surya Energy 146 Partnership Firm,0,0,0,0.2265,None,779,1.4651,4.16,5.87,1.7
company_08645,Aditya Enterprises 907 Partnership Firm,0,0,0,0.1565,None,778,1.2003,5.22,9.64,3.32
company_08646,Ambika Infrastructure 229 Partnership Firm,1,0,1,0.8555,evergreening,654,0.466,21.59,11.28,19.64
company_08647,Delta Healthcare 267 Partnership Firm,1,0,1,0.6789,shell_company,637,1.2872,27.15,19.55,6.91
company_08648,Urja Retail 172 LLP,0,0,0,0.2209,None,748,1.2162,5.43,4.25,1.69
company_08649,Bharat Textiles 987 Private Limited,1,0,1,0.897,shell_company,641,0.9583,53.82,32.41,6.77
company_08650,Ambika Automotive 141 Private Limited,0,0,0,0.1884,None,767,0.8245,3.6,3.31,5.14
company_08651,Arogya Industries 707 Private Limited,0,0,0,0.2544,None,748,1.3509,2.13,4.62,3.03
company_08652,Karan Logistics 598 LLP,0,0,0,0.0488,None,708,1.244,3.63,3.08,2.49
company_08653,Radhe Metals 853 Private Limited,1,0,1,0.8876,shell_company,593,1.6761,39.92,47.63,7.73
company_08654,Infinity Textiles 462 Partnership Firm,0,0,0,0.3246,None,739,1.2111,2.76,7.22,4.4
company_08655,Zenith Infotech 798 Private Limited,0,0,0,0.1028,None,701,1.1447,5.84,5.18,2.59
company_08656,Bharat Builders 651 Partnership Firm,0,0,0,0.2581,None,713,1.2705,3.72,5.94,1.84
company_08657,Bharat Infrastructure 205 Partnership Firm,0,0,0,0.2976,None,738,1.7379,2.48,5.55,1.55
company_08658,Apex Enterprises 513 Private Limited,0,1,1,0.5939,shell_company,686,1.2315,4.1,3.24,4.44
company_08659,Navrachana Renewables 583 LLP,0,0,0,0.2376,None,742,0.7767,4.54,6.46,2.5
company_08660,Tejas Renewables 269 Partnership Firm,0,0,0,0.088,None,821,2.2994,7.6,3.48,1.58
company_08661,Ganesh Healthcare 740 Partnership Firm,0,0,0,0.2841,None,812,1.4647,8.69,3.98,1.67
company_08662,Karan Healthcare 583 LLP,0,0,0,0.2313,None,818,1.5681,2.93,4.89,0.77
company_08663,Surya Infotech 772 LLP,0,0,0,0.0957,None,743,2.2697,1.54,2.78,1.55
company_08664,Hindustan Metals 812 Partnership Firm,0,0,0,0.2842,None,688,2.3624,3.03,3.53,5.21
company_08665,Matrix Infotech 890 Private Limited,0,0,0,0.1191,None,755,1.4367,3.33,2.76,0.82
company_08666,Shivam Logistics 379 Private Limited,0,0,0,0.0194,None,791,1.9284,2.47,3.98,1.71
company_08667,Kalyani Power 326 Private Limited,0,1,1,0.6642,revenue_inflation,784,1.5798,2.74,4.24,1.24
company_08668,Arogya Retail 249 Private Limited,0,0,0,0.2134,None,753,1.2931,4.58,2.84,3.38
company_08669,Aditya Automotive 685 Private Limited,0,0,0,0.1764,None,655,2.2628,2.67,3.83,2.63
company_08670,Bhaskar Pharma 252 Partnership Firm,0,0,0,0.3404,None,759,2.0235,3.96,5.75,1.48
company_08671,Hindustan Logistics 485 Partnership Firm,0,0,0,0.0658,None,733,1.1749,4.97,4.46,2.49
company_08672,Hindustan Infotech 664 LLP,0,0,0,0.1564,None,720,1.8858,7.74,4.55,2.09
company_08673,Ambika Power 494 Partnership Firm,0,0,0,0.1142,None,661,1.8295,3.88,4.5,3.42
company_08674,Shivam Renewables 896 Private Limited,0,0,0,0.228,None,723,1.5106,3.92,5.34,1.51
company_08675,Hindustan Renewables 481 LLP,0,1,1,0.425,evergreening,711,1.5603,5.78,3.05,2.39
company_08676,Kalyani Retail 245 LLP,0,0,0,0.2314,None,776,1.3208,4.14,4.13,4.07
company_08677,Kalyani Healthcare 865 Partnership Firm,0,0,0,0.2394,None,758,2.1038,5.01,6.05,1.86
company_08678,Zenith Pharma 582 LLP,0,1,1,0.617,revenue_inflation,680,1.9252,3.18,7.65,3.72
company_08679,Vidya Enterprises 217 Partnership Firm,0,0,0,0.1689,None,778,1.7324,2.72,3.04,2.78
company_08680,Karan Renewables 987 Private Limited,0,0,0,0.1984,None,754,0.6693,7.41,4.84,1.86
company_08681,Delta Textiles 488 LLP,0,0,0,0.158,None,790,1.0176,4.98,3.84,1.18
company_08682,Radhe Renewables 604 Partnership Firm,0,0,0,0.1237,None,714,1.269,4.43,3.31,2.26
company_08683,Delta Metals 784 Partnership Firm,1,0,1,0.9399,circular_trading,719,1.6801,34.63,20.27,9.32
company_08684,Radhe Metals 312 LLP,0,0,0,0.1162,None,746,1.4637,2.8,2.86,3.12
company_08685,Shivam Industries 868 Partnership Firm,0,0,0,0.2687,None,794,1.4457,4.86,3.79,1.65
company_08686,Zenith Infrastructure 272 Partnership Firm,0,0,0,0.0801,None,740,1.4985,3.56,3.16,2.89
company_08687,Sterling Retail 636 Partnership Firm,1,0,1,0.6463,shell_company,527,1.3832,29.68,36.34,5.35
company_08688,Apex Metals 604 Private Limited,1,0,1,0.8731,revenue_inflation,663,0.6405,38.28,62.14,13.53
company_08689,Surya Foods 870 Partnership Firm,0,0,0,0.3086,None,707,1.6935,5.09,4.49,3.17
company_08690,Vanguard Retail 298 Partnership Firm,0,0,0,0.1813,None,802,2.2829,4.1,4.35,0.99
company_08691,Apex Automotive 254 LLP,0,0,0,0.1675,None,794,1.4426,2.59,6.15,1.9
company_08692,Infinity Solutions 163 Partnership Firm,0,0,0,0.1225,None,750,1.2465,2.03,2.57,1.61
company_08693,Shivam Energy 580 Private Limited,0,0,0,0.0656,None,764,1.5691,5.62,3.4,5.48
company_08694,Tejas Enterprises 890 Private Limited,0,0,0,0.1251,None,723,2.388,3.32,2.81,1.98
company_08695,Ganesh Metals 914 LLP,0,0,0,0.0815,None,750,2.2896,4.49,4.8,1.35
company_08696,Hindustan Power 586 LLP,0,1,1,0.5664,circular_trading,727,1.5518,3.6,7.41,2.6
company_08697,Kalyani Renewables 117 Private Limited,0,0,0,0.3156,None,710,1.0075,5.24,4.63,3.34
company_08698,Ganesh Power 101 Partnership Firm,0,0,0,0.1684,None,736,1.2932,10.9,8.64,2.03
company_08699,Karan Builders 397 LLP,0,0,0,0.1618,None,706,1.6248,2.7,4.19,2.56
company_08700,Bharat Textiles 814 Partnership Firm,1,0,1,0.9294,benami_siphoning,613,0.837,21.63,23.15,20.0
company_08701,Surya Solutions 822 Private Limited,0,0,0,0.1071,None,721,1.4509,2.15,3.23,1.19
company_08702,Surya Infrastructure 150 LLP,0,0,0,0.1832,None,704,1.6553,7.72,7.45,4.68
company_08703,Bharat Industries 615 Private Limited,0,0,0,0.2201,None,786,1.2037,3.58,3.84,2.28
company_08704,Infinity Infrastructure 228 Partnership Firm,0,0,0,0.1144,None,761,1.6482,2.77,3.92,1.21
company_08705,Zenith Metals 672 LLP,1,0,1,0.9361,evergreening,612,0.7368,15.08,15.32,15.43
company_08706,Radhe Builders 864 Private Limited,0,0,0,0.0343,None,719,1.8188,5.18,4.3,2.03
company_08707,Tejas Industries 780 LLP,0,0,0,0.3016,None,747,1.0893,7.68,3.94,1.49
company_08708,Infinity Retail 447 Private Limited,0,0,0,0.2546,None,750,1.4397,3.26,3.08,1.17
company_08709,Bhaskar Chemicals 577 LLP,0,0,0,0.0262,None,741,1.4318,3.14,4.27,3.73
company_08710,Vanguard Energy 561 Private Limited,0,0,0,0.0327,None,792,1.9113,4.68,5.18,2.5
company_08711,Vidya Foods 610 Partnership Firm,0,0,0,0.2371,None,744,1.5213,3.54,2.82,2.32
company_08712,Delta Metals 456 Partnership Firm,0,0,0,0.011,None,724,2.1203,2.23,2.12,2.19
company_08713,Hindustan Energy 824 Private Limited,0,0,0,0.3241,None,702,1.1232,3.07,5.3,3.08
company_08714,Ambika Automotive 880 Partnership Firm,0,0,0,0.3499,None,773,2.0261,2.89,3.69,1.82
company_08715,Karan Infotech 495 LLP,0,0,0,0.2344,None,836,0.9616,4.0,4.69,0.0
company_08716,Ganesh Power 715 LLP,0,0,0,0.1979,None,766,1.0961,5.34,3.31,2.87
company_08717,Kalyani Pharma 189 LLP,0,0,0,0.2826,None,786,1.3468,2.1,3.87,1.08
company_08718,Hindustan Chemicals 455 LLP,0,0,0,0.1517,None,761,1.4226,6.87,5.5,1.64
company_08719,Zenith Pharma 900 LLP,0,0,0,0.0725,None,802,1.6437,6.13,5.6,0.77
company_08720,Ambika Renewables 303 Partnership Firm,0,0,0,0.0897,None,798,1.7372,4.52,5.52,1.12
company_08721,Delta Chemicals 391 Private Limited,0,0,0,0.3486,None,763,0.8348,5.11,3.63,2.61
company_08722,Bhaskar Renewables 678 Private Limited,1,0,1,0.789,revenue_inflation,638,0.8551,23.08,17.91,7.55
company_08723,Hindustan Automotive 573 LLP,0,0,0,0.1432,None,784,0.6118,1.94,3.75,0.0
company_08724,Shivam Energy 755 LLP,0,0,0,0.2942,None,804,1.3069,13.34,3.39,2.42
company_08725,Karan Renewables 868 Partnership Firm,0,0,0,0.2424,None,724,1.2007,6.78,5.93,3.04
company_08726,Kalyani Infrastructure 976 LLP,1,0,1,0.8589,shell_company,609,1.3148,43.58,32.21,15.83
company_08727,Bharat Retail 696 LLP,0,0,0,0.0686,None,764,1.5857,4.74,3.18,3.46
company_08728,Bhaskar Power 346 LLP,0,0,0,0.2507,None,682,1.3715,4.2,3.97,3.83
company_08729,Kalyani Renewables 698 Partnership Firm,0,1,1,0.6759,shell_company,692,2.7507,4.43,4.08,2.05
company_08730,Delta Industries 904 LLP,0,0,0,0.2689,None,745,1.5092,3.66,4.14,1.78
company_08731,Tejas Textiles 415 LLP,0,0,0,0.108,None,680,1.4859,4.19,6.56,3.07
company_08732,Apex Automotive 178 LLP,0,0,0,0.2491,None,732,1.0899,2.13,3.48,2.14
company_08733,Bharat Chemicals 923 Partnership Firm,0,0,0,0.2855,None,772,1.2271,3.44,3.37,6.93
company_08734,Bhaskar Healthcare 697 LLP,0,0,0,0.3341,None,729,1.735,6.36,4.54,2.7
company_08735,Surya Infotech 517 Private Limited,0,0,0,0.2055,None,785,1.2414,4.52,3.43,1.52
company_08736,Infinity Solutions 322 Private Limited,0,0,0,0.1397,None,757,0.8982,5.57,8.24,2.21
company_08737,Kalyani Industries 784 Partnership Firm,0,0,0,0.0286,None,746,1.2505,4.15,4.34,2.71
company_08738,Navrachana Textiles 636 Private Limited,0,0,0,0.1228,None,793,1.9797,5.08,3.27,1.25
company_08739,Zenith Infotech 248 Partnership Firm,0,0,0,0.3298,None,795,0.9329,6.17,5.02,0.76
company_08740,Karan Retail 544 Partnership Firm,0,0,0,0.1781,None,722,1.5002,4.74,3.88,3.49
company_08741,Vanguard Retail 782 Private Limited,0,0,0,0.1878,None,729,1.3045,4.07,4.5,4.85
company_08742,Ganesh Pharma 781 LLP,0,0,0,0.0118,None,798,1.6437,4.49,5.65,4.66
company_08743,Kalyani Infotech 360 Private Limited,1,0,1,0.9652,evergreening,668,0.2613,27.7,25.64,11.96
company_08744,Kalyani Industries 952 Partnership Firm,0,0,0,0.1517,None,759,1.5546,3.1,2.73,3.24
company_08745,Hindustan Infotech 583 LLP,1,0,1,0.9811,shell_company,574,1.0203,71.45,41.31,9.81
company_08746,Apex Infotech 709 Partnership Firm,0,0,0,0.0589,None,779,1.1629,4.76,3.73,1.73
company_08747,Apex Chemicals 838 Private Limited,0,0,0,0.0402,None,752,0.7026,6.09,5.03,1.57
company_08748,Kalyani Chemicals 846 Private Limited,1,0,1,0.7427,evergreening,635,0.8429,8.79,20.0,15.23
company_08749,Karan Chemicals 615 LLP,0,0,0,0.0184,None,674,1.3585,4.34,4.4,2.66
company_08750,Kalyani Logistics 393 Private Limited,0,0,0,0.0645,None,744,1.8675,3.8,6.75,2.12
company_08751,Vidya Power 930 Private Limited,0,0,0,0.2399,None,791,1.5236,3.34,4.85,1.53
company_08752,Bharat Metals 916 Partnership Firm,0,0,0,0.0936,None,755,1.7138,7.15,2.74,1.92
company_08753,Radhe Enterprises 726 LLP,0,0,0,0.2713,None,728,0.6245,3.59,3.48,3.04
company_08754,Hindustan Infrastructure 874 Private Limited,1,0,1,0.9097,evergreening,687,0.9122,22.47,20.93,10.9
company_08755,Vidya Retail 120 Private Limited,0,0,0,0.243,None,672,1.7299,4.76,3.22,2.33
company_08756,Bharat Chemicals 553 LLP,0,0,0,0.0704,None,741,1.2186,4.98,5.66,2.09
company_08757,Apex Builders 497 Private Limited,0,0,0,0.3008,None,769,1.1777,3.81,3.37,1.73
company_08758,Ambika Healthcare 986 Partnership Firm,0,0,0,0.1779,None,767,1.7369,3.24,4.39,3.71
company_08759,Radhe Builders 468 LLP,0,0,0,0.108,None,714,1.7775,2.79,3.98,4.16
company_08760,Vanguard Logistics 986 Private Limited,1,0,1,0.6171,benami_siphoning,582,1.0605,21.96,30.95,6.16
company_08761,Ganesh Retail 106 LLP,0,0,0,0.244,None,809,1.3079,2.42,2.38,1.91
company_08762,Tejas Retail 559 LLP,0,0,0,0.0751,None,814,0.8416,4.79,4.36,1.66
company_08763,Infinity Infotech 113 LLP,0,0,0,0.1378,None,718,1.402,3.79,3.08,5.68
company_08764,Radhe Energy 823 Partnership Firm,0,0,0,0.2718,None,760,1.1963,4.37,4.51,1.98
company_08765,Ambika Solutions 111 Private Limited,0,0,0,0.2567,None,722,1.4455,4.78,3.38,3.83
company_08766,Tejas Power 989 Private Limited,0,0,0,0.0794,None,729,2.1531,4.15,3.4,2.81
company_08767,Bharat Power 887 LLP,0,0,0,0.0721,None,841,1.7912,4.17,3.52,1.35
company_08768,Zenith Chemicals 802 Private Limited,0,1,1,0.6028,evergreening,708,0.6895,5.33,4.39,2.5
company_08769,Vidya Industries 648 Private Limited,0,0,0,0.2941,None,738,1.1142,4.16,5.63,2.5
company_08770,Apex Power 258 LLP,0,0,0,0.2133,None,741,2.4559,5.63,4.8,5.65
company_08771,Vanguard Metals 430 Private Limited,1,0,1,0.9787,shell_company,579,0.7173,35.12,45.86,9.27
company_08772,Sterling Energy 408 Partnership Firm,0,0,0,0.0314,None,723,1.3304,6.09,3.04,3.14
company_08773,Karan Logistics 561 Private Limited,0,0,0,0.1104,None,728,2.0575,5.25,3.2,2.68
company_08774,Delta Enterprises 706 Private Limited,0,0,0,0.1075,None,800,0.7241,6.28,3.85,1.67
company_08775,Ganesh Automotive 172 LLP,0,0,0,0.1578,None,792,0.9564,3.97,8.25,2.33
company_08776,Shivam Industries 504 LLP,0,0,0,0.1123,None,667,1.9986,6.0,10.11,3.04
company_08777,Hindustan Builders 150 Private Limited,0,0,0,0.3412,None,760,1.3261,3.83,3.21,1.59
company_08778,Arogya Retail 674 Partnership Firm,0,0,0,0.1371,None,769,1.4162,3.03,3.54,1.39
company_08779,Kalyani Energy 995 Private Limited,0,0,0,0.3141,None,838,1.847,7.02,4.7,1.04
company_08780,Vidya Foods 284 LLP,1,0,1,0.6742,evergreening,689,0.9672,8.65,10.75,14.01
company_08781,Surya Retail 781 LLP,1,0,1,0.8909,benami_siphoning,659,0.6062,15.56,21.84,8.81
company_08782,Bhaskar Foods 866 Private Limited,0,0,0,0.319,None,761,1.9015,3.29,5.61,2.75
company_08783,Radhe Infotech 389 Partnership Firm,0,0,0,0.3325,None,731,1.2381,3.09,4.39,3.62
company_08784,Ganesh Metals 237 Partnership Firm,0,0,0,0.0288,None,723,1.2759,5.18,3.28,2.92
company_08785,Tejas Energy 398 Private Limited,0,0,0,0.0637,None,756,1.2834,4.84,3.55,0.95
company_08786,Vanguard Chemicals 150 LLP,0,0,0,0.3209,None,756,1.541,3.78,6.02,2.44
company_08787,Vanguard Enterprises 557 Partnership Firm,0,0,0,0.0623,None,692,0.6578,3.85,4.08,5.02
company_08788,Radhe Energy 370 Private Limited,0,0,0,0.3324,None,718,1.5275,3.28,4.11,2.85
company_08789,Vidya Solutions 654 Partnership Firm,0,0,0,0.0222,None,754,1.6154,6.63,2.84,3.89
company_08790,Aditya Textiles 182 LLP,0,0,0,0.0478,None,714,1.2615,5.49,3.28,3.94
company_08791,Surya Metals 833 Partnership Firm,0,0,0,0.2235,None,741,1.5419,3.51,5.56,1.82
company_08792,Karan Metals 348 Private Limited,0,0,0,0.3179,None,768,1.7962,12.74,8.98,1.64
company_08793,Vanguard Industries 880 Private Limited,0,0,0,0.319,None,778,1.7123,5.3,3.71,1.53
company_08794,Kalyani Solutions 625 Partnership Firm,0,0,0,0.1189,None,816,2.4519,8.72,4.06,1.41
company_08795,Surya Solutions 390 Partnership Firm,0,0,0,0.0461,None,727,1.476,6.48,5.19,3.81
company_08796,Sterling Chemicals 784 LLP,0,0,0,0.135,None,782,1.6406,5.8,4.49,2.93
company_08797,Sterling Energy 895 LLP,0,0,0,0.3396,None,748,1.4874,5.13,4.14,1.76
company_08798,Radhe Infotech 757 LLP,0,0,0,0.0121,None,808,1.5369,5.42,3.46,0.17
company_08799,Karan Automotive 491 LLP,0,0,0,0.2887,None,713,2.6129,3.99,5.61,3.37
company_08800,Bhaskar Enterprises 178 Private Limited,0,0,0,0.1464,None,729,1.466,3.26,3.86,2.41
company_08801,Vanguard Solutions 166 LLP,0,0,0,0.1672,None,785,1.5204,1.73,2.38,1.9
company_08802,Bhaskar Chemicals 164 LLP,0,0,0,0.1976,None,764,1.3474,2.66,4.39,1.75
company_08803,Delta Energy 110 LLP,0,0,0,0.2359,None,667,1.8823,4.56,4.42,3.75
company_08804,Bharat Logistics 272 Private Limited,1,0,1,0.7941,revenue_inflation,656,0.85,30.0,18.45,4.23
company_08805,Urja Retail 475 LLP,0,0,0,0.2137,None,720,1.498,5.18,3.61,4.16
company_08806,Apex Healthcare 590 Partnership Firm,0,0,0,0.2692,None,819,1.0203,5.75,4.85,1.0
company_08807,Karan Infotech 387 LLP,0,0,0,0.0167,None,761,0.9288,3.0,2.94,1.39
company_08808,Shivam Automotive 881 Partnership Firm,0,0,0,0.0106,None,771,1.5152,3.67,3.29,0.96
company_08809,Tejas Enterprises 370 LLP,0,0,0,0.1363,None,706,1.5503,4.83,8.56,2.22
company_08810,Arogya Industries 247 Partnership Firm,0,0,0,0.0257,None,726,1.5542,3.98,9.37,1.83
company_08811,Infinity Infrastructure 864 LLP,0,0,0,0.2406,None,766,1.8475,3.66,2.73,3.61
company_08812,Aditya Enterprises 454 Partnership Firm,0,0,0,0.0351,None,708,1.1983,5.86,4.57,2.54
company_08813,Surya Healthcare 355 Partnership Firm,1,0,1,0.9115,shell_company,504,1.0103,51.53,30.56,5.5
company_08814,Sterling Automotive 256 Partnership Firm,0,1,1,0.4795,circular_trading,719,1.2236,3.67,3.38,2.67
company_08815,Sterling Infrastructure 168 LLP,0,0,0,0.2583,None,736,1.9094,2.7,2.52,3.78
company_08816,Tejas Infrastructure 766 Private Limited,0,0,0,0.2485,None,824,2.1575,5.49,6.0,0.82
company_08817,Radhe Infrastructure 788 Private Limited,0,0,0,0.2039,None,760,1.394,5.5,8.46,2.74
company_08818,Infinity Industries 598 Private Limited,1,0,1,0.8537,revenue_inflation,666,0.9411,26.98,35.3,7.87
company_08819,Radhe Industries 435 Private Limited,0,0,0,0.172,None,762,1.0428,3.41,3.68,2.03
company_08820,Urja Renewables 431 Partnership Firm,0,0,0,0.3037,None,699,1.471,4.39,3.95,3.25
company_08821,Radhe Industries 834 LLP,0,0,0,0.0995,None,757,1.1801,3.35,3.36,1.86
company_08822,Navrachana Enterprises 248 Partnership Firm,1,0,1,0.9249,revenue_inflation,693,1.0645,34.94,45.15,8.42
company_08823,Apex Energy 709 Partnership Firm,0,0,0,0.3293,None,732,0.7509,4.83,3.32,3.02
company_08824,Navrachana Chemicals 166 Partnership Firm,0,0,0,0.0217,None,759,1.6774,4.27,4.69,1.08
company_08825,Surya Logistics 194 Private Limited,0,0,0,0.1341,None,720,2.0312,3.46,3.78,2.42
company_08826,Navrachana Renewables 934 Private Limited,0,0,0,0.0601,None,727,1.6451,8.36,4.2,2.52
company_08827,Radhe Industries 398 Partnership Firm,0,0,0,0.3104,None,702,1.5951,4.94,3.45,2.03
company_08828,Surya Retail 931 LLP,0,0,0,0.3076,None,746,1.1274,3.71,5.74,2.45
company_08829,Infinity Automotive 122 LLP,0,0,0,0.1428,None,711,2.176,2.86,5.21,3.1
company_08830,Sterling Chemicals 759 Partnership Firm,0,0,0,0.266,None,759,1.2951,9.27,4.39,1.32
company_08831,Zenith Enterprises 994 Partnership Firm,1,0,1,0.9324,circular_trading,660,0.7525,27.43,45.26,10.21
company_08832,Arogya Healthcare 362 Partnership Firm,0,0,0,0.2872,None,765,1.8389,4.86,3.48,1.48
company_08833,Apex Power 832 Private Limited,0,0,0,0.0712,None,730,2.3056,2.61,9.45,2.58
company_08834,Aditya Solutions 452 Partnership Firm,1,0,1,0.8906,revenue_inflation,673,1.01,49.46,55.36,6.7
company_08835,Hindustan Energy 246 Partnership Firm,1,0,1,0.9817,seasonal_manipulation,590,1.713,27.25,17.62,11.06
company_08836,Bhaskar Retail 663 Private Limited,1,0,1,0.9485,revenue_inflation,692,1.1093,29.51,31.22,6.79
company_08837,Navrachana Pharma 764 Partnership Firm,0,0,0,0.323,None,799,1.448,3.53,5.77,4.56
company_08838,Bhaskar Retail 933 Private Limited,0,0,0,0.2552,None,782,1.2512,4.65,4.82,1.35
company_08839,Karan Infrastructure 922 Partnership Firm,0,0,0,0.0638,None,736,1.4114,1.26,2.57,4.23
company_08840,Infinity Energy 887 Private Limited,1,0,1,0.8401,evergreening,629,0.9478,14.91,10.42,10.03
company_08841,Sterling Power 110 LLP,0,0,0,0.3491,None,747,1.1842,3.11,7.85,1.68
company_08842,Arogya Automotive 681 Private Limited,0,0,0,0.2046,None,676,1.7193,3.69,3.56,2.14
company_08843,Arogya Automotive 803 LLP,0,0,0,0.23,None,748,2.0575,7.6,13.93,1.85
company_08844,Delta Enterprises 907 LLP,0,0,0,0.2959,None,729,1.1659,4.71,4.18,1.88
company_08845,Infinity Foods 207 LLP,0,0,0,0.2445,None,771,1.587,3.65,3.29,1.99
company_08846,Radhe Builders 368 Partnership Firm,0,0,0,0.1905,None,651,1.6526,3.18,3.18,3.5
company_08847,Aditya Enterprises 449 Private Limited,0,0,0,0.1435,None,744,2.744,2.52,2.81,1.66
company_08848,Matrix Builders 251 Partnership Firm,0,0,0,0.0746,None,714,1.668,8.62,3.18,2.84
company_08849,Urja Retail 739 Private Limited,0,0,0,0.0709,None,728,1.8609,5.24,2.68,2.4
company_08850,Kalyani Infotech 466 Partnership Firm,0,0,0,0.2961,None,779,1.3457,4.5,3.21,3.64
company_08851,Urja Renewables 816 LLP,0,0,0,0.1019,None,747,0.8193,2.34,6.26,4.18
company_08852,Sterling Healthcare 328 LLP,0,0,0,0.2174,None,779,1.7092,4.12,4.29,3.17
company_08853,Urja Energy 838 Partnership Firm,0,0,0,0.0922,None,782,1.3903,3.28,8.74,0.78
company_08854,Hindustan Builders 316 Partnership Firm,0,0,0,0.2565,None,688,1.2344,1.94,3.33,2.57
company_08855,Tejas Enterprises 619 LLP,1,0,1,0.8895,benami_siphoning,664,1.383,22.86,32.96,7.1
company_08856,Urja Metals 153 LLP,0,0,0,0.2052,None,717,1.8128,4.97,5.38,2.72
company_08857,Hindustan Solutions 946 Partnership Firm,0,0,0,0.1131,None,711,1.5041,5.32,4.32,2.1
company_08858,Urja Chemicals 514 Partnership Firm,1,0,1,0.9563,circular_trading,673,0.6523,23.61,18.05,10.89
company_08859,Navrachana Builders 756 Partnership Firm,0,0,0,0.0228,None,700,1.5833,4.43,3.01,2.26
company_08860,Matrix Power 587 Partnership Firm,0,0,0,0.2456,None,734,1.2287,3.23,4.66,1.42
company_08861,Matrix Logistics 317 Private Limited,0,0,0,0.0616,None,689,2.2265,7.6,3.71,2.56
company_08862,Aditya Textiles 179 Private Limited,1,0,1,0.8879,evergreening,667,0.7641,34.51,13.13,12.14
company_08863,Bhaskar Textiles 214 Partnership Firm,1,0,1,0.9186,evergreening,667,0.7671,16.37,41.42,10.79
company_08864,Urja Enterprises 450 Partnership Firm,0,0,0,0.0722,None,716,1.4962,7.25,3.92,3.25
company_08865,Bharat Energy 313 Partnership Firm,0,0,0,0.3435,None,752,1.3981,9.45,4.28,1.92
company_08866,Kalyani Power 209 Partnership Firm,0,0,0,0.2842,None,812,1.0045,5.68,3.03,2.37
company_08867,Delta Logistics 885 LLP,0,0,0,0.3048,None,666,0.9749,4.71,3.45,2.72
company_08868,Apex Textiles 771 Partnership Firm,0,0,0,0.2536,None,723,1.6107,5.5,3.23,1.68
company_08869,Vanguard Enterprises 815 LLP,0,0,0,0.1364,None,697,1.2998,2.83,3.9,5.19
company_08870,Karan Infotech 827 Private Limited,0,0,0,0.2088,None,733,1.372,2.39,2.82,3.05
company_08871,Vanguard Infotech 522 Private Limited,0,0,0,0.2185,None,752,1.8583,5.54,4.2,1.93
company_08872,Infinity Industries 547 Partnership Firm,0,0,0,0.2483,None,767,1.0185,7.58,7.59,4.1
company_08873,Shivam Enterprises 968 LLP,1,0,1,0.9138,shell_company,599,0.3952,47.99,26.99,5.51
company_08874,Navrachana Energy 192 LLP,0,0,0,0.2867,None,794,1.2876,3.56,3.88,1.84
company_08875,Aditya Metals 790 LLP,0,0,0,0.2422,None,736,1.3343,3.59,3.33,3.82
company_08876,Tejas Builders 889 Partnership Firm,0,0,0,0.0819,None,760,0.9445,3.14,9.15,2.06
company_08877,Urja Infotech 391 Partnership Firm,1,0,1,0.981,benami_siphoning,625,0.9895,18.72,19.55,8.58
company_08878,Radhe Foods 137 LLP,1,0,1,0.9306,evergreening,635,0.8472,16.53,23.83,15.29
company_08879,Shivam Healthcare 887 Private Limited,0,0,0,0.1021,None,742,1.1288,3.75,7.54,3.71
company_08880,Aditya Builders 254 Private Limited,0,0,0,0.1152,None,732,1.5179,3.39,2.99,2.79
company_08881,Sterling Industries 391 Private Limited,0,0,0,0.2059,None,790,1.2453,2.65,4.21,1.05
company_08882,Shivam Power 812 Partnership Firm,0,0,0,0.032,None,750,1.7777,3.22,4.67,2.75
company_08883,Bharat Builders 704 LLP,0,0,0,0.2637,None,725,1.9584,5.66,3.61,2.14
company_08884,Shivam Chemicals 438 Private Limited,0,0,0,0.043,None,754,1.6998,4.0,4.79,1.06
company_08885,Bhaskar Chemicals 643 LLP,0,0,0,0.3184,None,728,1.371,4.86,3.93,2.16
company_08886,Delta Metals 598 Private Limited,0,0,0,0.2034,None,801,1.0411,5.76,5.92,0.9
company_08887,Vanguard Enterprises 811 LLP,1,0,1,0.8661,benami_siphoning,590,0.9189,32.38,29.36,7.02
company_08888,Arogya Enterprises 609 LLP,0,1,1,0.4744,revenue_inflation,760,1.633,5.86,3.71,2.65
company_08889,Ambika Renewables 711 Partnership Firm,0,0,0,0.2469,None,784,1.4626,3.21,3.1,1.75
company_08890,Zenith Power 890 Partnership Firm,0,0,0,0.0416,None,752,1.0674,5.82,11.98,1.67
company_08891,Aditya Healthcare 713 Private Limited,0,0,0,0.2992,None,688,1.023,3.25,3.16,2.62
company_08892,Vanguard Power 741 Partnership Firm,0,0,0,0.2535,None,729,1.2942,6.28,3.26,3.03
company_08893,Aditya Foods 610 LLP,1,0,1,0.6598,evergreening,654,0.3079,8.74,7.13,12.63
company_08894,Matrix Renewables 963 LLP,1,0,1,0.8148,revenue_inflation,662,0.6567,14.8,25.16,4.09
company_08895,Matrix Industries 790 Private Limited,0,0,0,0.1881,None,778,1.2317,8.23,2.34,1.89
company_08896,Sterling Power 612 Partnership Firm,0,0,0,0.1111,None,657,1.1352,6.57,3.1,2.76
company_08897,Kalyani Pharma 401 LLP,0,0,0,0.3307,None,803,2.1385,4.93,3.5,0.53
company_08898,Vidya Power 453 Private Limited,0,0,0,0.0678,None,715,1.1466,4.89,3.85,2.47
company_08899,Sterling Metals 457 Partnership Firm,0,1,1,0.4534,revenue_inflation,778,1.7738,5.88,5.4,1.51
company_08900,Tejas Infrastructure 455 Private Limited,0,0,0,0.3123,None,875,1.1544,7.18,5.48,2.43
company_08901,Arogya Foods 607 LLP,0,0,0,0.1684,None,725,0.9743,10.29,3.66,4.11
company_08902,Radhe Pharma 542 Partnership Firm,0,0,0,0.2435,None,759,1.6043,4.03,5.02,4.45
company_08903,Delta Retail 855 Partnership Firm,0,0,0,0.0594,None,723,1.0154,3.04,3.14,3.95
company_08904,Matrix Solutions 314 Private Limited,0,1,1,0.469,circular_trading,814,1.2709,4.26,4.35,0.92
company_08905,Vanguard Pharma 847 LLP,1,0,1,0.879,circular_trading,640,1.4554,35.75,20.51,7.15
company_08906,Ambika Industries 897 Private Limited,1,0,1,0.9021,evergreening,591,1.6219,21.22,17.12,15.95
company_08907,Vidya Solutions 134 Private Limited,0,0,0,0.3322,None,762,1.0275,3.26,2.94,1.58
company_08908,Apex Healthcare 606 Private Limited,0,0,0,0.1822,None,772,1.7907,2.56,2.39,3.08
company_08909,Vidya Healthcare 425 Private Limited,0,0,0,0.3362,None,720,1.4028,4.81,6.06,5.63
company_08910,Hindustan Metals 197 Private Limited,0,0,0,0.0795,None,767,1.2078,2.92,6.67,2.78
company_08911,Sterling Automotive 152 LLP,0,0,0,0.027,None,801,2.2023,3.91,4.17,2.7
company_08912,Ganesh Textiles 262 Private Limited,0,0,0,0.2922,None,703,1.1066,2.13,4.4,4.72
company_08913,Sterling Infrastructure 448 Private Limited,0,0,0,0.085,None,770,1.74,4.72,4.75,1.04
company_08914,Bhaskar Energy 509 Partnership Firm,0,0,0,0.2387,None,698,1.5243,4.26,2.77,3.33
company_08915,Vidya Industries 434 Partnership Firm,0,0,0,0.2694,None,785,1.535,4.84,5.07,1.78
company_08916,Bharat Solutions 495 Partnership Firm,1,0,1,0.9063,shell_company,614,1.0757,33.25,28.13,10.79
company_08917,Navrachana Infrastructure 185 LLP,0,0,0,0.0864,None,779,1.2804,6.94,3.38,4.25
company_08918,Ambika Chemicals 747 Private Limited,0,0,0,0.2282,None,744,1.4315,6.75,6.77,1.76
company_08919,Infinity Chemicals 445 Private Limited,0,0,0,0.1954,None,757,1.9105,2.55,3.69,2.69
company_08920,Karan Pharma 409 Partnership Firm,0,0,0,0.0194,None,716,1.3267,5.71,4.09,5.62
company_08921,Zenith Automotive 660 LLP,1,0,1,0.7379,seasonal_manipulation,702,1.1887,29.18,7.06,4.66
company_08922,Karan Enterprises 439 Private Limited,1,0,1,0.9633,seasonal_manipulation,628,0.7464,33.75,10.16,7.53
company_08923,Hindustan Builders 506 Partnership Firm,0,0,0,0.1467,None,781,1.1879,2.79,4.55,1.2
company_08924,Aditya Retail 777 Partnership Firm,0,0,0,0.0127,None,705,1.3356,3.67,4.11,3.49
company_08925,Delta Healthcare 769 Private Limited,1,0,1,0.9328,revenue_inflation,647,0.456,42.95,37.7,7.52
company_08926,Ambika Builders 295 Partnership Firm,0,0,0,0.1249,None,758,1.5067,4.46,3.17,5.76
company_08927,Karan Textiles 380 Private Limited,0,0,0,0.2747,None,722,0.7071,3.76,3.92,2.38
company_08928,Radhe Pharma 223 Private Limited,0,0,0,0.2976,None,792,1.5583,6.43,3.47,4.12
company_08929,Zenith Solutions 140 Partnership Firm,0,0,0,0.2869,None,644,1.2163,6.85,9.3,4.31
company_08930,Ambika Builders 740 LLP,0,0,0,0.0302,None,786,1.9378,3.76,6.29,0.88
company_08931,Kalyani Retail 883 Private Limited,0,0,0,0.3201,None,781,1.9618,3.39,3.5,1.28
company_08932,Tejas Retail 215 Private Limited,0,0,0,0.1381,None,713,1.7213,7.08,6.07,2.78
company_08933,Shivam Infrastructure 860 Private Limited,0,0,0,0.1295,None,734,1.7427,5.43,4.85,3.99
company_08934,Bharat Healthcare 855 Private Limited,0,0,0,0.2417,None,804,2.3362,2.85,7.3,2.4
company_08935,Vanguard Solutions 218 Private Limited,0,0,0,0.2685,None,790,1.5476,4.06,6.14,2.06
company_08936,Sterling Energy 628 Private Limited,0,0,0,0.3417,None,701,1.4923,3.46,2.91,3.51
company_08937,Apex Metals 429 Partnership Firm,0,0,0,0.179,None,752,2.216,4.99,5.04,1.59
company_08938,Vidya Enterprises 514 Partnership Firm,0,0,0,0.1422,None,828,0.7102,8.24,3.45,2.19
company_08939,Aditya Infrastructure 934 Private Limited,0,0,0,0.2449,None,714,2.0388,4.27,4.22,2.59
company_08940,Kalyani Retail 623 Private Limited,0,0,0,0.2659,None,753,1.3447,4.66,5.68,1.84
company_08941,Apex Builders 744 LLP,0,0,0,0.2339,None,775,1.2197,3.15,3.03,3.14
company_08942,Apex Renewables 707 Partnership Firm,0,0,0,0.0999,None,737,1.174,4.97,9.34,2.18
company_08943,Tejas Enterprises 201 Partnership Firm,0,0,0,0.062,None,762,1.4851,3.65,6.39,2.9
company_08944,Karan Solutions 351 Partnership Firm,0,0,0,0.1459,None,679,1.3373,10.07,3.12,3.15
company_08945,Zenith Renewables 363 LLP,0,0,0,0.1678,None,721,1.4466,2.75,4.02,3.52
company_08946,Ganesh Renewables 245 Partnership Firm,0,0,0,0.17,None,808,0.7842,2.81,3.05,1.59
company_08947,Surya Solutions 955 Partnership Firm,0,0,0,0.2625,None,728,1.3094,3.68,3.1,2.93
company_08948,Arogya Infrastructure 181 Partnership Firm,0,0,0,0.2885,None,739,1.7799,4.47,3.01,2.83
company_08949,Arogya Energy 528 Partnership Firm,0,0,0,0.258,None,751,1.4206,4.52,3.27,2.94
company_08950,Infinity Pharma 230 LLP,0,0,0,0.3109,None,753,1.5672,4.02,3.58,5.41
company_08951,Aditya Infotech 839 Partnership Firm,0,0,0,0.1619,None,806,2.3029,3.05,3.39,1.57
company_08952,Bhaskar Textiles 774 LLP,0,0,0,0.2712,None,720,1.6013,4.73,3.57,2.77
company_08953,Vidya Logistics 329 Partnership Firm,0,0,0,0.1879,None,745,1.1761,2.51,2.82,1.84
company_08954,Hindustan Metals 557 Partnership Firm,0,0,0,0.1093,None,806,1.0242,3.67,4.73,2.81
company_08955,Aditya Enterprises 594 LLP,0,0,0,0.2583,None,779,1.5502,8.88,3.45,1.05
company_08956,Ganesh Textiles 306 Partnership Firm,0,0,0,0.2818,None,699,1.7133,5.93,2.87,3.62
company_08957,Zenith Chemicals 972 LLP,0,0,0,0.1023,None,716,1.5049,6.87,4.42,2.41
company_08958,Navrachana Retail 728 LLP,0,0,0,0.3109,None,714,1.5181,6.62,3.62,3.03
company_08959,Zenith Retail 820 Partnership Firm,0,0,0,0.1514,None,803,1.3559,2.94,3.0,0.89
company_08960,Bharat Industries 559 LLP,0,0,0,0.1761,None,791,1.2162,3.97,6.17,1.63
company_08961,Surya Power 195 Partnership Firm,0,1,1,0.545,evergreening,747,1.8524,4.49,6.13,3.05
company_08962,Ambika Energy 189 LLP,0,0,0,0.205,None,754,1.2957,6.37,5.68,2.17
company_08963,Radhe Retail 702 Partnership Firm,0,0,0,0.2357,None,766,1.871,5.29,3.27,5.95
company_08964,Aditya Healthcare 290 Partnership Firm,0,0,0,0.1225,None,724,2.2746,2.72,4.89,2.28
company_08965,Zenith Metals 701 LLP,0,0,0,0.1881,None,777,1.3074,5.53,4.08,2.42
company_08966,Urja Builders 847 LLP,1,0,1,0.8926,circular_trading,581,0.5644,29.43,49.09,9.14
company_08967,Radhe Builders 475 Private Limited,1,0,1,0.8736,evergreening,671,1.1555,17.31,24.49,14.83
company_08968,Bharat Industries 440 Private Limited,0,0,0,0.2438,None,727,0.8938,3.98,4.27,2.91
company_08969,Vidya Solutions 739 LLP,1,0,1,0.8757,seasonal_manipulation,631,0.8205,27.21,10.02,9.87
company_08970,Kalyani Renewables 927 Partnership Firm,1,0,1,0.9846,circular_trading,598,0.886,48.05,18.97,8.79
company_08971,Kalyani Healthcare 771 Private Limited,0,0,0,0.0826,None,757,1.3388,4.68,4.15,0.56
company_08972,Radhe Chemicals 557 LLP,0,0,0,0.1882,None,726,1.677,2.93,3.0,3.04
company_08973,Navrachana Renewables 136 LLP,0,0,0,0.0129,None,704,0.846,3.03,3.4,2.98
company_08974,Kalyani Chemicals 299 Private Limited,0,0,0,0.0553,None,714,1.3651,4.81,3.95,2.24
company_08975,Hindustan Enterprises 127 LLP,0,1,1,0.5801,revenue_inflation,730,1.7415,6.64,4.96,2.84
company_08976,Aditya Solutions 934 Partnership Firm,0,0,0,0.0963,None,771,1.8746,7.98,3.33,2.21
company_08977,Arogya Enterprises 306 LLP,0,0,0,0.1331,None,732,1.1291,3.11,2.99,3.45
company_08978,Karan Chemicals 856 Private Limited,0,0,0,0.2027,None,718,1.2543,7.93,4.2,4.34
company_08979,Vidya Textiles 548 Private Limited,1,0,1,0.8382,revenue_inflation,671,0.8084,15.2,23.57,4.11
company_08980,Arogya Retail 827 Partnership Firm,0,0,0,0.3408,None,745,1.6498,5.08,5.32,2.13
company_08981,Radhe Power 631 Partnership Firm,0,0,0,0.2683,None,764,2.1066,3.0,7.81,1.66
company_08982,Surya Renewables 642 Private Limited,0,0,0,0.1388,None,776,1.0422,6.03,10.65,1.56
company_08983,Bharat Retail 173 LLP,0,0,0,0.0562,None,689,0.8067,5.77,4.52,2.88
company_08984,Ganesh Pharma 670 Partnership Firm,0,0,0,0.1158,None,775,1.4045,6.03,3.29,2.16
company_08985,Shivam Pharma 877 LLP,0,0,0,0.2986,None,759,1.4979,4.28,3.98,1.01
company_08986,Matrix Metals 514 Partnership Firm,0,0,0,0.0866,None,770,1.7159,6.77,3.89,1.04
company_08987,Tejas Foods 533 Private Limited,0,0,0,0.2263,None,753,1.7831,4.02,6.59,0.92
company_08988,Surya Logistics 599 Private Limited,0,0,0,0.113,None,735,2.6787,3.12,2.84,1.32
company_08989,Aditya Healthcare 816 Partnership Firm,0,0,0,0.0116,None,694,2.9936,4.81,4.36,2.59
company_08990,Ganesh Automotive 474 Private Limited,0,0,0,0.234,None,784,1.2253,6.62,2.85,1.37
company_08991,Infinity Builders 458 LLP,0,0,0,0.2216,None,739,1.41,7.65,3.83,5.97
company_08992,Matrix Infrastructure 888 LLP,0,0,0,0.2886,None,800,1.6967,5.28,7.69,0.03
company_08993,Delta Chemicals 936 Private Limited,0,0,0,0.2632,None,751,1.8382,10.1,3.23,1.81
company_08994,Zenith Energy 434 Partnership Firm,0,1,1,0.4974,evergreening,777,0.9726,2.59,5.62,2.48
company_08995,Matrix Metals 708 Private Limited,0,0,0,0.1691,None,765,1.8602,10.07,3.04,1.21
company_08996,Arogya Solutions 512 Partnership Firm,0,0,0,0.1426,None,771,1.4193,3.03,3.76,1.1
company_08997,Karan Renewables 206 Private Limited,0,0,0,0.184,None,743,1.5427,4.11,3.35,1.9
company_08998,Ganesh Foods 534 LLP,0,0,0,0.2509,None,781,2.123,6.77,6.17,1.2
company_08999,Zenith Renewables 108 Private Limited,0,0,0,0.2927,None,701,1.6711,8.04,4.52,1.51
company_09000,Radhe Infotech 565 Private Limited,0,1,1,0.6988,circular_trading,743,1.2209,2.98,2.22,2.02
company_09001,Karan Power 142 LLP,0,0,0,0.2133,None,777,1.4191,3.32,3.53,1.57
company_09002,Delta Infotech 328 LLP,0,0,0,0.1412,None,712,1.8936,3.52,3.95,2.5
company_09003,Kalyani Metals 204 LLP,0,0,0,0.1462,None,714,1.8623,3.62,2.85,3.04
company_09004,Apex Builders 143 Private Limited,0,0,0,0.0725,None,734,1.3687,4.92,5.32,1.68
company_09005,Arogya Solutions 680 Partnership Firm,0,0,0,0.1469,None,753,2.1619,5.31,3.08,2.38
company_09006,Karan Energy 209 LLP,0,0,0,0.2355,None,766,1.1839,4.61,3.83,1.03
company_09007,Infinity Textiles 898 Partnership Firm,0,0,0,0.2433,None,760,1.4924,4.79,4.48,0.4
company_09008,Navrachana Industries 456 LLP,0,0,0,0.1106,None,784,1.749,3.97,4.02,1.3
company_09009,Arogya Automotive 159 Partnership Firm,0,0,0,0.1895,None,710,1.1145,2.86,4.31,3.62
company_09010,Apex Healthcare 812 Partnership Firm,0,0,0,0.27,None,764,2.1146,6.07,3.39,3.64
company_09011,Hindustan Infrastructure 556 LLP,1,0,1,0.926,evergreening,717,0.85,19.66,13.26,18.83
company_09012,Bharat Healthcare 985 Partnership Firm,1,0,1,0.9123,evergreening,716,0.2,25.16,12.35,13.28
company_09013,Delta Pharma 484 Private Limited,1,0,1,0.8808,seasonal_manipulation,609,0.8793,35.36,18.61,8.9
company_09014,Bhaskar Foods 732 LLP,0,0,0,0.0241,None,786,1.3924,4.03,4.41,1.15
company_09015,Delta Automotive 130 LLP,0,0,0,0.2833,None,759,1.8494,11.54,3.59,1.1
company_09016,Shivam Logistics 583 Private Limited,0,0,0,0.1533,None,747,2.3228,4.71,3.18,2.47
company_09017,Hindustan Textiles 610 Private Limited,0,0,0,0.1062,None,728,1.7311,8.92,3.31,4.13
company_09018,Vidya Industries 820 LLP,1,0,1,0.9668,shell_company,645,1.4272,34.09,33.87,10.92
company_09019,Matrix Pharma 801 LLP,1,0,1,0.7302,revenue_inflation,666,1.2094,34.26,34.82,3.47
company_09020,Navrachana Builders 237 LLP,0,0,0,0.0121,None,761,1.2668,6.31,3.16,2.49
company_09021,Hindustan Renewables 179 Private Limited,0,0,0,0.0511,None,727,1.6057,4.58,4.86,3.22
company_09022,Arogya Automotive 664 LLP,0,0,0,0.2775,None,730,1.2101,3.95,4.93,3.02
company_09023,Apex Pharma 748 Private Limited,0,0,0,0.0735,None,754,1.3137,7.23,4.41,2.1
company_09024,Karan Industries 849 Partnership Firm,0,0,0,0.1457,None,760,2.033,5.29,5.4,3.35
company_09025,Apex Healthcare 878 Partnership Firm,0,0,0,0.1844,None,811,1.2725,7.88,4.97,1.89
company_09026,Vanguard Logistics 429 LLP,0,0,0,0.0955,None,695,1.6034,7.51,11.22,4.12
company_09027,Bhaskar Infotech 446 Private Limited,0,0,0,0.2686,None,689,1.3939,4.22,7.7,3.38
company_09028,Arogya Foods 171 Private Limited,0,0,0,0.2508,None,692,2.4511,4.46,5.37,3.4
company_09029,Aditya Automotive 601 Partnership Firm,0,0,0,0.2338,None,722,1.7282,1.62,4.26,2.13
company_09030,Vidya Enterprises 249 Private Limited,0,0,0,0.1414,None,758,1.3161,1.98,2.39,2.6
company_09031,Infinity Energy 756 Private Limited,0,0,0,0.0265,None,721,1.1212,8.69,4.39,2.46
company_09032,Matrix Healthcare 224 LLP,0,0,0,0.1634,None,702,1.9779,6.02,3.94,3.29
company_09033,Infinity Healthcare 666 LLP,0,0,0,0.0311,None,819,2.4761,4.96,2.94,0.85
company_09034,Bhaskar Logistics 899 Private Limited,0,0,0,0.3364,None,752,1.396,5.49,7.7,1.88
company_09035,Apex Logistics 931 Private Limited,0,0,0,0.2731,None,795,1.0888,8.84,5.36,1.55
company_09036,Bharat Textiles 526 Private Limited,0,0,0,0.132,None,705,1.4156,10.87,3.28,2.47
company_09037,Navrachana Foods 239 Partnership Firm,0,0,0,0.0281,None,763,1.2673,11.04,3.59,2.25
company_09038,Ganesh Infotech 408 Private Limited,0,0,0,0.272,None,767,1.9037,3.88,2.82,2.09
company_09039,Tejas Energy 194 Private Limited,0,0,0,0.0259,None,735,1.758,3.36,2.87,3.78
company_09040,Ambika Chemicals 253 LLP,1,0,1,0.9703,benami_siphoning,699,1.2504,26.43,28.55,8.06
company_09041,Ambika Pharma 380 Private Limited,0,0,0,0.3228,None,807,1.3052,2.92,5.13,0.62
company_09042,Karan Chemicals 814 Private Limited,0,0,0,0.2571,None,744,1.654,9.28,3.12,2.2
company_09043,Bharat Textiles 157 LLP,0,0,0,0.301,None,725,1.1055,3.09,3.32,2.08
company_09044,Bharat Retail 312 Partnership Firm,0,0,0,0.166,None,791,1.0604,7.72,7.99,0.82
company_09045,Bhaskar Textiles 938 Private Limited,0,0,0,0.1647,None,722,1.2011,8.75,6.55,1.48
company_09046,Urja Infotech 293 Private Limited,0,0,0,0.3467,None,708,1.7227,4.99,5.01,3.28
company_09047,Ganesh Industries 413 Partnership Firm,1,0,1,0.8476,revenue_inflation,648,1.3209,18.12,32.28,8.43
company_09048,Karan Solutions 512 Partnership Firm,0,0,0,0.187,None,751,1.069,3.25,4.75,1.49
company_09049,Vidya Power 680 LLP,0,0,0,0.2493,None,778,2.1808,3.52,4.51,1.58
company_09050,Bharat Energy 979 LLP,0,0,0,0.3404,None,720,1.5823,2.46,3.24,2.23
company_09051,Zenith Power 415 Private Limited,1,0,1,0.8721,revenue_inflation,669,0.787,31.35,30.47,8.06
company_09052,Infinity Power 826 LLP,0,0,0,0.1318,None,716,1.428,5.84,4.5,1.88
company_09053,Delta Energy 841 LLP,0,0,0,0.2222,None,797,1.9842,4.32,3.45,2.97
company_09054,Infinity Healthcare 548 Partnership Firm,0,1,1,0.4464,revenue_inflation,698,2.0655,4.06,5.31,1.04
company_09055,Hindustan Pharma 123 Private Limited,0,0,0,0.2464,None,740,1.9187,3.93,3.5,2.93
company_09056,Navrachana Logistics 867 LLP,0,1,1,0.7088,revenue_inflation,753,1.4789,4.51,3.79,2.54
company_09057,Zenith Chemicals 291 Partnership Firm,1,0,1,0.8558,revenue_inflation,692,0.9021,33.47,33.63,7.27
company_09058,Apex Healthcare 106 Private Limited,0,0,0,0.0739,None,782,2.3117,4.47,3.74,1.46
company_09059,Ambika Metals 916 LLP,0,0,0,0.2306,None,702,1.217,3.34,2.83,2.03
company_09060,Vidya Pharma 930 LLP,0,0,0,0.1459,None,815,1.1995,11.64,5.08,0.97
company_09061,Hindustan Chemicals 223 Partnership Firm,0,0,0,0.0262,None,733,1.1898,1.89,7.89,1.74
company_09062,Navrachana Chemicals 953 LLP,0,0,0,0.3091,None,753,1.2401,3.09,3.24,2.85
company_09063,Zenith Industries 398 Partnership Firm,0,0,0,0.1981,None,808,1.6206,4.55,4.78,1.42
company_09064,Karan Retail 728 Partnership Firm,0,0,0,0.1121,None,758,1.3781,5.21,3.7,2.48
company_09065,Bharat Pharma 559 Private Limited,0,0,0,0.306,None,786,1.5743,4.13,5.04,2.12
company_09066,Kalyani Energy 917 Partnership Firm,0,0,0,0.0731,None,880,1.8823,2.79,2.91,0.07
company_09067,Kalyani Industries 645 LLP,0,0,0,0.3432,None,793,1.6042,3.07,4.18,2.28
company_09068,Kalyani Builders 163 LLP,0,0,0,0.3156,None,737,0.8057,4.09,3.48,4.97
company_09069,Zenith Energy 798 LLP,0,0,0,0.0919,None,714,1.3626,5.08,4.32,1.89
company_09070,Apex Foods 869 Private Limited,0,0,0,0.2168,None,817,1.3365,1.94,2.65,1.08
company_09071,Shivam Enterprises 773 LLP,0,0,0,0.0581,None,789,1.2378,4.0,3.3,1.42
company_09072,Shivam Textiles 632 Private Limited,0,0,0,0.2885,None,814,0.9632,3.8,5.61,1.36
company_09073,Infinity Automotive 372 Partnership Firm,0,0,0,0.2155,None,764,1.5659,7.67,4.73,2.44
company_09074,Urja Infotech 661 Private Limited,0,0,0,0.3492,None,679,3.0457,4.35,3.86,3.87
company_09075,Ambika Builders 960 LLP,0,0,0,0.0784,None,719,1.6245,8.69,5.32,2.7
company_09076,Ambika Logistics 305 Partnership Firm,0,0,0,0.1599,None,845,1.8873,3.71,5.13,0.0
company_09077,Navrachana Chemicals 135 LLP,0,0,0,0.0212,None,672,2.3962,8.0,3.99,2.88
company_09078,Vidya Foods 861 Partnership Firm,0,0,0,0.2547,None,743,0.5037,3.62,2.3,3.2
company_09079,Vidya Power 869 Private Limited,0,0,0,0.2075,None,715,0.914,4.74,3.88,1.26
company_09080,Surya Solutions 384 Private Limited,1,0,1,0.9894,benami_siphoning,681,1.1959,15.46,32.48,9.06
company_09081,Kalyani Infotech 350 LLP,0,0,0,0.0141,None,781,1.4417,3.16,3.75,0.71
company_09082,Apex Foods 941 Private Limited,1,0,1,0.8984,benami_siphoning,645,1.4119,46.94,30.14,9.8
company_09083,Vanguard Foods 772 Partnership Firm,0,0,0,0.3042,None,766,1.8016,4.89,4.39,1.53
company_09084,Aditya Healthcare 247 Private Limited,0,0,0,0.3242,None,722,1.3184,3.46,3.53,2.86
company_09085,Ambika Chemicals 201 LLP,0,0,0,0.0909,None,758,1.5434,3.73,3.61,4.86
company_09086,Shivam Logistics 193 LLP,0,0,0,0.132,None,706,1.5777,4.07,4.26,2.38
company_09087,Urja Infotech 919 Private Limited,0,0,0,0.2392,None,712,1.6736,3.85,6.3,2.22
company_09088,Aditya Power 333 Private Limited,1,0,1,0.77,revenue_inflation,685,2.1522,29.32,31.81,8.08
company_09089,Sterling Infrastructure 338 Partnership Firm,0,0,0,0.3085,None,710,0.9547,3.58,9.58,3.58
company_09090,Surya Healthcare 790 Partnership Firm,0,0,0,0.1159,None,795,1.2367,4.42,3.48,1.5
company_09091,Shivam Healthcare 353 Partnership Firm,0,0,0,0.0242,None,713,1.7692,3.24,3.26,3.4
company_09092,Infinity Textiles 346 Private Limited,1,0,1,0.816,benami_siphoning,666,1.1198,10.46,20.34,6.6
company_09093,Arogya Power 459 Partnership Firm,1,0,1,0.9553,circular_trading,655,0.8577,57.93,38.16,7.95
company_09094,Aditya Chemicals 520 Private Limited,0,0,0,0.1808,None,746,1.332,2.61,3.17,2.56
company_09095,Ganesh Automotive 245 Private Limited,0,0,0,0.3478,None,821,1.255,4.35,5.72,1.75
company_09096,Matrix Energy 348 Private Limited,0,0,0,0.271,None,746,1.1402,6.48,4.54,5.7
company_09097,Sterling Metals 259 Private Limited,0,0,0,0.0914,None,765,1.8647,3.85,3.61,2.36
company_09098,Urja Renewables 205 LLP,0,0,0,0.2598,None,763,2.1918,3.97,3.12,1.87
company_09099,Tejas Power 570 LLP,0,0,0,0.2182,None,789,0.9261,3.0,2.88,1.52
company_09100,Bhaskar Automotive 408 Private Limited,0,0,0,0.0729,None,735,1.3423,4.85,6.59,3.79
company_09101,Delta Foods 172 Private Limited,0,0,0,0.0747,None,763,1.1121,11.36,4.21,1.23
company_09102,Bhaskar Energy 603 Partnership Firm,0,0,0,0.2794,None,687,1.7725,7.74,3.44,2.74
company_09103,Ganesh Infotech 447 Partnership Firm,0,0,0,0.0999,None,730,1.2014,2.89,5.35,2.72
company_09104,Vanguard Metals 686 Private Limited,0,0,0,0.0477,None,695,1.3509,5.58,4.48,4.81
company_09105,Delta Metals 460 Partnership Firm,0,0,0,0.0285,None,740,1.1521,2.61,2.79,3.23
company_09106,Radhe Industries 906 LLP,0,0,0,0.2132,None,788,1.2817,3.24,4.14,2.28
company_09107,Ganesh Automotive 448 Partnership Firm,0,0,0,0.2777,None,709,1.6116,5.54,4.64,4.2
company_09108,Delta Builders 321 LLP,1,0,1,0.9176,shell_company,559,0.6473,53.5,34.22,10.77
company_09109,Zenith Energy 630 Private Limited,0,0,0,0.2422,None,773,1.4343,6.82,3.23,3.35
company_09110,Karan Automotive 912 Partnership Firm,0,0,0,0.2919,None,834,1.2516,3.26,3.42,1.07
company_09111,Delta Retail 817 LLP,0,0,0,0.322,None,716,1.5359,4.11,4.4,2.56
company_09112,Tejas Renewables 934 Partnership Firm,0,0,0,0.2595,None,800,1.3991,3.34,9.82,3.7
company_09113,Ganesh Foods 771 LLP,0,0,0,0.3016,None,684,1.7817,6.26,3.3,2.42
company_09114,Zenith Textiles 687 Partnership Firm,0,0,0,0.2637,None,703,1.5714,1.38,2.18,2.89
company_09115,Delta Foods 747 LLP,0,0,0,0.2303,None,781,1.4482,5.82,3.82,2.15
company_09116,Hindustan Infrastructure 863 Private Limited,1,0,1,0.8899,benami_siphoning,657,0.8755,47.82,26.64,8.77
company_09117,Bhaskar Solutions 601 Private Limited,0,0,0,0.1773,None,685,1.1407,3.79,3.97,3.57
company_09118,Aditya Renewables 420 Partnership Firm,0,0,0,0.1758,None,745,0.9088,2.2,2.7,4.93
company_09119,Aditya Pharma 507 Partnership Firm,0,0,0,0.2742,None,727,1.1879,1.91,2.01,1.95
company_09120,Radhe Chemicals 583 Partnership Firm,0,0,0,0.3142,None,727,1.4898,4.06,4.39,3.79
company_09121,Karan Automotive 122 Partnership Firm,0,0,0,0.169,None,773,1.5757,6.05,4.0,2.58
company_09122,Radhe Automotive 394 Partnership Firm,1,0,1,0.8876,benami_siphoning,629,1.3623,17.99,23.36,10.68
company_09123,Navrachana Infotech 980 Private Limited,0,0,0,0.3241,None,767,2.1424,5.2,3.97,4.75
company_09124,Bhaskar Renewables 878 LLP,0,0,0,0.1057,None,832,1.5833,3.84,3.4,0.69
company_09125,Kalyani Retail 761 Partnership Firm,0,0,0,0.3054,None,757,1.0593,4.29,4.46,1.95
company_09126,Bhaskar Enterprises 757 Partnership Firm,0,0,0,0.0904,None,729,0.7815,4.61,4.18,3.6
company_09127,Vanguard Chemicals 396 LLP,1,0,1,0.9629,benami_siphoning,652,1.0745,25.74,23.09,7.1
company_09128,Zenith Infrastructure 980 LLP,0,0,0,0.2187,None,780,2.1517,5.71,4.44,1.13
company_09129,Urja Textiles 634 Private Limited,0,0,0,0.1047,None,679,1.3292,3.19,3.99,3.65
company_09130,Vidya Infotech 469 Partnership Firm,1,0,1,0.8565,benami_siphoning,592,1.1365,30.97,39.38,10.2
company_09131,Shivam Infrastructure 802 Private Limited,0,0,0,0.1109,None,737,1.1002,3.51,3.62,3.73
company_09132,Urja Enterprises 490 Private Limited,0,0,0,0.0549,None,714,1.2825,4.08,3.41,3.9
company_09133,Zenith Chemicals 315 LLP,0,0,0,0.098,None,703,1.7166,5.0,4.5,2.36
company_09134,Infinity Automotive 225 Private Limited,0,0,0,0.3229,None,809,1.0582,4.23,2.36,1.22
company_09135,Radhe Solutions 786 Partnership Firm,0,0,0,0.1715,None,807,1.7112,5.22,10.55,2.03
company_09136,Sterling Infotech 475 LLP,0,0,0,0.0932,None,760,1.0657,8.75,3.63,1.53
company_09137,Apex Infrastructure 391 Partnership Firm,0,0,0,0.2141,None,737,1.0075,3.46,3.93,2.54
company_09138,Ganesh Pharma 552 Private Limited,0,0,0,0.0379,None,763,1.0082,5.48,3.29,4.68
company_09139,Tejas Pharma 815 Partnership Firm,0,0,0,0.1195,None,728,1.4198,4.63,2.82,3.43
company_09140,Radhe Metals 959 LLP,1,0,1,0.7007,benami_siphoning,683,1.3489,8.66,15.73,5.52
company_09141,Ambika Enterprises 655 Private Limited,0,0,0,0.0329,None,770,1.866,3.28,3.1,1.78
company_09142,Ambika Foods 280 Partnership Firm,1,0,1,0.5677,circular_trading,724,0.6106,19.14,22.22,5.85
company_09143,Bharat Metals 315 LLP,0,0,0,0.2988,None,752,1.3442,3.33,4.13,2.35
company_09144,Aditya Solutions 899 Partnership Firm,0,0,0,0.3151,None,739,1.7821,2.51,3.15,6.46
company_09145,Radhe Chemicals 337 LLP,0,0,0,0.3342,None,729,1.5503,4.66,5.47,4.98
company_09146,Arogya Infotech 511 Private Limited,0,0,0,0.1135,None,742,1.0249,3.31,3.26,1.71
company_09147,Zenith Enterprises 632 Private Limited,0,0,0,0.2524,None,755,1.4129,9.4,3.36,3.75
company_09148,Zenith Builders 696 Partnership Firm,0,0,0,0.3178,None,763,1.6681,9.85,3.14,2.1
company_09149,Hindustan Power 937 Private Limited,0,0,0,0.2914,None,729,1.2265,5.59,3.99,2.06
company_09150,Zenith Infrastructure 766 LLP,0,0,0,0.2875,None,683,1.1545,3.45,4.3,3.04
company_09151,Navrachana Chemicals 745 Partnership Firm,0,0,0,0.041,None,794,2.3523,10.42,4.28,1.38
company_09152,Hindustan Foods 209 LLP,0,0,0,0.0896,None,752,1.9776,7.23,4.68,2.04
company_09153,Vanguard Energy 964 Partnership Firm,0,0,0,0.162,None,760,2.1049,4.68,4.6,0.78
company_09154,Infinity Pharma 653 LLP,0,0,0,0.3446,None,760,0.7393,6.88,3.57,1.21
company_09155,Surya Pharma 192 LLP,0,0,0,0.1814,None,805,1.7896,11.41,3.26,0.72
company_09156,Urja Pharma 814 LLP,1,0,1,0.9713,evergreening,604,0.7395,50.0,36.27,18.69
company_09157,Vidya Infotech 781 Partnership Firm,0,0,0,0.0292,None,740,2.2679,4.82,5.1,1.97
company_09158,Shivam Textiles 615 Private Limited,0,0,0,0.2335,None,778,2.6201,4.63,4.5,2.96
company_09159,Karan Textiles 599 LLP,0,0,0,0.1079,None,643,1.3711,3.69,3.16,3.74
company_09160,Tejas Energy 633 Private Limited,0,0,0,0.1838,None,768,1.1541,5.69,5.29,1.0
company_09161,Ganesh Power 890 LLP,0,0,0,0.0757,None,785,1.2956,5.63,5.27,2.33
company_09162,Ambika Builders 127 LLP,0,0,0,0.0366,None,817,0.9899,4.76,4.32,3.16
company_09163,Shivam Textiles 576 LLP,1,0,1,0.885,evergreening,609,0.4757,17.26,15.36,15.7
company_09164,Urja Automotive 133 Partnership Firm,0,0,0,0.1638,None,756,1.6172,2.67,2.8,3.61
company_09165,Tejas Chemicals 341 LLP,0,0,0,0.0243,None,764,1.4096,2.52,4.88,1.31
company_09166,Bhaskar Industries 290 Private Limited,0,0,0,0.1146,None,744,1.2987,4.89,8.9,2.69
company_09167,Vidya Solutions 689 Private Limited,1,0,1,0.9677,seasonal_manipulation,659,1.5241,30.43,42.07,8.1
company_09168,Surya Metals 406 Partnership Firm,0,0,0,0.2678,None,796,1.3728,3.9,5.32,2.85
company_09169,Urja Textiles 154 Partnership Firm,0,0,0,0.3045,None,726,1.792,4.65,3.59,2.36
company_09170,Vanguard Energy 994 LLP,0,0,0,0.0667,None,695,1.0986,3.69,4.78,7.71
company_09171,Arogya Healthcare 394 Private Limited,0,0,0,0.0318,None,725,1.1876,3.86,2.18,2.01
company_09172,Karan Builders 935 Private Limited,0,0,0,0.2097,None,775,1.6128,2.57,4.15,3.08
company_09173,Tejas Pharma 724 Partnership Firm,0,0,0,0.0898,None,716,0.7718,9.85,4.9,2.97
company_09174,Urja Metals 681 Partnership Firm,0,0,0,0.0541,None,726,1.0436,4.52,3.99,2.06
company_09175,Aditya Infrastructure 433 LLP,1,0,1,0.8565,revenue_inflation,604,1.4664,42.42,37.56,7.08
company_09176,Zenith Foods 981 Partnership Firm,0,0,0,0.2905,None,739,1.52,2.15,3.1,1.88
company_09177,Vanguard Infrastructure 486 LLP,0,0,0,0.2469,None,772,1.8716,3.09,2.67,7.91
company_09178,Vidya Retail 549 Private Limited,1,0,1,0.959,evergreening,708,0.5924,16.48,14.54,17.62
company_09179,Sterling Chemicals 599 Partnership Firm,0,0,0,0.1063,None,791,1.7533,2.53,3.64,1.25
company_09180,Radhe Builders 978 Partnership Firm,0,0,0,0.2567,None,778,2.2923,3.09,3.34,1.44
company_09181,Ganesh Enterprises 469 Private Limited,1,0,1,0.6406,evergreening,678,0.3772,9.95,12.41,9.18
company_09182,Surya Foods 691 Partnership Firm,0,0,0,0.2386,None,786,1.7287,3.3,2.96,1.82
company_09183,Vanguard Foods 518 Partnership Firm,0,0,0,0.1144,None,770,1.5128,9.65,4.87,2.41
company_09184,Karan Pharma 348 LLP,0,1,1,0.5451,benami_siphoning,761,2.3448,3.17,5.21,1.51
company_09185,Vanguard Foods 352 Partnership Firm,0,0,0,0.136,None,758,1.1567,1.57,3.87,1.4
company_09186,Surya Healthcare 357 LLP,0,0,0,0.0141,None,761,1.1729,3.2,3.57,4.25
company_09187,Kalyani Metals 915 Partnership Firm,0,0,0,0.2947,None,720,1.3819,6.16,2.48,1.88
company_09188,Navrachana Enterprises 795 LLP,0,0,0,0.1003,None,711,1.2622,3.88,3.22,2.1
company_09189,Sterling Builders 890 LLP,0,0,0,0.0557,None,796,1.4024,5.96,3.24,1.27
company_09190,Zenith Chemicals 438 Private Limited,0,0,0,0.0696,None,834,1.6011,18.0,4.1,1.56
company_09191,Vidya Logistics 770 Partnership Firm,0,0,0,0.041,None,686,1.8404,8.11,3.22,3.46
company_09192,Surya Renewables 553 Partnership Firm,0,0,0,0.1654,None,699,1.3541,5.84,3.69,2.99
company_09193,Arogya Logistics 752 Partnership Firm,1,0,1,0.5454,revenue_inflation,665,0.6964,30.96,25.78,5.23
company_09194,Surya Builders 395 Private Limited,0,0,0,0.0799,None,778,1.4778,4.66,4.36,2.2
company_09195,Shivam Foods 319 LLP,0,0,0,0.3325,None,803,0.9911,5.53,3.61,2.42
company_09196,Vanguard Pharma 905 Partnership Firm,0,0,0,0.276,None,766,1.9197,4.59,7.2,2.8
company_09197,Ganesh Builders 291 LLP,0,1,1,0.5282,benami_siphoning,799,1.9186,3.37,4.93,1.63
company_09198,Navrachana Industries 736 Private Limited,0,0,0,0.1258,None,809,1.3555,4.26,2.83,1.9
company_09199,Apex Infrastructure 779 Private Limited,0,0,0,0.1849,None,807,2.1154,4.57,3.94,1.49
company_09200,Ambika Infrastructure 347 LLP,0,0,0,0.3284,None,766,0.9419,3.8,3.84,2.16
company_09201,Ganesh Infotech 873 LLP,0,0,0,0.1792,None,732,0.9384,5.15,4.32,1.96
company_09202,Bhaskar Chemicals 118 Private Limited,0,0,0,0.1555,None,713,1.5689,2.41,3.44,2.51
company_09203,Karan Solutions 187 Partnership Firm,0,0,0,0.0885,None,688,1.6662,3.52,2.57,6.43
company_09204,Infinity Metals 665 Private Limited,0,0,0,0.0235,None,720,1.0656,4.59,4.04,2.07
company_09205,Matrix Industries 738 Private Limited,0,0,0,0.1162,None,692,1.8846,5.49,3.36,2.35
company_09206,Surya Pharma 262 LLP,0,0,0,0.1441,None,848,0.8853,4.35,3.21,1.23
company_09207,Vanguard Solutions 455 Private Limited,0,0,0,0.1887,None,815,1.2589,6.92,3.3,1.96
company_09208,Vanguard Enterprises 906 Private Limited,1,0,1,0.7394,shell_company,627,1.3489,38.68,26.36,4.49
company_09209,Sterling Enterprises 294 Private Limited,1,0,1,0.8453,benami_siphoning,611,0.9023,25.0,25.34,4.73
company_09210,Radhe Chemicals 162 Private Limited,0,0,0,0.1679,None,830,1.844,3.09,8.41,0.81
company_09211,Vanguard Logistics 596 LLP,0,0,0,0.2385,None,783,0.9907,5.67,3.73,1.23
company_09212,Sterling Infotech 526 LLP,0,0,0,0.0453,None,781,2.0861,4.06,5.44,2.85
company_09213,Urja Chemicals 651 LLP,0,0,0,0.1969,None,757,1.4037,11.93,3.65,1.66
company_09214,Kalyani Healthcare 763 LLP,0,0,0,0.2759,None,794,1.0184,3.52,2.97,2.73
company_09215,Apex Infrastructure 795 Private Limited,0,0,0,0.08,None,833,1.7676,3.81,4.24,1.37
company_09216,Tejas Industries 414 LLP,0,0,0,0.2546,None,777,1.5437,3.87,3.78,1.55
company_09217,Arogya Automotive 249 LLP,0,0,0,0.2481,None,724,1.4301,1.33,3.0,4.98
company_09218,Tejas Infotech 363 Partnership Firm,0,0,0,0.0289,None,770,1.0253,6.99,5.68,2.14
company_09219,Infinity Chemicals 924 LLP,0,0,0,0.1566,None,716,1.9287,3.12,3.13,2.17
company_09220,Hindustan Retail 861 LLP,0,0,0,0.3028,None,776,1.387,10.05,3.33,0.34
company_09221,Bhaskar Textiles 825 LLP,1,0,1,0.9392,shell_company,564,0.7309,42.02,35.51,8.82
company_09222,Aditya Builders 187 LLP,0,0,0,0.0865,None,720,1.8163,12.86,7.22,2.65
company_09223,Tejas Retail 782 Partnership Firm,0,0,0,0.1866,None,726,1.7561,3.77,3.12,2.13
company_09224,Shivam Logistics 265 LLP,0,0,0,0.2405,None,755,1.606,7.16,3.66,2.98
company_09225,Arogya Industries 120 Private Limited,0,0,0,0.3403,None,795,1.5216,3.64,5.41,2.05
company_09226,Karan Builders 981 LLP,0,0,0,0.1751,None,735,1.6598,2.02,3.0,4.92
company_09227,Radhe Textiles 206 LLP,0,0,0,0.0666,None,746,1.5174,5.42,4.46,2.38
company_09228,Shivam Automotive 105 Private Limited,0,0,0,0.0138,None,724,1.8831,3.1,5.3,1.84
company_09229,Radhe Builders 908 LLP,0,0,0,0.2694,None,779,1.721,3.32,2.54,1.97
company_09230,Sterling Foods 617 Private Limited,0,0,0,0.3273,None,742,1.8857,5.35,3.87,2.67
company_09231,Hindustan Textiles 845 LLP,0,0,0,0.3337,None,807,1.2713,3.12,7.21,1.25
company_09232,Ambika Logistics 136 Private Limited,0,0,0,0.2059,None,728,1.3022,3.55,4.17,1.92
company_09233,Zenith Industries 674 Private Limited,0,0,0,0.171,None,719,1.6517,3.53,5.5,1.37
company_09234,Kalyani Infrastructure 469 LLP,0,0,0,0.2464,None,739,2.1254,5.27,3.18,2.11
company_09235,Zenith Logistics 927 LLP,1,0,1,0.7997,revenue_inflation,634,1.0053,28.21,33.47,5.35
company_09236,Bhaskar Builders 852 Partnership Firm,0,0,0,0.3145,None,711,1.4012,4.74,4.21,2.69
company_09237,Sterling Chemicals 881 Partnership Firm,0,0,0,0.261,None,768,1.3447,4.04,6.96,2.3
company_09238,Aditya Renewables 743 Private Limited,0,0,0,0.1962,None,799,1.9656,3.83,5.76,1.79
company_09239,Hindustan Automotive 257 Private Limited,0,0,0,0.0535,None,726,1.8811,3.85,5.1,2.0
company_09240,Matrix Healthcare 427 Private Limited,0,0,0,0.2003,None,778,1.0454,5.36,3.87,3.8
company_09241,Shivam Textiles 523 LLP,0,0,0,0.2093,None,761,2.6833,5.88,7.34,2.3
company_09242,Vanguard Textiles 529 Partnership Firm,0,0,0,0.0211,None,720,1.0314,6.49,3.95,3.92
company_09243,Surya Infotech 341 Private Limited,0,0,0,0.2534,None,732,2.2534,2.72,3.74,3.84
company_09244,Tejas Infotech 428 LLP,1,0,1,0.9261,shell_company,523,0.3308,51.25,46.28,4.73
company_09245,Arogya Industries 992 LLP,0,0,0,0.1289,None,715,1.4248,2.63,2.89,9.89
company_09246,Apex Renewables 340 Partnership Firm,0,0,0,0.2715,None,776,1.3401,3.74,15.0,1.9
company_09247,Ambika Logistics 889 Private Limited,0,0,0,0.0459,None,800,1.2599,4.13,3.46,0.92
company_09248,Sterling Automotive 101 LLP,0,0,0,0.083,None,751,1.3723,6.55,3.67,2.34
company_09249,Urja Power 896 LLP,0,0,0,0.0535,None,728,1.2296,7.12,4.96,2.8
company_09250,Hindustan Logistics 353 LLP,0,0,0,0.0688,None,766,1.2962,5.68,5.3,1.43
company_09251,Tejas Infotech 454 LLP,1,0,1,0.9294,circular_trading,694,0.5143,50.49,23.82,8.87
company_09252,Tejas Builders 829 LLP,0,0,0,0.0558,None,800,1.3234,7.03,5.79,0.95
company_09253,Hindustan Infrastructure 540 Private Limited,0,0,0,0.0293,None,774,1.7256,3.53,3.52,1.22
company_09254,Tejas Infrastructure 401 Partnership Firm,0,0,0,0.3301,None,826,0.9377,5.37,6.18,2.43
company_09255,Vidya Textiles 987 Partnership Firm,0,1,1,0.6337,circular_trading,755,1.128,9.03,3.13,2.26
company_09256,Infinity Foods 389 Partnership Firm,0,0,0,0.2677,None,782,1.4641,6.16,3.45,2.28
company_09257,Apex Pharma 475 Partnership Firm,0,0,0,0.0626,None,744,1.989,1.15,2.24,2.66
company_09258,Bhaskar Foods 281 Partnership Firm,0,0,0,0.3265,None,669,1.5311,4.99,3.76,6.6
company_09259,Hindustan Infrastructure 731 Private Limited,0,0,0,0.1441,None,791,1.2671,2.93,3.12,1.8
company_09260,Apex Pharma 306 Partnership Firm,0,0,0,0.1858,None,760,1.0425,5.98,4.27,1.58
company_09261,Zenith Builders 131 Partnership Firm,0,0,0,0.3153,None,730,0.7688,5.34,3.74,1.94
company_09262,Infinity Healthcare 830 Private Limited,0,0,0,0.0324,None,786,1.254,3.75,5.87,0.58
company_09263,Delta Builders 987 Private Limited,0,0,0,0.2993,None,746,1.6614,1.65,3.26,1.95
company_09264,Navrachana Renewables 619 LLP,0,0,0,0.3303,None,759,1.6835,3.69,3.43,2.56
company_09265,Navrachana Enterprises 250 Private Limited,0,0,0,0.0986,None,790,1.8103,4.53,3.31,2.09
company_09266,Kalyani Energy 500 Private Limited,0,0,0,0.2815,None,692,1.3691,4.92,6.49,3.29
company_09267,Radhe Automotive 227 LLP,0,0,0,0.0864,None,688,1.2475,5.17,4.79,2.61
company_09268,Radhe Renewables 226 LLP,0,1,1,0.6192,evergreening,714,1.4377,4.9,5.93,2.6
company_09269,Ganesh Textiles 476 LLP,0,0,0,0.1348,None,754,1.0703,5.0,6.45,2.06
company_09270,Ganesh Textiles 333 LLP,0,0,0,0.2161,None,739,0.8671,3.32,2.94,2.73
company_09271,Zenith Retail 112 LLP,0,0,0,0.0751,None,805,1.0152,2.96,2.98,6.1
company_09272,Tejas Healthcare 867 Private Limited,1,0,1,0.8646,evergreening,673,0.7896,25.3,17.69,21.19
company_09273,Tejas Enterprises 543 LLP,0,0,0,0.0318,None,743,1.4124,1.84,3.06,3.6
company_09274,Kalyani Builders 581 Private Limited,0,0,0,0.0526,None,748,1.5683,3.42,5.7,2.86
company_09275,Radhe Energy 934 Private Limited,0,0,0,0.3474,None,750,2.049,7.74,3.33,2.37
company_09276,Vidya Retail 770 Partnership Firm,0,0,0,0.3016,None,742,1.0144,2.12,2.19,2.08
company_09277,Bharat Chemicals 861 Partnership Firm,0,0,0,0.3466,None,707,1.6977,4.68,6.9,2.57
company_09278,Karan Industries 434 LLP,0,0,0,0.1477,None,742,2.0959,4.35,4.65,1.3
company_09279,Aditya Power 567 Private Limited,1,0,1,0.5484,seasonal_manipulation,619,1.6578,19.63,16.68,10.97
company_09280,Urja Pharma 449 Private Limited,0,0,0,0.1652,None,730,1.0349,5.45,7.01,2.12
company_09281,Shivam Renewables 284 Private Limited,0,0,0,0.2147,None,722,1.9527,4.42,3.94,1.43
company_09282,Sterling Foods 917 Private Limited,0,0,0,0.1985,None,710,1.4615,5.8,4.49,3.27
company_09283,Shivam Infotech 257 Private Limited,0,0,0,0.3188,None,709,1.4925,4.96,4.54,3.85
company_09284,Radhe Chemicals 317 LLP,0,0,0,0.3364,None,749,1.6413,6.59,7.28,4.39
company_09285,Karan Retail 687 Partnership Firm,0,0,0,0.2534,None,783,1.26,3.56,3.75,0.59
company_09286,Delta Builders 252 Private Limited,0,0,0,0.2325,None,732,1.2937,4.53,8.14,2.13
company_09287,Sterling Foods 653 Private Limited,1,0,1,0.6018,revenue_inflation,655,1.2082,33.33,29.58,3.7
company_09288,Bhaskar Automotive 667 Private Limited,0,0,0,0.2009,None,765,1.1916,6.76,5.29,3.05
company_09289,Bhaskar Retail 483 Private Limited,0,0,0,0.2509,None,812,1.1044,4.38,2.6,1.78
company_09290,Arogya Energy 671 Private Limited,0,0,0,0.3493,None,721,0.9568,4.06,3.38,3.06
company_09291,Matrix Logistics 885 Partnership Firm,1,0,1,0.9155,evergreening,595,0.8238,44.27,19.2,25.95
company_09292,Matrix Renewables 436 Private Limited,0,0,0,0.1582,None,760,1.5002,4.08,7.73,4.43
company_09293,Surya Infotech 397 Private Limited,0,0,0,0.3233,None,735,1.0446,3.49,3.23,2.5
company_09294,Sterling Automotive 261 LLP,0,0,0,0.2576,None,738,1.4212,6.03,3.01,1.19
company_09295,Kalyani Healthcare 642 LLP,0,0,0,0.2334,None,770,1.1274,3.96,5.56,5.73
company_09296,Surya Pharma 712 LLP,0,0,0,0.1128,None,724,1.1366,3.61,4.13,1.08
company_09297,Kalyani Automotive 612 Private Limited,0,0,0,0.1734,None,754,1.5862,2.8,3.85,1.93
company_09298,Bhaskar Healthcare 981 Private Limited,0,0,0,0.31,None,745,1.8117,4.74,3.63,2.84
company_09299,Ambika Textiles 288 LLP,1,0,1,0.9719,circular_trading,620,0.5694,24.1,20.91,7.56
company_09300,Surya Power 831 Private Limited,0,0,0,0.1492,None,763,1.205,2.77,2.75,2.46
company_09301,Tejas Infrastructure 681 Private Limited,0,0,0,0.1955,None,719,1.3342,4.2,4.97,1.85
company_09302,Ambika Chemicals 171 Partnership Firm,0,0,0,0.2494,None,674,1.3591,3.15,2.88,4.19
company_09303,Aditya Metals 881 Partnership Firm,1,0,1,0.9874,circular_trading,656,1.2822,33.45,20.84,12.9
company_09304,Aditya Power 172 LLP,0,1,1,0.6147,benami_siphoning,719,1.5586,4.64,3.75,2.49
company_09305,Hindustan Industries 831 Partnership Firm,0,0,0,0.1522,None,668,1.3785,6.85,7.08,3.34
company_09306,Zenith Healthcare 496 Partnership Firm,0,0,0,0.0241,None,794,1.8335,4.84,5.13,1.31
company_09307,Vidya Infotech 905 Private Limited,0,0,0,0.0451,None,726,1.0539,7.06,3.93,3.36
company_09308,Navrachana Renewables 381 Partnership Firm,0,1,1,0.7123,seasonal_manipulation,796,1.5131,3.34,3.3,5.24
company_09309,Delta Industries 510 Private Limited,0,0,0,0.2403,None,711,0.9322,8.81,4.25,2.22
company_09310,Aditya Foods 838 Private Limited,0,0,0,0.2366,None,771,1.4245,4.39,4.5,1.24
company_09311,Zenith Builders 754 LLP,0,0,0,0.1566,None,740,1.1873,2.39,3.58,1.82
company_09312,Urja Builders 739 Private Limited,1,0,1,0.9488,circular_trading,685,0.2745,30.65,18.49,7.3
company_09313,Surya Logistics 861 Partnership Firm,0,0,0,0.0529,None,778,1.7983,3.81,5.48,1.5
company_09314,Infinity Infrastructure 117 Partnership Firm,0,0,0,0.1362,None,812,1.6883,8.13,4.9,1.99
company_09315,Matrix Logistics 600 Partnership Firm,0,0,0,0.1347,None,777,1.0791,2.4,2.94,3.11
company_09316,Matrix Energy 915 Private Limited,0,0,0,0.0374,None,712,0.8622,4.34,3.51,2.4
company_09317,Navrachana Chemicals 134 LLP,0,0,0,0.0503,None,717,2.483,5.15,3.7,2.64
company_09318,Karan Foods 939 Partnership Firm,0,0,0,0.3132,None,691,1.2875,1.9,5.64,2.47
company_09319,Ambika Chemicals 753 Partnership Firm,0,0,0,0.0931,None,768,1.1212,5.47,4.51,1.23
company_09320,Navrachana Solutions 960 LLP,1,0,1,0.5081,circular_trading,662,0.5421,35.25,14.97,5.48
company_09321,Bharat Builders 548 LLP,0,0,0,0.3109,None,763,0.5792,4.92,2.75,1.36
company_09322,Radhe Energy 179 Partnership Firm,0,0,0,0.108,None,811,1.1487,4.89,8.38,0.57
company_09323,Infinity Metals 610 Partnership Firm,0,0,0,0.1992,None,702,1.6912,3.15,3.07,3.74
company_09324,Surya Logistics 246 Private Limited,0,0,0,0.2734,None,717,2.1048,3.0,3.81,2.28
company_09325,Hindustan Textiles 246 Partnership Firm,0,0,0,0.1379,None,762,1.7728,11.35,3.38,2.94
company_09326,Infinity Builders 138 LLP,0,0,0,0.1588,None,736,1.1579,5.09,4.46,2.05
company_09327,Bhaskar Infotech 119 LLP,0,0,0,0.1459,None,688,2.2972,3.74,5.92,5.54
company_09328,Arogya Power 925 Partnership Firm,0,0,0,0.2861,None,772,1.7936,2.98,3.93,0.77
company_09329,Infinity Infrastructure 531 LLP,1,0,1,0.6054,seasonal_manipulation,703,1.0765,16.55,6.79,5.14
company_09330,Kalyani Foods 337 Partnership Firm,1,0,1,0.8921,shell_company,600,2.0028,40.76,38.78,6.8
company_09331,Arogya Renewables 127 Partnership Firm,0,0,0,0.2014,None,781,1.2454,6.52,5.34,1.02
company_09332,Surya Solutions 444 Partnership Firm,0,0,0,0.3155,None,737,1.3331,2.97,3.0,2.64
company_09333,Apex Infrastructure 541 Private Limited,0,0,0,0.0199,None,720,1.8283,4.51,3.67,3.62
company_09334,Ganesh Power 838 LLP,0,0,0,0.1581,None,744,1.5337,5.84,5.79,3.31
company_09335,Bharat Enterprises 622 Private Limited,0,0,0,0.0101,None,771,1.9926,3.26,2.97,4.04
company_09336,Arogya Infotech 339 Partnership Firm,0,0,0,0.0348,None,795,1.6604,3.2,2.87,1.54
company_09337,Ambika Chemicals 943 LLP,1,0,1,0.8817,evergreening,665,0.6858,27.11,26.44,19.65
company_09338,Delta Healthcare 810 LLP,0,0,0,0.0694,None,789,1.359,2.57,2.87,1.4
company_09339,Urja Foods 855 Private Limited,0,0,0,0.0529,None,776,2.7271,4.07,3.37,1.36
company_09340,Ambika Infrastructure 566 Private Limited,1,0,1,0.892,shell_company,557,1.207,33.8,24.94,6.62
company_09341,Karan Infrastructure 198 LLP,1,0,1,0.839,benami_siphoning,665,1.009,8.2,26.38,7.88
company_09342,Tejas Logistics 838 Partnership Firm,0,0,0,0.3368,None,731,0.9664,3.76,7.98,2.25
company_09343,Zenith Foods 257 Private Limited,0,0,0,0.1704,None,710,1.7524,12.05,3.51,2.65
company_09344,Ganesh Foods 685 Partnership Firm,0,0,0,0.1614,None,761,1.6211,4.33,2.81,1.93
company_09345,Aditya Builders 683 Partnership Firm,0,0,0,0.2607,None,775,2.2863,7.11,4.14,1.77
company_09346,Apex Builders 424 Partnership Firm,0,0,0,0.0401,None,774,1.3657,14.37,4.41,1.91
company_09347,Bharat Pharma 979 Private Limited,0,0,0,0.1241,None,797,1.3163,5.53,3.69,2.3
company_09348,Infinity Metals 944 Partnership Firm,0,0,0,0.219,None,776,1.8257,2.91,4.6,2.4
company_09349,Infinity Builders 872 Private Limited,0,0,0,0.1025,None,790,1.4681,4.9,6.08,1.53
company_09350,Ganesh Infotech 375 Partnership Firm,0,0,0,0.2008,None,697,1.2036,4.91,4.91,3.69
company_09351,Zenith Pharma 572 LLP,0,0,0,0.0267,None,740,1.1034,3.3,4.41,2.35
company_09352,Shivam Logistics 785 LLP,0,0,0,0.0385,None,700,0.9629,5.43,8.64,4.03
company_09353,Karan Textiles 462 LLP,0,0,0,0.2527,None,747,1.6968,6.4,2.9,3.49
company_09354,Ambika Solutions 338 Partnership Firm,0,1,1,0.6352,seasonal_manipulation,788,1.8092,5.21,6.63,1.31
company_09355,Matrix Automotive 636 LLP,1,0,1,0.9543,circular_trading,706,1.2841,23.31,12.99,7.52
company_09356,Ganesh Solutions 570 LLP,0,0,0,0.1011,None,776,1.6972,7.72,2.87,1.58
company_09357,Apex Retail 412 Private Limited,0,0,0,0.345,None,755,1.1417,7.14,3.3,4.07
company_09358,Tejas Healthcare 895 Private Limited,0,1,1,0.5653,circular_trading,779,1.711,3.09,5.37,1.5
company_09359,Hindustan Industries 594 Partnership Firm,0,0,0,0.2915,None,736,1.2693,10.02,4.18,2.88
company_09360,Shivam Infotech 289 LLP,0,0,0,0.2672,None,748,1.009,6.33,3.48,3.83
company_09361,Karan Enterprises 999 LLP,0,0,0,0.1835,None,789,1.397,7.38,3.82,2.78
company_09362,Surya Industries 881 Partnership Firm,0,1,1,0.5135,revenue_inflation,684,1.3924,2.74,4.92,2.86
company_09363,Vanguard Metals 507 Partnership Firm,0,0,0,0.1638,None,727,1.6522,12.13,7.43,1.51
company_09364,Hindustan Infotech 483 LLP,0,0,0,0.1735,None,747,1.3385,5.64,4.21,1.99
company_09365,Aditya Metals 990 Partnership Firm,0,0,0,0.1379,None,778,1.445,5.59,4.35,1.51
company_09366,Navrachana Logistics 650 LLP,1,0,1,0.5944,seasonal_manipulation,661,1.7165,16.79,8.84,6.01
company_09367,Shivam Builders 291 Partnership Firm,0,0,0,0.1089,None,793,1.4149,3.42,3.11,1.34
company_09368,Bharat Logistics 645 Partnership Firm,0,0,0,0.3089,None,847,1.3463,2.84,3.11,1.11
company_09369,Ambika Foods 822 Private Limited,0,0,0,0.1192,None,750,2.3898,2.64,5.13,2.0
company_09370,Tejas Industries 339 Partnership Firm,0,0,0,0.1672,None,683,1.444,4.4,2.96,5.53
company_09371,Surya Infotech 222 Private Limited,0,0,0,0.3224,None,652,1.9036,2.18,2.96,2.97
company_09372,Aditya Industries 241 LLP,0,0,0,0.1365,None,847,1.5494,5.26,3.66,0.0
company_09373,Bhaskar Logistics 392 LLP,0,0,0,0.1058,None,712,0.8076,4.8,5.79,2.64
company_09374,Apex Foods 989 Partnership Firm,0,0,0,0.2896,None,788,1.6855,3.17,5.66,1.9
company_09375,Surya Foods 599 LLP,1,0,1,0.9558,shell_company,542,0.7916,44.96,28.08,9.08
company_09376,Shivam Pharma 554 Private Limited,0,0,0,0.0241,None,739,1.4757,4.7,13.28,2.84
company_09377,Apex Renewables 918 Private Limited,0,1,1,0.5401,revenue_inflation,741,1.198,4.42,4.8,4.07
company_09378,Ganesh Enterprises 594 Partnership Firm,0,0,0,0.2933,None,752,1.8001,2.66,2.99,1.43
company_09379,Urja Renewables 293 Partnership Firm,0,0,0,0.3399,None,782,1.5285,3.55,5.73,1.44
company_09380,Urja Power 937 Partnership Firm,0,0,0,0.15,None,755,1.5376,2.47,6.87,2.81
company_09381,Vanguard Energy 757 Partnership Firm,0,0,0,0.2423,None,739,1.5937,3.34,5.11,4.43
company_09382,Ambika Pharma 672 LLP,0,0,0,0.2429,None,708,1.3155,6.42,8.12,2.78
company_09383,Aditya Enterprises 638 Partnership Firm,1,0,1,0.9632,benami_siphoning,611,1.3364,22.94,44.63,7.66
company_09384,Vidya Logistics 800 LLP,1,0,1,0.7531,benami_siphoning,653,1.2158,9.54,25.51,5.62
company_09385,Aditya Infotech 732 LLP,0,1,1,0.6297,seasonal_manipulation,731,1.099,3.72,3.22,5.49
company_09386,Navrachana Retail 714 Private Limited,0,0,0,0.1281,None,774,1.5723,4.14,4.38,2.47
company_09387,Bharat Logistics 820 LLP,0,0,0,0.0113,None,710,1.2188,2.02,2.41,5.73
company_09388,Radhe Infotech 850 Partnership Firm,0,0,0,0.1362,None,718,1.6089,4.11,6.62,3.25
company_09389,Vanguard Logistics 622 Private Limited,0,0,0,0.3316,None,767,1.5719,5.48,7.8,1.3
company_09390,Urja Energy 635 Private Limited,0,0,0,0.2015,None,713,1.5093,7.56,3.93,3.76
company_09391,Surya Foods 357 Partnership Firm,1,0,1,0.5441,circular_trading,738,0.4794,28.02,11.17,6.57
company_09392,Infinity Solutions 843 Private Limited,1,0,1,0.9023,revenue_inflation,626,1.0721,48.89,24.14,12.37
company_09393,Arogya Builders 544 Partnership Firm,0,0,0,0.1406,None,812,1.424,3.77,4.52,0.6
company_09394,Zenith Energy 693 Private Limited,0,0,0,0.1784,None,728,1.0111,3.39,3.66,2.21
company_09395,Hindustan Power 544 Private Limited,0,0,0,0.1454,None,778,1.2642,7.38,4.65,1.01
company_09396,Vanguard Infrastructure 231 LLP,0,0,0,0.2941,None,796,1.6614,2.82,4.74,1.35
company_09397,Hindustan Builders 686 Private Limited,0,0,0,0.1484,None,776,1.3279,2.27,5.29,2.86
company_09398,Karan Solutions 603 LLP,1,0,1,0.6462,revenue_inflation,736,0.8821,33.25,25.07,9.3
company_09399,Ganesh Infotech 205 Private Limited,0,0,0,0.1146,None,683,1.776,4.08,2.86,3.09
company_09400,Zenith Healthcare 875 Private Limited,0,0,0,0.2772,None,760,1.0173,3.81,7.21,1.78
company_09401,Arogya Metals 476 Private Limited,0,0,0,0.3196,None,751,1.2998,6.66,3.77,3.08
company_09402,Delta Pharma 469 Private Limited,0,0,0,0.2231,None,734,1.447,12.33,5.08,2.17
company_09403,Infinity Renewables 579 Private Limited,0,0,0,0.2815,None,683,1.819,2.14,3.0,2.23
company_09404,Aditya Enterprises 134 Partnership Firm,1,0,1,0.8339,evergreening,631,0.3772,9.02,6.98,14.25
company_09405,Shivam Renewables 178 LLP,0,0,0,0.0868,None,739,1.3626,3.01,3.54,5.49
company_09406,Matrix Energy 304 Private Limited,0,0,0,0.0649,None,810,1.0228,4.73,5.47,4.87
company_09407,Hindustan Chemicals 273 Private Limited,0,0,0,0.0943,None,725,0.9316,10.07,3.8,1.48
company_09408,Bhaskar Builders 948 LLP,1,0,1,0.8979,seasonal_manipulation,676,0.6444,25.97,12.48,6.66
company_09409,Radhe Builders 498 Partnership Firm,0,0,0,0.2404,None,746,1.2306,4.65,4.72,3.37
company_09410,Shivam Builders 499 Private Limited,0,0,0,0.2677,None,734,1.0414,3.88,2.31,2.23
company_09411,Hindustan Energy 262 Private Limited,0,1,1,0.7465,benami_siphoning,690,1.218,4.88,3.33,2.2
company_09412,Matrix Pharma 897 Private Limited,0,0,0,0.3309,None,728,1.6192,1.74,2.33,2.66
company_09413,Vidya Power 616 Partnership Firm,0,0,0,0.2171,None,737,1.1259,4.94,7.36,4.01
company_09414,Vidya Textiles 146 Private Limited,0,0,0,0.1939,None,792,1.0405,5.67,3.55,1.5
company_09415,Zenith Enterprises 474 Private Limited,0,0,0,0.0726,None,701,2.2252,8.01,6.85,1.74
company_09416,Hindustan Automotive 209 LLP,0,0,0,0.1394,None,791,1.7296,3.8,4.8,0.61
company_09417,Delta Metals 927 LLP,0,0,0,0.1605,None,748,1.2446,5.08,5.44,3.28
company_09418,Matrix Energy 819 Partnership Firm,0,0,0,0.3079,None,720,0.9844,8.2,4.71,1.74
company_09419,Hindustan Textiles 749 LLP,0,0,0,0.2401,None,727,1.5335,9.49,4.91,2.27
company_09420,Radhe Power 428 Private Limited,0,0,0,0.2729,None,839,1.286,4.01,4.53,0.27
company_09421,Shivam Renewables 354 Partnership Firm,0,1,1,0.7078,seasonal_manipulation,713,1.9614,4.31,3.23,2.7
company_09422,Aditya Logistics 718 LLP,0,0,0,0.207,None,729,1.3444,4.64,4.05,2.23
company_09423,Apex Solutions 457 Partnership Firm,0,0,0,0.3459,None,781,2.1327,3.63,3.32,1.08
company_09424,Sterling Foods 326 LLP,0,0,0,0.2715,None,762,1.8319,4.75,4.12,1.34
company_09425,Surya Pharma 651 Private Limited,0,0,0,0.2748,None,813,2.2825,3.63,4.55,3.16
company_09426,Shivam Energy 989 Partnership Firm,0,0,0,0.0542,None,757,1.2198,5.85,4.3,1.29
company_09427,Shivam Foods 474 Private Limited,0,0,0,0.2641,None,771,1.3599,6.18,5.96,3.98
company_09428,Matrix Infrastructure 563 Partnership Firm,0,0,0,0.222,None,718,1.7248,3.56,3.02,2.4
company_09429,Radhe Energy 389 Private Limited,0,0,0,0.2598,None,724,1.8352,5.72,4.52,2.14
company_09430,Karan Enterprises 916 Partnership Firm,0,0,0,0.1172,None,731,0.9934,4.93,4.4,1.52
company_09431,Hindustan Chemicals 625 Private Limited,0,0,0,0.1277,None,769,1.6089,8.41,5.12,2.53
company_09432,Karan Chemicals 260 LLP,0,0,0,0.3141,None,696,1.3977,1.7,2.22,2.63
company_09433,Ambika Metals 723 LLP,0,0,0,0.2513,None,821,1.3906,1.91,2.94,1.99
company_09434,Ambika Retail 528 LLP,1,0,1,0.924,evergreening,573,0.3267,15.78,24.35,18.13
company_09435,Kalyani Metals 843 Partnership Firm,0,0,0,0.1297,None,786,1.2107,3.97,3.98,2.23
company_09436,Bhaskar Builders 890 LLP,1,0,1,0.9142,revenue_inflation,647,0.8751,37.66,46.19,9.11
company_09437,Navrachana Automotive 589 LLP,0,0,0,0.0718,None,753,1.5762,3.84,3.14,2.69
company_09438,Infinity Pharma 282 LLP,0,0,0,0.3067,None,735,0.9698,8.0,6.39,2.82
company_09439,Aditya Industries 860 Partnership Firm,0,0,0,0.0454,None,864,1.2661,5.02,3.71,1.59
company_09440,Hindustan Healthcare 628 LLP,0,0,0,0.3295,None,740,1.4458,2.84,3.25,2.27
company_09441,Infinity Healthcare 102 LLP,0,0,0,0.0556,None,734,2.4578,4.02,3.34,2.02
company_09442,Aditya Solutions 816 Partnership Firm,1,0,1,0.94,circular_trading,677,0.8747,32.78,18.53,6.83
company_09443,Hindustan Automotive 693 Partnership Firm,0,0,0,0.2374,None,697,1.6145,2.37,3.76,2.31
company_09444,Vidya Solutions 209 Private Limited,0,0,0,0.0332,None,724,1.6171,4.81,3.95,2.66
company_09445,Zenith Industries 749 LLP,0,0,0,0.232,None,761,1.3406,2.55,4.32,1.97
company_09446,Radhe Foods 821 LLP,0,0,0,0.157,None,713,2.1418,4.51,5.97,2.94
company_09447,Karan Infrastructure 522 Partnership Firm,0,0,0,0.1954,None,719,1.1741,3.94,3.95,2.07
company_09448,Vidya Builders 867 LLP,0,0,0,0.2392,None,789,2.2242,1.19,4.23,1.95
company_09449,Sterling Retail 237 Partnership Firm,0,0,0,0.1268,None,741,2.8379,4.7,5.02,6.5
company_09450,Vidya Metals 473 Private Limited,0,0,0,0.1279,None,746,1.7402,3.44,6.85,1.37
company_09451,Vanguard Energy 593 LLP,0,0,0,0.1094,None,765,1.8441,6.0,11.38,5.3
company_09452,Sterling Chemicals 403 Private Limited,0,0,0,0.285,None,806,1.7365,3.11,6.57,0.28
company_09453,Arogya Infotech 606 Private Limited,0,0,0,0.27,None,747,1.4729,3.88,9.22,1.94
company_09454,Ambika Solutions 261 LLP,0,0,0,0.0224,None,724,1.7513,7.11,3.23,2.51
company_09455,Radhe Foods 917 Private Limited,0,0,0,0.0812,None,834,1.1496,3.72,5.13,1.74
company_09456,Kalyani Healthcare 115 Partnership Firm,1,0,1,0.9394,revenue_inflation,645,0.9057,37.11,33.49,10.29
company_09457,Sterling Foods 803 Partnership Firm,0,0,0,0.0606,None,740,0.9763,3.52,3.34,2.3
company_09458,Vanguard Textiles 115 Private Limited,0,0,0,0.2391,None,795,1.4608,6.29,4.56,2.32
company_09459,Radhe Builders 880 Private Limited,0,0,0,0.3334,None,711,1.4982,7.29,5.62,3.67
company_09460,Vanguard Healthcare 569 LLP,0,0,0,0.0589,None,779,1.2628,2.65,2.73,0.87
company_09461,Bharat Infotech 535 Private Limited,0,0,0,0.064,None,742,1.0924,2.65,4.15,2.04
company_09462,Apex Textiles 305 Private Limited,0,0,0,0.082,None,728,1.4527,4.32,3.8,1.47
company_09463,Kalyani Chemicals 645 LLP,0,0,0,0.2903,None,756,1.6607,7.22,3.83,5.26
company_09464,Shivam Metals 978 Partnership Firm,0,0,0,0.162,None,826,1.033,4.01,3.72,0.84
company_09465,Delta Builders 925 Private Limited,0,0,0,0.3407,None,716,1.3346,4.75,3.06,3.93
company_09466,Surya Enterprises 478 Partnership Firm,0,0,0,0.1318,None,716,1.2627,3.89,3.95,1.88
company_09467,Kalyani Foods 731 Private Limited,1,0,1,0.9477,revenue_inflation,646,0.9991,25.99,38.88,14.8
company_09468,Ganesh Industries 497 Partnership Firm,0,0,0,0.1729,None,822,2.6389,4.22,3.93,0.19
company_09469,Zenith Pharma 953 LLP,0,0,0,0.1074,None,702,1.0929,4.64,4.09,1.8
company_09470,Bharat Solutions 618 Private Limited,0,0,0,0.2207,None,742,0.943,5.36,4.02,2.51
company_09471,Matrix Energy 997 Private Limited,1,0,1,0.9702,benami_siphoning,694,0.5404,44.49,28.12,6.94
company_09472,Radhe Infotech 217 Partnership Firm,0,0,0,0.3152,None,728,1.6621,5.51,3.45,1.64
company_09473,Bharat Infotech 668 Private Limited,0,0,0,0.1413,None,648,1.4528,2.87,9.24,6.75
company_09474,Bhaskar Solutions 605 Private Limited,1,0,1,0.8957,revenue_inflation,645,1.2547,30.21,29.05,8.68
company_09475,Aditya Logistics 785 LLP,0,0,0,0.0135,None,732,1.9172,3.68,3.14,4.1
company_09476,Delta Infrastructure 312 Partnership Firm,0,0,0,0.2135,None,793,1.2168,4.19,4.08,1.33
company_09477,Vidya Pharma 539 Partnership Firm,0,0,0,0.2317,None,763,1.0342,3.67,7.22,2.28
company_09478,Vidya Solutions 853 Private Limited,0,0,0,0.1814,None,791,1.9783,4.91,5.59,3.54
company_09479,Shivam Energy 112 LLP,1,0,1,0.9097,shell_company,465,2.3551,49.15,28.35,6.57
company_09480,Hindustan Pharma 871 LLP,1,0,1,0.5782,circular_trading,681,0.5021,26.59,11.26,5.66
company_09481,Urja Foods 773 Partnership Firm,0,0,0,0.0899,None,723,1.1775,1.89,3.07,2.43
company_09482,Tejas Chemicals 175 Private Limited,0,0,0,0.1207,None,725,0.9697,5.26,3.66,3.29
company_09483,Infinity Retail 620 LLP,0,0,0,0.0722,None,727,1.669,3.27,5.6,4.58
company_09484,Vanguard Logistics 882 Private Limited,0,0,0,0.0508,None,759,1.2013,5.83,3.12,3.02
company_09485,Vanguard Logistics 613 Private Limited,0,0,0,0.0654,None,748,2.3783,5.98,9.1,2.06
company_09486,Ambika Pharma 329 Partnership Firm,0,0,0,0.3241,None,735,1.3787,2.19,2.76,1.25
company_09487,Radhe Industries 643 Partnership Firm,0,0,0,0.1119,None,706,1.41,4.84,3.25,3.18
company_09488,Tejas Energy 226 Partnership Firm,1,0,1,0.9093,evergreening,601,0.6876,17.15,16.86,17.1
company_09489,Delta Automotive 740 LLP,0,0,0,0.2019,None,749,0.9375,4.9,3.66,2.05
company_09490,Vidya Power 363 LLP,1,0,1,0.9795,evergreening,629,0.3961,22.51,11.45,18.48
company_09491,Zenith Textiles 128 Partnership Firm,0,0,0,0.1827,None,724,1.2074,2.68,4.46,1.71
company_09492,Delta Textiles 796 LLP,0,0,0,0.2524,None,706,1.4777,3.6,3.71,2.95
company_09493,Bharat Pharma 348 LLP,0,0,0,0.0512,None,764,0.9426,5.15,3.76,3.67
company_09494,Matrix Energy 450 LLP,0,0,0,0.098,None,738,1.6531,3.38,6.47,2.05
company_09495,Navrachana Energy 558 LLP,0,0,0,0.1902,None,744,2.2361,4.46,6.26,2.48
company_09496,Vidya Foods 136 LLP,0,0,0,0.075,None,748,1.4175,2.25,4.44,1.9
company_09497,Surya Enterprises 804 Partnership Firm,0,0,0,0.3145,None,766,1.4264,2.92,2.93,1.67
company_09498,Shivam Chemicals 941 Private Limited,0,0,0,0.297,None,680,1.1136,6.24,5.22,4.5
company_09499,Delta Foods 649 Private Limited,0,0,0,0.1305,None,760,1.7946,5.16,3.03,2.74
company_09500,Kalyani Foods 746 LLP,0,0,0,0.1993,None,783,1.4667,3.74,2.91,1.42
company_09501,Bhaskar Builders 135 LLP,0,0,0,0.1171,None,703,0.1,3.3,5.63,4.05
company_09502,Tejas Infotech 187 Partnership Firm,0,1,1,0.5011,seasonal_manipulation,752,1.4095,4.69,3.1,1.7
company_09503,Shivam Pharma 625 Private Limited,0,0,0,0.2741,None,778,0.6068,5.77,4.56,2.07
company_09504,Shivam Energy 632 LLP,0,0,0,0.0728,None,698,1.5423,4.18,4.31,2.09
company_09505,Ambika Solutions 336 LLP,0,1,1,0.4803,shell_company,686,2.0674,3.2,2.75,3.96
company_09506,Aditya Industries 835 LLP,0,0,0,0.2155,None,737,0.964,3.09,3.93,2.23
company_09507,Matrix Healthcare 112 Private Limited,1,0,1,0.5163,revenue_inflation,687,1.1377,18.33,30.08,5.29
company_09508,Shivam Retail 554 Private Limited,0,0,0,0.1032,None,746,1.3128,3.45,3.94,1.59
company_09509,Vidya Retail 524 Partnership Firm,0,0,0,0.1458,None,791,1.032,5.29,6.66,1.81
company_09510,Surya Retail 530 LLP,0,0,0,0.0243,None,750,1.4592,2.97,3.1,2.28
company_09511,Radhe Solutions 257 LLP,0,0,0,0.2117,None,738,1.6229,4.33,3.63,2.85
company_09512,Surya Infotech 705 LLP,0,0,0,0.0753,None,751,1.2147,5.33,3.41,2.75
company_09513,Bhaskar Industries 299 Private Limited,0,0,0,0.2297,None,813,1.1837,5.51,9.76,0.42
company_09514,Zenith Energy 606 Partnership Firm,1,0,1,0.8629,seasonal_manipulation,583,1.1387,36.33,21.22,8.04
company_09515,Ganesh Renewables 643 Partnership Firm,0,0,0,0.225,None,690,2.9682,8.31,4.14,3.1
company_09516,Navrachana Logistics 734 Partnership Firm,1,0,1,0.8575,revenue_inflation,664,1.0959,28.67,52.13,9.41
company_09517,Ganesh Healthcare 325 Private Limited,0,0,0,0.2569,None,771,1.4735,5.52,3.34,5.7
company_09518,Zenith Industries 486 LLP,0,0,0,0.1461,None,788,1.4345,7.42,6.13,1.65
company_09519,Sterling Infotech 586 Private Limited,0,0,0,0.2198,None,738,1.6887,3.32,3.3,2.08
company_09520,Hindustan Renewables 819 Partnership Firm,0,0,0,0.0644,None,778,1.7676,2.94,2.94,1.2
company_09521,Vanguard Retail 695 Private Limited,0,0,0,0.1697,None,728,1.4305,3.43,4.34,2.62
company_09522,Arogya Metals 738 LLP,0,0,0,0.2742,None,768,1.3286,3.68,4.48,0.89
company_09523,Karan Energy 269 Private Limited,0,0,0,0.2645,None,775,1.1578,8.03,8.28,3.64
company_09524,Infinity Power 567 Partnership Firm,0,0,0,0.3225,None,710,1.6983,4.94,4.5,3.09
company_09525,Matrix Builders 883 Partnership Firm,0,0,0,0.2601,None,828,1.6432,6.57,3.76,1.38
company_09526,Radhe Industries 620 Private Limited,0,0,0,0.3061,None,745,1.0329,5.1,4.2,1.82
company_09527,Vanguard Infrastructure 603 Partnership Firm,0,0,0,0.1069,None,777,1.6457,2.82,2.61,1.44
company_09528,Ganesh Enterprises 638 Private Limited,0,0,0,0.3122,None,717,1.7271,9.1,3.07,2.25
company_09529,Kalyani Renewables 264 Private Limited,0,0,0,0.2903,None,796,0.7768,4.47,4.11,0.75
company_09530,Zenith Enterprises 570 LLP,0,0,0,0.3048,None,781,1.9638,3.77,5.22,2.64
company_09531,Bhaskar Solutions 109 Private Limited,0,0,0,0.3149,None,706,1.6633,9.07,3.95,1.45
company_09532,Surya Pharma 305 Private Limited,0,0,0,0.172,None,767,1.5925,4.42,4.29,1.36
company_09533,Karan Builders 135 Private Limited,0,0,0,0.0359,None,744,1.589,3.67,3.29,1.47
company_09534,Delta Enterprises 528 LLP,0,0,0,0.2089,None,694,1.2448,8.4,3.65,2.99
company_09535,Arogya Pharma 901 Private Limited,0,0,0,0.2329,None,841,1.1738,5.6,6.08,0.72
company_09536,Zenith Healthcare 660 Private Limited,0,1,1,0.7326,evergreening,810,1.7103,2.99,4.2,0.41
company_09537,Karan Energy 874 Private Limited,0,0,0,0.066,None,787,1.8112,3.29,3.47,1.77
company_09538,Sterling Solutions 583 Partnership Firm,0,0,0,0.038,None,777,1.5851,3.05,3.36,0.73
company_09539,Bharat Solutions 938 Private Limited,0,0,0,0.0305,None,760,1.6702,4.37,3.81,4.33
company_09540,Sterling Infotech 339 LLP,0,0,0,0.3173,None,737,2.0129,6.45,4.26,2.57
company_09541,Bharat Power 830 LLP,0,0,0,0.3031,None,777,1.2898,3.21,2.92,2.27
company_09542,Apex Builders 944 Private Limited,0,0,0,0.0748,None,713,2.1716,6.55,2.84,1.93
company_09543,Sterling Textiles 991 Partnership Firm,0,0,0,0.3204,None,696,1.2871,5.33,2.85,2.45
company_09544,Vanguard Chemicals 308 LLP,0,0,0,0.0869,None,754,2.205,1.95,4.22,1.61
company_09545,Hindustan Industries 338 Private Limited,1,0,1,0.5351,evergreening,649,0.5795,11.06,13.26,10.93
company_09546,Delta Infrastructure 525 LLP,0,0,0,0.0632,None,739,1.5114,6.93,8.18,1.12
company_09547,Kalyani Healthcare 428 Private Limited,0,0,0,0.0119,None,717,1.6077,3.11,3.63,1.85
company_09548,Sterling Healthcare 618 LLP,0,0,0,0.1379,None,714,1.5051,2.08,2.2,2.86
company_09549,Bhaskar Pharma 116 LLP,0,0,0,0.0873,None,764,1.247,6.47,3.24,1.43
company_09550,Surya Metals 535 Private Limited,0,0,0,0.2592,None,741,1.3827,3.67,6.33,1.59
company_09551,Hindustan Solutions 786 Private Limited,0,0,0,0.1739,None,736,1.4251,4.13,3.06,2.74
company_09552,Kalyani Industries 464 LLP,0,0,0,0.3244,None,858,1.6576,8.85,4.73,0.15
company_09553,Karan Healthcare 230 Private Limited,1,0,1,0.6762,circular_trading,621,0.962,20.85,9.55,9.67
company_09554,Urja Metals 249 Private Limited,0,0,0,0.2624,None,772,1.8124,4.89,3.36,1.4
company_09555,Vidya Metals 314 Partnership Firm,0,0,0,0.1334,None,784,1.0409,3.67,2.66,1.53
company_09556,Urja Power 148 LLP,0,0,0,0.3117,None,700,1.4673,4.03,3.77,4.05
company_09557,Shivam Logistics 788 Partnership Firm,0,0,0,0.2719,None,686,2.0406,3.3,3.11,3.06
company_09558,Tejas Healthcare 201 Private Limited,0,0,0,0.0346,None,663,1.5266,7.38,5.57,3.6
company_09559,Hindustan Chemicals 900 LLP,0,0,0,0.0537,None,701,1.2629,4.57,5.35,3.59
company_09560,Urja Infotech 259 Partnership Firm,0,0,0,0.1093,None,751,1.4177,4.96,2.99,2.04
company_09561,Zenith Energy 487 Private Limited,0,0,0,0.0926,None,816,1.0805,2.32,3.38,4.57
company_09562,Bharat Enterprises 824 Partnership Firm,0,0,0,0.1833,None,773,1.5204,3.94,3.5,3.42
company_09563,Karan Healthcare 143 Partnership Firm,0,0,0,0.0131,None,693,1.7941,3.05,2.61,2.54
company_09564,Infinity Builders 384 Private Limited,0,0,0,0.3231,None,716,1.8734,2.88,3.45,1.14
company_09565,Radhe Logistics 969 Partnership Firm,1,0,1,0.8176,seasonal_manipulation,713,0.4895,22.17,8.09,5.4
company_09566,Ganesh Power 847 Partnership Firm,0,0,0,0.171,None,745,1.5018,6.81,3.29,2.75
company_09567,Bhaskar Foods 235 Private Limited,0,0,0,0.0286,None,790,1.4741,3.02,3.28,3.91
company_09568,Infinity Textiles 942 LLP,1,0,1,0.8882,revenue_inflation,552,1.4094,27.72,38.58,11.68
company_09569,Bhaskar Textiles 365 Private Limited,0,0,0,0.0232,None,779,1.6211,4.22,4.75,3.21
company_09570,Arogya Chemicals 990 Partnership Firm,0,0,0,0.1009,None,776,1.6832,9.27,3.41,1.63
company_09571,Bhaskar Retail 919 LLP,0,0,0,0.0917,None,771,1.0302,3.21,4.68,2.05
company_09572,Hindustan Solutions 866 LLP,1,0,1,0.8628,revenue_inflation,668,1.9851,35.1,21.8,7.27
company_09573,Urja Metals 684 Private Limited,0,0,0,0.0592,None,803,1.2032,3.63,4.68,1.08
company_09574,Sterling Infrastructure 597 Partnership Firm,1,0,1,0.9245,revenue_inflation,611,1.5592,30.93,33.36,12.81
company_09575,Urja Logistics 655 Partnership Firm,0,0,0,0.1737,None,762,1.5006,7.75,4.12,2.81
company_09576,Kalyani Retail 712 Private Limited,0,0,0,0.1278,None,724,1.4108,5.34,2.95,1.84
company_09577,Arogya Infotech 154 Partnership Firm,0,0,0,0.229,None,765,1.4637,3.71,4.96,2.18
company_09578,Matrix Foods 338 Partnership Firm,1,0,1,0.9332,benami_siphoning,612,1.7111,26.83,31.27,10.98
company_09579,Vidya Healthcare 911 LLP,0,0,0,0.102,None,723,1.8129,7.67,4.1,2.08
company_09580,Ambika Infrastructure 923 Partnership Firm,0,0,0,0.2478,None,699,1.7206,5.41,3.78,3.58
company_09581,Hindustan Industries 979 Partnership Firm,0,0,0,0.1168,None,740,1.5226,5.36,7.47,1.89
company_09582,Vidya Solutions 672 LLP,0,0,0,0.1812,None,796,2.3248,3.64,3.42,1.56
company_09583,Bhaskar Enterprises 871 Partnership Firm,0,0,0,0.2173,None,711,1.2457,4.02,4.38,2.02
company_09584,Kalyani Energy 918 LLP,0,0,0,0.2675,None,772,1.6806,7.22,4.34,3.59
company_09585,Hindustan Foods 312 Private Limited,0,0,0,0.1185,None,780,1.3845,3.07,4.24,2.5
company_09586,Bhaskar Power 694 Partnership Firm,0,0,0,0.1466,None,754,2.0812,4.46,4.22,1.97
company_09587,Bharat Foods 910 Partnership Firm,0,0,0,0.2885,None,701,1.2027,4.69,3.5,3.04
company_09588,Vidya Automotive 475 Private Limited,0,0,0,0.1999,None,676,1.5944,6.93,6.89,2.47
company_09589,Zenith Infotech 294 Partnership Firm,0,0,0,0.0278,None,762,1.7309,2.65,3.34,2.09
company_09590,Vanguard Chemicals 785 Private Limited,0,0,0,0.1015,None,702,1.7294,2.89,6.95,2.05
company_09591,Kalyani Enterprises 261 LLP,0,0,0,0.2681,None,808,1.1663,2.38,3.77,1.36
company_09592,Apex Infotech 554 Private Limited,1,0,1,0.894,revenue_inflation,674,0.5003,43.06,55.37,17.19
company_09593,Vanguard Power 962 LLP,1,0,1,0.8618,revenue_inflation,656,1.2629,34.04,65.29,11.99
company_09594,Ganesh Industries 989 Private Limited,0,0,0,0.0832,None,761,2.015,3.72,6.4,1.85
company_09595,Ambika Textiles 893 Private Limited,0,0,0,0.3378,None,744,1.5063,5.74,5.06,2.81
company_09596,Shivam Power 176 Partnership Firm,0,0,0,0.152,None,743,1.2153,3.94,3.18,4.38
company_09597,Vidya Healthcare 526 Private Limited,0,0,0,0.0345,None,729,1.6668,5.18,5.61,2.23
company_09598,Sterling Renewables 565 LLP,0,0,0,0.3341,None,752,1.2411,5.64,5.03,4.11
company_09599,Sterling Textiles 855 LLP,0,0,0,0.2556,None,766,1.3635,4.81,3.45,2.65
company_09600,Sterling Foods 111 Private Limited,0,0,0,0.2085,None,724,1.5983,5.88,3.27,3.13
company_09601,Navrachana Logistics 544 Partnership Firm,1,0,1,0.8846,seasonal_manipulation,612,0.7155,37.62,13.09,12.32
company_09602,Sterling Solutions 428 LLP,0,0,0,0.2226,None,771,2.4008,2.34,5.44,1.94
company_09603,Vidya Infotech 950 Partnership Firm,0,0,0,0.3333,None,784,1.97,4.52,4.92,1.14
company_09604,Infinity Energy 521 Partnership Firm,0,0,0,0.1029,None,797,1.7405,9.36,4.91,3.78
company_09605,Shivam Infrastructure 970 Partnership Firm,0,0,0,0.1741,None,784,1.4515,5.95,4.88,0.45
company_09606,Ambika Chemicals 622 LLP,0,0,0,0.1734,None,875,1.0307,5.28,4.59,0.76
company_09607,Aditya Foods 120 LLP,0,0,0,0.1497,None,756,1.7019,3.49,2.63,1.64
company_09608,Ganesh Builders 481 Private Limited,0,0,0,0.2544,None,785,0.9583,6.29,5.7,1.28
company_09609,Urja Chemicals 384 LLP,0,0,0,0.3328,None,736,1.7161,3.16,3.45,2.93
company_09610,Bharat Automotive 952 Partnership Firm,0,0,0,0.2997,None,759,1.3125,4.68,4.01,1.96
company_09611,Infinity Solutions 292 Partnership Firm,0,0,0,0.3057,None,780,1.4987,4.74,5.09,1.5
company_09612,Delta Infotech 391 LLP,0,0,0,0.08,None,745,1.2271,2.9,2.81,1.81
company_09613,Vidya Foods 604 Private Limited,0,0,0,0.336,None,647,1.8438,3.93,5.42,5.18
company_09614,Sterling Infrastructure 205 Private Limited,0,0,0,0.2214,None,804,1.1513,2.08,4.0,3.49
company_09615,Aditya Industries 233 Private Limited,0,0,0,0.1806,None,758,1.4231,3.88,6.35,1.49
company_09616,Surya Renewables 971 Partnership Firm,0,0,0,0.2928,None,745,1.7728,4.82,5.39,1.59
company_09617,Shivam Enterprises 390 Private Limited,0,0,0,0.1247,None,790,0.7521,3.38,4.98,1.49
company_09618,Surya Foods 467 LLP,0,0,0,0.1959,None,752,1.1122,3.44,3.06,1.3
company_09619,Infinity Enterprises 876 Private Limited,0,0,0,0.1251,None,767,0.9837,5.86,8.01,2.65
company_09620,Sterling Chemicals 488 Private Limited,0,0,0,0.2402,None,719,1.3965,9.47,3.82,2.71
company_09621,Karan Logistics 657 LLP,0,0,0,0.0443,None,714,1.4654,4.41,3.34,2.26
company_09622,Surya Infotech 831 Partnership Firm,1,0,1,0.7844,revenue_inflation,655,1.3562,24.65,20.62,9.11
company_09623,Tejas Metals 964 Partnership Firm,0,0,0,0.307,None,754,2.1839,3.58,4.83,2.18
company_09624,Ambika Chemicals 788 LLP,0,0,0,0.031,None,719,2.0619,5.68,6.97,1.85
company_09625,Kalyani Chemicals 592 LLP,0,0,0,0.2813,None,682,1.5485,5.66,3.62,2.8
company_09626,Radhe Power 369 LLP,0,0,0,0.0656,None,752,1.6123,4.63,4.31,1.73
company_09627,Navrachana Metals 517 Private Limited,0,0,0,0.1019,None,857,1.2655,3.78,4.09,4.47
company_09628,Radhe Retail 156 LLP,0,0,0,0.2839,None,789,1.1868,1.8,5.84,4.2
company_09629,Bharat Healthcare 810 LLP,0,0,0,0.3184,None,738,1.1318,2.6,4.25,3.21
company_09630,Bhaskar Pharma 614 Private Limited,1,0,1,0.9874,circular_trading,656,0.8684,50.11,14.64,7.29
company_09631,Vanguard Solutions 569 Partnership Firm,1,0,1,0.9274,circular_trading,672,0.5676,35.44,25.68,7.83
company_09632,Surya Infrastructure 395 LLP,0,0,0,0.2897,None,801,1.6506,6.94,4.75,1.11
company_09633,Arogya Enterprises 728 Private Limited,0,0,0,0.262,None,712,0.975,3.45,8.94,2.78
company_09634,Infinity Power 731 Partnership Firm,0,0,0,0.0115,None,797,1.1335,3.97,4.2,1.37
company_09635,Kalyani Automotive 636 LLP,0,0,0,0.1542,None,794,1.2501,5.68,2.67,0.13
company_09636,Tejas Chemicals 874 Partnership Firm,0,1,1,0.567,revenue_inflation,799,1.0547,6.16,5.08,1.56
company_09637,Sterling Chemicals 718 LLP,1,0,1,0.7532,revenue_inflation,683,1.1176,32.68,23.07,5.16
company_09638,Aditya Foods 279 Partnership Firm,0,1,1,0.404,evergreening,685,0.6027,8.82,5.3,3.04
company_09639,Navrachana Automotive 543 Partnership Firm,1,0,1,0.9175,evergreening,718,1.2958,30.34,18.67,15.45
company_09640,Bharat Solutions 858 LLP,0,0,0,0.149,None,745,2.6557,4.48,4.07,3.01
company_09641,Vanguard Textiles 290 Partnership Firm,0,0,0,0.1356,None,668,1.7771,3.11,3.15,3.5
company_09642,Ambika Automotive 463 Partnership Firm,1,0,1,0.5281,benami_siphoning,685,1.4112,23.78,15.66,5.52
company_09643,Ganesh Foods 633 Private Limited,0,0,0,0.0808,None,770,1.8219,5.27,3.93,1.28
company_09644,Ambika Enterprises 641 LLP,0,0,0,0.2874,None,707,1.1456,2.97,2.9,6.65
company_09645,Urja Retail 887 LLP,0,0,0,0.1654,None,752,2.6046,2.86,3.61,2.06
company_09646,Hindustan Energy 655 Private Limited,0,0,0,0.135,None,780,1.3279,3.27,3.31,1.78
company_09647,Shivam Power 876 LLP,0,0,0,0.2926,None,776,2.1129,4.73,4.04,2.9
company_09648,Karan Pharma 699 Private Limited,0,0,0,0.2836,None,738,1.0751,5.39,4.03,1.55
company_09649,Vidya Chemicals 176 LLP,0,0,0,0.1091,None,710,1.2977,3.0,3.66,2.57
company_09650,Infinity Textiles 677 LLP,0,0,0,0.2413,None,769,1.1134,4.31,7.01,2.79
company_09651,Shivam Builders 588 LLP,0,1,1,0.433,benami_siphoning,787,1.1584,4.96,2.9,1.24
company_09652,Delta Solutions 801 Private Limited,1,0,1,0.925,revenue_inflation,662,0.7733,46.27,30.37,6.7
company_09653,Arogya Pharma 522 Private Limited,1,0,1,0.6252,shell_company,489,0.981,51.56,34.93,8.77
company_09654,Karan Enterprises 826 Private Limited,0,0,0,0.3409,None,770,1.0234,3.71,3.4,0.91
company_09655,Aditya Healthcare 993 Partnership Firm,0,0,0,0.0619,None,746,2.4842,4.85,9.48,2.49
company_09656,Karan Chemicals 186 Private Limited,0,0,0,0.2329,None,732,0.674,7.21,3.46,1.25
company_09657,Infinity Logistics 341 Private Limited,0,0,0,0.0496,None,735,2.2964,6.54,4.68,2.13
company_09658,Bhaskar Industries 313 LLP,0,0,0,0.3234,None,719,1.2831,2.21,2.8,1.97
company_09659,Aditya Enterprises 804 Partnership Firm,0,0,0,0.3305,None,733,2.3281,5.73,3.09,3.35
company_09660,Bharat Power 551 Partnership Firm,0,0,0,0.1212,None,767,1.0999,4.03,3.55,3.76
company_09661,Urja Solutions 774 LLP,0,0,0,0.3255,None,748,1.1595,3.82,8.04,1.37
company_09662,Kalyani Metals 238 Private Limited,0,0,0,0.1742,None,739,1.3023,2.32,7.44,1.57
company_09663,Infinity Infrastructure 337 LLP,0,0,0,0.2916,None,697,1.4516,3.56,3.15,2.79
company_09664,Ambika Renewables 149 LLP,0,1,1,0.5923,shell_company,798,1.3323,5.98,3.4,0.32
company_09665,Vanguard Textiles 584 Private Limited,0,0,0,0.3171,None,797,2.0747,4.02,5.12,1.99
company_09666,Ambika Enterprises 612 Private Limited,0,0,0,0.2413,None,766,0.9114,4.38,3.1,2.39
company_09667,Sterling Infrastructure 509 Partnership Firm,0,0,0,0.1542,None,714,1.236,8.54,5.06,5.5
company_09668,Radhe Industries 624 LLP,0,0,0,0.0341,None,759,1.6772,5.43,3.22,2.63
company_09669,Navrachana Renewables 494 Private Limited,0,0,0,0.0938,None,711,1.7302,3.89,4.41,1.94
company_09670,Sterling Enterprises 162 Partnership Firm,0,0,0,0.013,None,726,1.4744,8.97,3.59,4.09
company_09671,Apex Retail 544 Private Limited,0,0,0,0.0257,None,782,1.3744,2.5,4.71,0.48
company_09672,Ganesh Infrastructure 487 Partnership Firm,0,0,0,0.3306,None,744,1.5711,5.43,4.07,1.89
company_09673,Hindustan Pharma 955 LLP,0,0,0,0.32,None,698,1.9887,3.5,3.03,2.73
company_09674,Ganesh Retail 477 Private Limited,1,0,1,0.9016,revenue_inflation,672,0.9451,29.63,31.56,8.61
company_09675,Vidya Power 295 Partnership Firm,0,0,0,0.28,None,723,1.5121,13.32,3.91,3.25
company_09676,Vidya Energy 629 LLP,0,0,0,0.012,None,720,1.9745,11.26,5.96,1.81
company_09677,Zenith Builders 514 Partnership Firm,0,0,0,0.2333,None,757,1.3714,6.05,4.12,3.21
company_09678,Surya Retail 551 Private Limited,1,0,1,0.8764,shell_company,476,1.1493,51.54,46.69,7.32
company_09679,Tejas Power 830 Private Limited,0,0,0,0.2118,None,711,1.7898,3.77,4.54,2.13
company_09680,Zenith Logistics 203 Private Limited,0,0,0,0.0755,None,707,0.9512,2.46,3.72,2.96
company_09681,Radhe Automotive 145 Partnership Firm,0,0,0,0.1239,None,739,1.7195,4.65,3.55,1.99
company_09682,Kalyani Enterprises 262 Partnership Firm,0,0,0,0.0909,None,766,1.5004,10.77,4.8,2.78
company_09683,Bhaskar Metals 182 LLP,0,0,0,0.2207,None,734,1.3945,3.13,5.96,1.61
company_09684,Delta Infrastructure 650 LLP,0,0,0,0.1155,None,804,1.2705,3.31,3.12,3.94
company_09685,Apex Metals 696 Partnership Firm,0,0,0,0.1699,None,802,1.5095,2.16,2.32,1.21
company_09686,Bharat Infrastructure 845 Private Limited,0,0,0,0.2338,None,704,1.3669,1.92,3.76,2.35
company_09687,Radhe Pharma 372 Partnership Firm,0,0,0,0.2542,None,802,1.8323,5.1,3.5,3.29
company_09688,Surya Energy 666 LLP,0,0,0,0.3172,None,720,0.7201,4.47,6.76,3.18
company_09689,Radhe Textiles 640 Partnership Firm,0,0,0,0.2976,None,725,1.6317,8.88,5.7,2.58
company_09690,Hindustan Automotive 498 Private Limited,0,0,0,0.1144,None,706,1.0612,3.77,7.17,4.68
company_09691,Infinity Enterprises 174 LLP,0,0,0,0.0335,None,842,1.8668,3.73,4.52,2.13
company_09692,Delta Infrastructure 984 Partnership Firm,0,0,0,0.3217,None,710,1.5663,5.93,5.43,4.47
company_09693,Radhe Healthcare 989 Private Limited,0,0,0,0.2326,None,713,1.8678,7.78,7.44,5.86
company_09694,Surya Logistics 919 LLP,1,0,1,0.9787,shell_company,640,1.0529,52.53,30.09,6.76
company_09695,Ganesh Pharma 632 Partnership Firm,0,0,0,0.2871,None,698,1.2319,4.94,2.91,2.11
company_09696,Zenith Metals 768 Private Limited,0,0,0,0.0336,None,739,1.2155,4.19,3.82,2.46
company_09697,Zenith Renewables 725 Private Limited,0,0,0,0.1617,None,713,1.7185,3.15,3.5,1.51
company_09698,Zenith Automotive 995 Partnership Firm,1,0,1,0.8684,revenue_inflation,673,1.2746,41.11,43.37,7.12
company_09699,Kalyani Logistics 301 Private Limited,0,0,0,0.2103,None,711,1.7878,4.93,4.3,2.96
company_09700,Zenith Industries 515 Partnership Firm,0,0,0,0.2829,None,747,2.5951,3.07,4.05,1.42
company_09701,Navrachana Builders 795 Private Limited,0,0,0,0.318,None,730,1.8376,7.06,3.53,2.15
company_09702,Matrix Infotech 619 LLP,0,0,0,0.31,None,743,1.3565,7.97,4.31,3.24
company_09703,Vidya Metals 875 Private Limited,1,0,1,0.8802,evergreening,677,1.3703,22.24,40.33,11.37
company_09704,Zenith Pharma 598 LLP,0,0,0,0.2751,None,770,1.3153,4.85,5.97,3.15
company_09705,Karan Chemicals 268 Partnership Firm,0,0,0,0.3313,None,737,1.3658,4.65,5.47,3.16
company_09706,Hindustan Enterprises 664 LLP,0,0,0,0.299,None,717,1.3649,1.58,3.51,3.38
company_09707,Ganesh Solutions 872 LLP,0,0,0,0.0818,None,791,2.313,5.21,4.5,1.15
company_09708,Infinity Energy 562 Partnership Firm,0,0,0,0.2973,None,731,2.2584,3.59,5.56,1.76
company_09709,Arogya Infotech 348 LLP,0,0,0,0.1771,None,793,1.3134,6.42,4.11,2.08
company_09710,Matrix Energy 639 Private Limited,1,0,1,0.8863,revenue_inflation,714,1.1104,33.88,33.94,4.97
company_09711,Matrix Automotive 227 LLP,0,0,0,0.1046,None,793,1.2885,2.79,3.62,6.37
company_09712,Ganesh Enterprises 408 Partnership Firm,0,0,0,0.055,None,767,1.6113,5.5,2.99,1.47
company_09713,Karan Automotive 390 LLP,0,0,0,0.1662,None,737,1.3244,2.98,4.35,2.74
company_09714,Tejas Enterprises 447 Partnership Firm,0,0,0,0.1037,None,710,1.0762,2.59,3.35,1.77
company_09715,Vidya Energy 358 Partnership Firm,0,0,0,0.2996,None,763,1.5959,4.22,7.12,1.46
company_09716,Matrix Industries 944 Private Limited,0,1,1,0.7382,seasonal_manipulation,732,1.4521,5.49,7.12,2.24
company_09717,Shivam Foods 104 Partnership Firm,1,0,1,0.9842,evergreening,732,1.2739,32.63,19.63,22.31
company_09718,Ambika Metals 580 Partnership Firm,0,0,0,0.0121,None,716,1.4846,8.91,3.16,1.96
company_09719,Ambika Power 244 Private Limited,0,0,0,0.0316,None,745,2.0959,10.64,10.91,1.1
company_09720,Matrix Foods 500 Partnership Firm,1,0,1,0.5161,evergreening,653,1.5891,11.42,7.6,18.92
company_09721,Karan Logistics 228 Partnership Firm,0,0,0,0.1045,None,722,1.7185,3.35,4.28,2.41
company_09722,Matrix Energy 846 Partnership Firm,0,0,0,0.0409,None,654,1.7739,2.62,3.38,4.15
company_09723,Bhaskar Textiles 602 Partnership Firm,1,0,1,0.8849,revenue_inflation,583,1.1829,29.31,22.71,17.82
company_09724,Ambika Enterprises 880 Partnership Firm,0,0,0,0.2126,None,759,0.8494,3.32,5.74,1.31
company_09725,Matrix Automotive 486 Partnership Firm,0,0,0,0.144,None,774,0.3597,6.88,2.58,1.58
company_09726,Ganesh Chemicals 844 Partnership Firm,0,0,0,0.3396,None,746,1.0263,3.22,4.56,2.41
company_09727,Karan Builders 722 Private Limited,1,0,1,0.6627,revenue_inflation,638,0.5024,39.66,27.84,7.84
company_09728,Zenith Renewables 821 LLP,0,0,0,0.1905,None,747,1.2952,5.68,4.65,3.57
company_09729,Bhaskar Automotive 653 Partnership Firm,0,0,0,0.2697,None,752,1.3621,4.4,4.8,1.51
company_09730,Delta Renewables 248 Private Limited,0,0,0,0.3134,None,758,1.0262,3.84,3.52,3.17
company_09731,Zenith Logistics 865 LLP,0,1,1,0.7128,circular_trading,724,1.614,3.73,3.94,2.95
company_09732,Kalyani Retail 646 LLP,0,0,0,0.1602,None,770,1.5145,3.67,3.48,3.54
company_09733,Aditya Infotech 395 LLP,0,0,0,0.3008,None,792,1.8916,5.28,5.12,2.89
company_09734,Tejas Textiles 242 LLP,1,0,1,0.5845,evergreening,630,1.4964,9.7,10.62,10.54
company_09735,Ambika Metals 390 Private Limited,0,0,0,0.1063,None,759,1.1598,6.97,3.92,1.36
company_09736,Zenith Healthcare 118 LLP,0,0,0,0.0431,None,729,1.3738,5.02,3.27,2.28
company_09737,Matrix Renewables 591 LLP,0,0,0,0.0167,None,757,1.3401,4.47,7.26,1.58
company_09738,Aditya Energy 865 LLP,0,0,0,0.1904,None,811,1.563,3.49,3.68,1.04
company_09739,Shivam Renewables 361 LLP,0,0,0,0.3248,None,775,2.3734,4.91,2.67,1.64
company_09740,Sterling Logistics 335 LLP,0,0,0,0.1206,None,761,2.115,6.54,3.1,2.74
company_09741,Tejas Chemicals 992 Private Limited,0,0,0,0.2232,None,772,1.7189,10.01,3.99,1.69
company_09742,Kalyani Industries 627 Private Limited,0,0,0,0.0194,None,736,1.0759,4.65,3.4,0.75
company_09743,Vanguard Metals 586 Partnership Firm,0,0,0,0.31,None,712,1.5303,3.85,4.53,3.62
company_09744,Matrix Retail 791 Private Limited,0,0,0,0.1891,None,799,1.6347,7.14,2.39,1.69
company_09745,Radhe Infrastructure 519 Private Limited,0,0,0,0.1031,None,779,1.5033,2.39,4.37,2.06
company_09746,Apex Energy 847 LLP,0,0,0,0.3033,None,718,1.3089,3.21,2.87,2.09
company_09747,Infinity Enterprises 116 Partnership Firm,1,0,1,0.9374,shell_company,588,0.5191,51.32,66.05,10.43
company_09748,Bhaskar Renewables 312 LLP,1,0,1,0.8738,evergreening,666,0.4422,27.27,11.93,11.69
company_09749,Zenith Retail 367 LLP,0,0,0,0.0993,None,765,0.9899,7.37,4.94,1.37
company_09750,Navrachana Textiles 277 LLP,0,0,0,0.0992,None,722,1.3174,4.01,4.58,2.56
company_09751,Radhe Automotive 976 Partnership Firm,0,0,0,0.2954,None,695,1.5745,6.23,5.88,2.34
company_09752,Vanguard Power 928 LLP,0,0,0,0.2044,None,695,1.4656,3.04,3.33,1.95
company_09753,Bhaskar Textiles 906 LLP,0,0,0,0.1062,None,786,1.3342,3.06,2.63,1.65
company_09754,Hindustan Automotive 648 LLP,0,0,0,0.0243,None,699,1.8555,2.53,8.4,1.34
company_09755,Urja Chemicals 467 LLP,0,0,0,0.3481,None,768,1.3234,3.28,5.77,1.8
company_09756,Hindustan Metals 895 Private Limited,0,0,0,0.2331,None,693,1.2713,3.21,5.35,1.89
company_09757,Delta Industries 730 Partnership Firm,0,0,0,0.3292,None,752,1.3537,2.21,5.69,3.22
company_09758,Surya Foods 485 Partnership Firm,0,0,0,0.1827,None,688,1.5358,3.48,4.35,2.66
company_09759,Navrachana Energy 179 Private Limited,0,0,0,0.3035,None,743,2.0004,3.91,2.83,4.62
company_09760,Surya Healthcare 569 Private Limited,1,0,1,0.9165,evergreening,699,0.7229,29.8,11.14,12.86
company_09761,Ganesh Industries 807 LLP,0,0,0,0.3211,None,718,0.9467,3.39,2.91,2.62
company_09762,Ganesh Healthcare 972 Partnership Firm,0,0,0,0.3383,None,843,1.237,7.25,3.7,0.72
company_09763,Bharat Solutions 259 LLP,0,0,0,0.0914,None,706,1.93,2.43,3.05,2.32
company_09764,Arogya Power 380 LLP,0,0,0,0.282,None,681,2.3287,5.42,4.59,3.16
company_09765,Hindustan Textiles 769 LLP,0,0,0,0.2266,None,785,2.1228,3.43,7.19,1.58
company_09766,Vanguard Foods 638 Private Limited,1,0,1,0.9037,revenue_inflation,688,1.4665,27.73,20.41,6.4
company_09767,Delta Renewables 349 Partnership Firm,0,0,0,0.0816,None,775,1.4851,6.69,4.06,1.47
company_09768,Bharat Enterprises 312 Private Limited,0,0,0,0.1934,None,734,1.7557,10.68,5.13,6.51
company_09769,Delta Infotech 476 Partnership Firm,0,0,0,0.0811,None,799,1.2583,2.99,7.06,1.37
company_09770,Tejas Automotive 490 LLP,0,0,0,0.2547,None,732,0.9889,2.28,4.75,1.48
company_09771,Infinity Renewables 869 LLP,0,0,0,0.1366,None,715,1.2854,2.52,2.63,2.6
company_09772,Delta Infrastructure 482 Private Limited,0,0,0,0.1373,None,685,1.2317,5.18,6.19,2.86
company_09773,Tejas Textiles 908 Partnership Firm,0,0,0,0.3462,None,783,1.3164,5.39,3.72,2.28
company_09774,Delta Infotech 382 Partnership Firm,0,0,0,0.0956,None,744,1.2067,5.59,3.26,2.37
company_09775,Infinity Metals 558 Partnership Firm,0,0,0,0.2247,None,774,1.681,3.89,4.54,1.21
company_09776,Hindustan Infrastructure 760 Private Limited,0,0,0,0.1258,None,680,1.3915,4.64,4.35,2.38
company_09777,Bharat Builders 690 LLP,0,1,1,0.7028,circular_trading,787,1.0878,3.17,4.16,2.97
company_09778,Navrachana Logistics 356 Private Limited,0,0,0,0.3414,None,752,1.0672,5.71,5.34,2.79
company_09779,Ganesh Automotive 385 Partnership Firm,0,0,0,0.2522,None,687,1.666,3.38,6.52,3.86
company_09780,Radhe Healthcare 562 Partnership Firm,0,0,0,0.2096,None,786,1.3592,3.21,3.72,2.45
company_09781,Sterling Renewables 537 LLP,0,0,0,0.1692,None,794,1.6343,5.56,6.0,1.34
company_09782,Karan Infotech 597 Private Limited,0,1,1,0.5928,circular_trading,672,1.769,3.18,4.26,3.3
company_09783,Aditya Solutions 951 Partnership Firm,0,0,0,0.1301,None,781,1.4294,3.21,2.94,0.92
company_09784,Bhaskar Pharma 793 Private Limited,0,0,0,0.3223,None,752,1.6427,2.05,3.56,1.89
company_09785,Karan Foods 150 Partnership Firm,1,0,1,0.8781,shell_company,627,0.6549,52.38,23.95,11.49
company_09786,Ambika Chemicals 313 Partnership Firm,0,0,0,0.0436,None,690,1.2361,3.86,3.68,2.35
company_09787,Kalyani Renewables 699 Partnership Firm,1,0,1,0.8204,shell_company,558,0.5612,48.29,33.57,5.79
company_09788,Bharat Infrastructure 134 Partnership Firm,0,0,0,0.1221,None,774,1.9468,4.99,6.98,0.8
company_09789,Matrix Energy 343 Partnership Firm,0,0,0,0.3386,None,698,1.2516,4.58,2.64,4.6
company_09790,Karan Infotech 599 Private Limited,0,0,0,0.0192,None,678,1.9299,6.73,5.75,3.28
company_09791,Navrachana Infotech 171 Private Limited,0,0,0,0.3194,None,721,1.1148,5.21,3.74,3.59
company_09792,Ganesh Renewables 144 Private Limited,0,0,0,0.1041,None,808,1.4263,5.48,3.31,0.62
company_09793,Tejas Industries 314 Partnership Firm,0,0,0,0.1967,None,763,1.4149,5.29,6.87,1.49
company_09794,Ambika Enterprises 595 Partnership Firm,0,0,0,0.341,None,837,1.0381,5.27,4.7,1.32
company_09795,Sterling Healthcare 582 LLP,1,0,1,0.9625,benami_siphoning,667,0.9456,15.69,23.42,10.11
company_09796,Kalyani Power 401 LLP,0,0,0,0.0996,None,792,1.3784,8.55,3.68,2.37
company_09797,Tejas Industries 149 LLP,0,0,0,0.171,None,756,1.9798,4.58,3.6,2.2
company_09798,Vanguard Renewables 904 Private Limited,1,0,1,0.6015,revenue_inflation,590,0.5416,28.83,43.22,5.48
company_09799,Arogya Power 865 Private Limited,0,1,1,0.4274,revenue_inflation,749,1.2,3.36,4.03,2.21
company_09800,Bharat Metals 251 Partnership Firm,0,0,0,0.1169,None,782,1.1924,9.78,7.08,1.5
company_09801,Shivam Renewables 349 Partnership Firm,0,0,0,0.2621,None,674,1.3676,4.67,4.03,4.9
company_09802,Shivam Pharma 901 Private Limited,0,1,1,0.6864,revenue_inflation,738,1.4447,2.71,4.92,2.1
company_09803,Shivam Renewables 111 LLP,0,0,0,0.3205,None,691,2.2103,2.65,3.84,2.95
company_09804,Delta Renewables 105 LLP,0,0,0,0.0406,None,695,2.1547,7.47,3.12,3.82
company_09805,Karan Chemicals 760 LLP,0,0,0,0.1792,None,786,1.7914,9.53,4.99,1.82
company_09806,Apex Textiles 697 LLP,0,0,0,0.1997,None,777,1.1484,3.02,4.18,1.2
company_09807,Delta Foods 249 Partnership Firm,0,0,0,0.2436,None,733,1.1044,4.04,3.17,3.54
company_09808,Shivam Infotech 270 Private Limited,0,0,0,0.0904,None,777,1.0278,7.28,4.53,1.0
company_09809,Urja Enterprises 983 Partnership Firm,0,0,0,0.0653,None,728,1.3685,7.93,5.0,2.18
company_09810,Apex Energy 479 LLP,0,0,0,0.0859,None,628,1.4275,4.46,5.37,4.16
company_09811,Arogya Builders 900 LLP,0,0,0,0.2077,None,782,1.4258,2.76,6.14,2.13
company_09812,Ganesh Infrastructure 984 Partnership Firm,0,0,0,0.1805,None,728,1.6526,7.19,3.53,2.53
company_09813,Ganesh Enterprises 871 LLP,0,1,1,0.4297,revenue_inflation,731,1.798,4.62,7.65,4.54
company_09814,Ambika Healthcare 212 Partnership Firm,1,0,1,0.897,benami_siphoning,658,1.1313,25.28,28.38,7.26
company_09815,Vidya Renewables 831 Partnership Firm,0,0,0,0.2265,None,720,1.0538,8.27,4.53,4.52
company_09816,Arogya Industries 784 Private Limited,0,0,0,0.3373,None,747,1.5501,6.61,3.5,2.74
company_09817,Matrix Energy 945 LLP,0,0,0,0.2513,None,776,1.5145,3.09,4.31,1.68
company_09818,Vidya Power 188 Private Limited,0,0,0,0.2661,None,749,0.9143,3.27,5.49,2.54
company_09819,Navrachana Metals 661 LLP,0,0,0,0.3129,None,742,1.9012,3.93,3.82,2.49
company_09820,Delta Builders 344 LLP,0,0,0,0.27,None,749,1.1564,5.72,4.01,0.74
company_09821,Urja Foods 563 Partnership Firm,0,0,0,0.0252,None,769,1.4749,5.52,4.39,1.36
company_09822,Bhaskar Industries 586 Private Limited,0,0,0,0.1369,None,765,1.9891,6.13,2.94,3.61
company_09823,Radhe Builders 707 Partnership Firm,0,0,0,0.0773,None,760,1.3674,4.1,5.05,1.48
company_09824,Vidya Renewables 295 LLP,1,0,1,0.9879,revenue_inflation,706,0.5585,34.15,37.83,9.45
company_09825,Matrix Energy 628 LLP,1,0,1,0.7138,shell_company,494,0.1,40.45,22.62,5.38
company_09826,Delta Renewables 543 Private Limited,0,0,0,0.0854,None,743,1.7715,3.04,3.45,2.14
company_09827,Hindustan Logistics 406 Private Limited,1,0,1,0.5474,benami_siphoning,654,0.7423,15.62,25.7,6.18
company_09828,Surya Pharma 149 LLP,0,0,0,0.2689,None,748,1.3252,6.17,4.75,2.56
company_09829,Ambika Enterprises 353 Private Limited,1,0,1,0.7074,benami_siphoning,624,1.826,10.84,37.72,4.23
company_09830,Tejas Industries 662 LLP,0,0,0,0.2951,None,654,1.5493,4.31,3.04,4.97
company_09831,Vidya Retail 392 Partnership Firm,0,0,0,0.2126,None,747,1.6203,4.62,6.8,2.01
company_09832,Zenith Foods 510 Private Limited,0,0,0,0.284,None,717,1.7161,2.45,2.27,2.03
company_09833,Bharat Metals 765 LLP,0,0,0,0.168,None,778,1.3179,5.68,6.16,2.69
company_09834,Navrachana Pharma 655 Private Limited,0,0,0,0.1135,None,820,1.5751,3.8,3.21,2.11
company_09835,Sterling Foods 825 Partnership Firm,0,0,0,0.028,None,791,1.1564,3.08,3.39,2.29
company_09836,Aditya Logistics 129 LLP,0,0,0,0.3096,None,761,1.2668,6.31,7.06,1.54
company_09837,Urja Retail 463 Private Limited,1,0,1,0.9853,shell_company,568,1.5825,39.58,30.78,9.55
company_09838,Infinity Industries 717 Private Limited,0,0,0,0.1997,None,697,1.2854,4.94,5.19,3.16
company_09839,Bhaskar Retail 225 LLP,1,0,1,0.9492,revenue_inflation,663,0.8389,40.6,34.98,8.07
company_09840,Karan Pharma 557 Partnership Firm,0,0,0,0.0698,None,732,1.3209,4.69,4.15,1.91
company_09841,Vanguard Power 477 Partnership Firm,0,0,0,0.2809,None,691,0.9851,3.89,4.92,3.42
company_09842,Ganesh Textiles 393 LLP,0,0,0,0.2616,None,769,1.4566,1.76,3.07,0.9
company_09843,Kalyani Infotech 188 LLP,0,0,0,0.2848,None,767,2.3941,2.63,6.9,5.29
company_09844,Bharat Energy 846 LLP,0,0,0,0.1917,None,773,0.8599,4.39,3.22,0.94
company_09845,Ambika Healthcare 776 Private Limited,0,0,0,0.1302,None,744,1.3715,5.37,3.75,3.51
company_09846,Urja Healthcare 330 Partnership Firm,0,0,0,0.1086,None,701,1.4866,5.15,4.72,3.22
company_09847,Bharat Chemicals 598 Private Limited,0,1,1,0.4255,benami_siphoning,784,1.2261,1.6,9.26,1.86
company_09848,Ganesh Renewables 204 Private Limited,0,0,0,0.1167,None,779,1.3939,3.9,3.85,1.04
company_09849,Kalyani Energy 475 Private Limited,0,0,0,0.3357,None,748,1.4589,2.44,5.12,2.07
company_09850,Vidya Chemicals 871 LLP,0,0,0,0.1073,None,769,1.0596,3.33,4.72,2.12
company_09851,Sterling Chemicals 940 LLP,0,0,0,0.3208,None,725,1.5898,4.77,6.14,2.34
company_09852,Delta Infrastructure 806 Partnership Firm,0,0,0,0.173,None,720,1.2795,2.51,2.95,1.77
company_09853,Delta Infrastructure 453 LLP,0,0,0,0.18,None,797,1.5195,3.0,4.05,0.66
company_09854,Ambika Infrastructure 575 Partnership Firm,1,0,1,0.9068,seasonal_manipulation,616,0.75,27.68,18.88,15.18
company_09855,Kalyani Metals 594 Partnership Firm,0,0,0,0.0198,None,739,1.5646,5.22,3.63,2.21
company_09856,Hindustan Infrastructure 262 Partnership Firm,0,0,0,0.1512,None,778,1.4789,4.81,3.71,0.9
company_09857,Karan Logistics 831 Private Limited,0,0,0,0.0117,None,733,2.0493,1.15,6.39,2.73
company_09858,Urja Healthcare 879 Private Limited,1,0,1,0.9512,benami_siphoning,692,1.1474,19.68,30.98,6.68
company_09859,Radhe Solutions 152 Partnership Firm,0,0,0,0.2433,None,721,1.1079,2.72,5.27,3.08
company_09860,Radhe Foods 816 Partnership Firm,0,0,0,0.0355,None,739,1.2595,2.76,4.35,2.53
company_09861,Infinity Foods 847 Private Limited,0,0,0,0.0726,None,744,0.7415,5.45,5.57,1.62
company_09862,Matrix Infotech 629 Partnership Firm,0,0,0,0.3021,None,734,1.9076,5.68,2.98,2.15
company_09863,Hindustan Logistics 163 LLP,1,0,1,0.941,seasonal_manipulation,660,1.1562,45.24,13.05,13.18
company_09864,Ganesh Foods 368 Private Limited,0,0,0,0.2813,None,785,1.6669,1.87,3.99,1.68
company_09865,Apex Healthcare 363 Partnership Firm,0,0,0,0.3383,None,676,1.3575,6.3,5.57,3.25
company_09866,Ganesh Pharma 232 Private Limited,0,0,0,0.1,None,688,1.1558,5.44,5.2,1.93
company_09867,Zenith Logistics 839 Partnership Firm,0,0,0,0.0977,None,746,1.2241,8.4,4.23,2.11
company_09868,Surya Energy 903 Private Limited,0,0,0,0.1518,None,736,1.2644,2.87,4.57,2.93
company_09869,Aditya Builders 315 Partnership Firm,0,0,0,0.0448,None,814,1.5964,5.35,3.06,0.52
company_09870,Apex Textiles 590 Partnership Firm,1,0,1,0.9428,circular_trading,671,0.6426,29.56,52.11,7.96
company_09871,Kalyani Infotech 470 LLP,0,0,0,0.2234,None,738,1.0241,2.69,3.26,3.83
company_09872,Shivam Energy 995 Private Limited,0,0,0,0.296,None,727,1.1002,5.37,5.93,6.54
company_09873,Ambika Enterprises 837 Partnership Firm,0,0,0,0.3056,None,743,1.1518,5.14,4.5,2.39
company_09874,Sterling Builders 566 Private Limited,0,1,1,0.6319,shell_company,737,1.3108,3.63,2.95,3.63
company_09875,Karan Pharma 109 LLP,0,0,0,0.1309,None,830,1.3639,3.78,4.89,2.23
company_09876,Shivam Automotive 197 Private Limited,0,0,0,0.1848,None,781,1.453,5.83,3.6,1.55
company_09877,Kalyani Solutions 918 Partnership Firm,0,0,0,0.2533,None,729,0.8934,5.49,2.93,2.35
company_09878,Delta Chemicals 554 Partnership Firm,0,0,0,0.3281,None,737,0.9284,4.51,4.58,1.88
company_09879,Shivam Foods 426 Partnership Firm,0,0,0,0.0148,None,780,2.1087,2.14,4.59,3.16
company_09880,Zenith Infrastructure 149 Private Limited,1,0,1,0.9599,seasonal_manipulation,609,0.7987,24.11,22.75,8.21
company_09881,Karan Retail 118 LLP,0,0,0,0.0947,None,757,1.6535,5.11,3.54,3.06
company_09882,Ganesh Infrastructure 728 Private Limited,1,0,1,0.6229,shell_company,632,1.1911,40.65,21.09,5.73
company_09883,Navrachana Chemicals 566 Partnership Firm,0,0,0,0.3007,None,713,1.6487,3.57,3.87,3.21
company_09884,Ambika Automotive 953 Private Limited,0,0,0,0.3129,None,784,1.3588,2.25,5.8,3.35
company_09885,Hindustan Textiles 403 LLP,0,0,0,0.235,None,789,1.5441,5.84,3.54,1.42
company_09886,Tejas Retail 633 LLP,0,0,0,0.1561,None,837,2.1201,4.25,4.56,2.64
company_09887,Zenith Pharma 930 Partnership Firm,0,0,0,0.1551,None,766,1.5994,6.41,4.43,2.7
company_09888,Vanguard Foods 371 Partnership Firm,0,0,0,0.0242,None,735,1.3865,2.53,2.76,1.22
company_09889,Zenith Enterprises 975 Private Limited,0,0,0,0.2954,None,687,1.5039,4.79,12.54,2.14
company_09890,Bharat Builders 255 Private Limited,1,0,1,0.941,revenue_inflation,697,1.0012,49.38,44.72,7.67
company_09891,Ambika Logistics 290 LLP,1,0,1,0.927,seasonal_manipulation,702,0.5519,60.32,13.34,9.29
company_09892,Matrix Energy 538 Private Limited,0,0,0,0.0604,None,732,1.6325,4.18,3.52,2.91
company_09893,Radhe Builders 790 LLP,0,0,0,0.2395,None,692,1.7565,4.8,3.01,1.84
company_09894,Ganesh Infrastructure 615 Partnership Firm,0,0,0,0.0579,None,809,1.9358,3.16,6.75,1.84
company_09895,Navrachana Foods 398 Private Limited,0,0,0,0.2745,None,736,1.7801,3.43,4.52,3.17
company_09896,Ganesh Solutions 806 Private Limited,0,1,1,0.6559,evergreening,728,1.1985,3.45,2.99,1.8
company_09897,Radhe Energy 534 Private Limited,0,0,0,0.1147,None,820,1.6903,5.52,4.13,2.44
company_09898,Kalyani Retail 995 Partnership Firm,1,0,1,0.5951,benami_siphoning,674,1.2666,17.98,24.66,3.73
company_09899,Matrix Energy 486 LLP,0,0,0,0.3104,None,724,1.4219,8.79,5.87,2.27
company_09900,Apex Enterprises 607 LLP,0,0,0,0.3382,None,779,1.311,6.7,6.41,1.31
company_09901,Sterling Renewables 120 Private Limited,0,0,0,0.202,None,732,1.0504,4.83,5.5,2.16
company_09902,Navrachana Pharma 685 Partnership Firm,0,0,0,0.2405,None,765,2.6679,1.59,1.92,1.47
company_09903,Matrix Infrastructure 448 LLP,0,0,0,0.1468,None,776,1.9897,8.53,4.63,1.2
company_09904,Zenith Energy 499 Partnership Firm,0,0,0,0.0659,None,785,0.8115,3.64,3.56,1.32
company_09905,Zenith Chemicals 981 Private Limited,0,0,0,0.2484,None,814,1.3051,3.16,2.32,0.04
company_09906,Delta Textiles 784 LLP,0,0,0,0.1966,None,708,1.5949,3.73,4.17,3.99
company_09907,Bhaskar Logistics 611 Partnership Firm,0,0,0,0.1037,None,774,2.3027,3.27,2.63,0.93
company_09908,Apex Power 128 LLP,0,0,0,0.2399,None,786,1.6506,7.28,4.47,0.85
company_09909,Radhe Enterprises 462 LLP,1,0,1,0.7056,shell_company,532,0.1,40.33,18.31,4.85
company_09910,Bhaskar Retail 146 Private Limited,0,0,0,0.1948,None,719,1.1539,6.35,4.95,2.24
company_09911,Arogya Infrastructure 297 LLP,0,0,0,0.0118,None,676,1.9247,4.64,7.06,4.85
company_09912,Vidya Renewables 658 Private Limited,0,0,0,0.0105,None,692,1.3207,7.26,3.35,3.19
company_09913,Kalyani Infrastructure 783 Partnership Firm,0,0,0,0.3008,None,864,1.939,7.48,3.87,1.29
company_09914,Hindustan Industries 693 Partnership Firm,0,0,0,0.2712,None,808,1.8644,2.83,4.06,1.13
company_09915,Tejas Retail 879 Partnership Firm,0,0,0,0.1399,None,752,1.0472,5.72,4.27,2.0
company_09916,Navrachana Industries 648 Private Limited,0,0,0,0.2411,None,763,1.6828,4.98,4.92,1.65
company_09917,Bharat Infrastructure 966 Partnership Firm,0,0,0,0.1514,None,749,1.3221,4.83,3.36,1.08
company_09918,Bharat Industries 564 LLP,0,0,0,0.3126,None,774,1.6507,3.09,3.09,1.38
company_09919,Karan Pharma 479 LLP,0,0,0,0.1751,None,761,1.1634,3.02,7.06,1.38
company_09920,Navrachana Chemicals 276 LLP,0,0,0,0.0782,None,698,1.8873,8.57,3.94,3.19
company_09921,Karan Infrastructure 528 Private Limited,1,0,1,0.8999,revenue_inflation,687,1.0742,45.08,28.61,7.53
company_09922,Kalyani Renewables 398 Private Limited,0,0,0,0.0695,None,785,1.3549,4.83,3.49,0.9
company_09923,Bharat Solutions 149 Private Limited,0,0,0,0.2637,None,806,1.4151,3.77,3.14,1.97
company_09924,Aditya Enterprises 909 Private Limited,0,0,0,0.1199,None,856,1.1253,5.49,3.54,0.55
company_09925,Surya Infotech 752 LLP,0,0,0,0.0274,None,765,1.0469,6.22,2.82,2.11
company_09926,Hindustan Pharma 602 LLP,0,0,0,0.0164,None,789,1.4703,2.24,2.54,0.89
company_09927,Hindustan Infrastructure 531 LLP,0,0,0,0.1541,None,793,1.5667,3.57,3.67,1.37
company_09928,Tejas Pharma 460 Private Limited,0,0,0,0.1309,None,752,1.7065,3.57,3.29,2.99
company_09929,Arogya Infrastructure 355 Partnership Firm,0,0,0,0.2765,None,747,1.2281,3.79,6.92,1.68
company_09930,Apex Automotive 656 Private Limited,0,0,0,0.0731,None,713,1.1908,2.21,7.25,3.21
company_09931,Infinity Pharma 572 LLP,1,0,1,0.6733,shell_company,520,2.0289,35.73,37.1,4.59
company_09932,Tejas Metals 112 Private Limited,0,0,0,0.0418,None,741,1.2371,7.82,3.51,2.29
company_09933,Aditya Foods 886 LLP,0,0,0,0.2606,None,766,1.1882,2.41,3.38,1.13
company_09934,Ambika Textiles 399 LLP,0,0,0,0.3392,None,708,1.8643,4.98,3.24,3.05
company_09935,Ambika Pharma 267 Private Limited,0,0,0,0.0571,None,810,1.9274,3.71,2.93,1.27
company_09936,Navrachana Builders 323 Private Limited,0,0,0,0.0626,None,782,1.0648,3.83,6.25,2.51
company_09937,Arogya Retail 121 Partnership Firm,1,0,1,0.857,evergreening,635,0.7594,50.0,13.84,17.2
company_09938,Radhe Automotive 378 Private Limited,0,0,0,0.1276,None,788,1.4437,3.08,4.04,0.36
company_09939,Infinity Foods 326 Private Limited,1,0,1,0.9632,revenue_inflation,669,1.7271,50.31,55.53,7.97
company_09940,Karan Energy 786 Private Limited,0,0,0,0.23,None,727,1.0034,5.81,5.87,2.45
company_09941,Vidya Retail 984 Partnership Firm,0,0,0,0.0576,None,724,0.9903,2.34,3.49,3.64
company_09942,Ambika Builders 592 Private Limited,0,1,1,0.5952,evergreening,735,1.3696,3.13,5.86,2.04
company_09943,Ganesh Solutions 887 LLP,0,0,0,0.2438,None,739,0.9475,5.24,3.95,1.85
company_09944,Surya Energy 388 Private Limited,0,0,0,0.1248,None,718,2.2293,3.96,4.45,2.03
company_09945,Infinity Infotech 226 LLP,0,0,0,0.2684,None,750,1.2934,5.35,3.48,5.2
company_09946,Urja Chemicals 853 Partnership Firm,0,0,0,0.0414,None,852,1.8826,2.7,3.13,2.33
company_09947,Aditya Infrastructure 417 LLP,0,0,0,0.2944,None,732,1.6233,11.44,4.04,1.88
company_09948,Karan Metals 159 LLP,0,0,0,0.0247,None,731,1.6965,1.37,2.72,1.69
company_09949,Vanguard Automotive 803 Partnership Firm,0,0,0,0.2208,None,755,2.2623,10.66,4.33,4.58
company_09950,Shivam Energy 678 Partnership Firm,0,0,0,0.0602,None,796,1.586,2.62,3.43,1.1
company_09951,Shivam Solutions 219 Partnership Firm,0,0,0,0.3338,None,736,1.2666,4.85,3.76,1.84
company_09952,Zenith Renewables 146 LLP,0,0,0,0.0592,None,720,1.6074,2.89,2.73,3.03
company_09953,Ganesh Enterprises 898 Private Limited,0,0,0,0.1589,None,790,1.5665,3.77,3.78,1.46
company_09954,Sterling Textiles 622 Private Limited,0,0,0,0.2646,None,756,1.6418,7.92,4.11,2.96
company_09955,Kalyani Metals 506 Private Limited,0,0,0,0.1187,None,734,1.1529,4.85,4.33,1.1
company_09956,Infinity Metals 891 Private Limited,0,0,0,0.0474,None,713,1.3857,3.49,3.75,1.66
company_09957,Infinity Retail 919 Partnership Firm,1,0,1,0.8782,circular_trading,619,0.4847,36.5,39.0,9.7
company_09958,Matrix Retail 638 LLP,1,0,1,0.9534,benami_siphoning,672,1.308,15.68,44.19,11.29
company_09959,Shivam Pharma 898 Partnership Firm,0,0,0,0.3093,None,669,1.0225,4.03,3.06,4.38
company_09960,Bharat Power 834 Private Limited,0,0,0,0.0472,None,757,1.4336,3.14,5.61,0.68
company_09961,Karan Automotive 952 Partnership Firm,0,0,0,0.015,None,790,1.544,4.02,3.81,2.32
company_09962,Hindustan Pharma 745 Private Limited,0,0,0,0.154,None,704,1.3699,4.08,3.39,5.15
company_09963,Matrix Infotech 837 LLP,0,0,0,0.2372,None,780,1.4854,5.65,3.82,2.2
company_09964,Bharat Industries 754 Private Limited,0,0,0,0.3277,None,743,1.9292,4.53,4.71,2.49
company_09965,Matrix Pharma 580 Partnership Firm,0,0,0,0.0196,None,782,1.597,5.55,7.04,1.06
company_09966,Arogya Energy 535 Private Limited,0,0,0,0.264,None,737,1.5845,4.42,4.23,1.7
company_09967,Matrix Infotech 592 LLP,0,1,1,0.5323,revenue_inflation,808,1.2489,3.57,3.05,4.73
company_09968,Infinity Infotech 517 Private Limited,0,0,0,0.0956,None,750,2.1801,4.65,3.73,2.47
company_09969,Ambika Logistics 381 LLP,0,0,0,0.1327,None,703,3.1845,3.09,4.28,3.49
company_09970,Karan Solutions 688 Partnership Firm,0,0,0,0.1285,None,715,1.8445,7.14,4.91,1.71
company_09971,Kalyani Retail 302 LLP,0,0,0,0.3439,None,786,1.0418,4.32,3.28,1.95
company_09972,Aditya Industries 185 Private Limited,1,0,1,0.8767,shell_company,495,0.9041,35.28,52.62,7.01
company_09973,Bharat Chemicals 450 Partnership Firm,0,0,0,0.1562,None,717,0.9396,1.98,2.59,2.15
company_09974,Vidya Automotive 412 LLP,0,0,0,0.3126,None,816,2.3913,4.96,3.5,2.8
company_09975,Karan Infrastructure 629 Private Limited,0,1,1,0.4647,evergreening,691,1.7618,3.66,4.05,2.61
company_09976,Navrachana Builders 802 LLP,0,0,0,0.139,None,757,1.3812,3.74,5.21,2.14
company_09977,Arogya Power 878 Partnership Firm,1,0,1,0.8979,evergreening,663,0.5746,15.31,16.37,20.06
company_09978,Ambika Renewables 256 LLP,0,0,0,0.1022,None,729,1.7277,7.62,4.14,4.01
company_09979,Bhaskar Infotech 155 Partnership Firm,0,0,0,0.2938,None,806,1.4384,3.87,3.1,0.66
company_09980,Vanguard Foods 768 Private Limited,0,0,0,0.0476,None,742,1.4197,3.38,4.48,3.09
company_09981,Surya Chemicals 684 Private Limited,0,0,0,0.3069,None,786,0.767,4.57,3.37,2.4
company_09982,Hindustan Automotive 554 Partnership Firm,1,0,1,0.9475,revenue_inflation,660,1.0556,42.26,34.35,9.8
company_09983,Radhe Chemicals 362 Private Limited,0,0,0,0.2483,None,770,2.0561,3.41,2.89,1.39
company_09984,Hindustan Infotech 213 LLP,0,0,0,0.1223,None,724,1.6922,5.91,3.58,4.79
company_09985,Karan Pharma 858 Partnership Firm,0,0,0,0.2619,None,732,1.9612,2.45,4.0,2.04
company_09986,Arogya Enterprises 833 Partnership Firm,0,0,0,0.1838,None,771,1.8385,4.18,3.29,3.82
company_09987,Bharat Builders 588 Private Limited,0,0,0,0.2468,None,640,1.6283,3.72,4.4,3.21
company_09988,Delta Textiles 327 Partnership Firm,0,0,0,0.0906,None,705,1.4041,4.8,4.47,1.96
company_09989,Ambika Pharma 387 Partnership Firm,0,0,0,0.0506,None,687,1.6319,5.32,4.08,3.02
company_09990,Navrachana Industries 506 LLP,1,0,1,0.6697,benami_siphoning,598,0.9584,9.27,25.81,5.21
company_09991,Shivam Pharma 240 LLP,0,0,0,0.1651,None,797,1.0522,6.03,3.26,2.95
company_09992,Bhaskar Power 494 LLP,0,0,0,0.2797,None,721,1.4661,3.99,4.15,1.71
company_09993,Bharat Energy 370 Private Limited,0,0,0,0.2708,None,713,1.7008,5.0,8.43,2.19
company_09994,Ambika Solutions 303 Partnership Firm,0,1,1,0.7268,evergreening,795,1.3009,3.43,4.44,2.28
company_09995,Arogya Energy 484 Partnership Firm,0,0,0,0.0695,None,737,1.1244,2.83,2.56,2.2
company_09996,Matrix Foods 936 LLP,0,0,0,0.2421,None,768,1.9028,3.88,5.05,1.48
company_09997,Hindustan Healthcare 876 Partnership Firm,0,0,0,0.0141,None,742,1.3727,2.65,3.65,4.44
company_09998,Vidya Power 537 Private Limited,1,0,1,0.6479,evergreening,624,0.6506,10.15,20.0,11.24
company_09999,Bharat Energy 404 LLP,1,0,1,0.9645,evergreening,671,0.8311,19.01,15.69,14.28
company_10000,Aditya Renewables 937 Private Limited,0,0,0,0.0677,None,669,1.8548,3.01,2.52,2.57
